age,conference,match_id,start,home_id,away_id,home_team,away_team,home_score,away_score
U13,Florida,26029,2026-09-05T13:00Z,5747,5945,South Florida Football Academy,Athletum FC Academy,0,1
U13,Florida,26011,2026-09-05T14:00Z,5981,6136,Orlando City Soccer School South,Tampa Bay United,2,2
U13,Florida,26001,2026-09-05T17:00Z,5972,5843,Miami Futbol Academy Rush,West Florida Flames,4,0
U13,Florida,26023,2026-09-05T20:00Z,5733,10480,Sol SC Florida,One FC,1,2
U13,Florida,26202,2026-09-06T16:00Z,1864,5780,Inter Miami CF,IMG,10,0
U13,Florida,26391,2026-09-12T15:00Z,5780,5733,IMG,Sol SC Florida,1,5
U13,Florida,26406,2026-09-12T16:00Z,5981,5747,Orlando City Soccer School South,South Florida Football Academy,1,8
U13,Florida,26424,2026-09-12T17:00Z,5710,5781,Weston FC,Seminole United,3,1
U13,Florida,26400,2026-09-12T18:30Z,10480,5809,One FC,Jacksonville FC,4,0
U13,Florida,26600,2026-09-13T14:00Z,5981,6221,Orlando City Soccer School South,Orlando City SC,0,9
U13,Florida,26598,2026-09-19T15:00Z,1864,5972,Inter Miami CF,Miami Futbol Academy Rush,3,1
U13,Florida,26826,2026-09-19T15:00Z,5945,5747,Athletum FC Academy,South Florida Football Academy,1,2
U13,Florida,26850,2026-09-19T18:00Z,5733,5843,Sol SC Florida,West Florida Flames,3,0
U13,Florida,26832,2026-09-19T18:30Z,5809,5981,Jacksonville FC,Orlando City Soccer School South,1,4
U13,Florida,26838,2026-09-19T18:45Z,10480,5710,One FC,Weston FC,3,3
U13,Florida,26844,2026-09-19T20:00Z,5781,5780,Seminole United,IMG,0,2
U13,Florida,27086,2026-09-20T16:00Z,6221,5710,Orlando City SC,Weston FC,5,1
U13,Florida,27282,2026-09-26T13:00Z,5747,5972,South Florida Football Academy,Miami Futbol Academy Rush,0,2
U13,Florida,34517,2026-09-26T15:00Z,6221,1864,Orlando City SC,Inter Miami CF,5,0
U13,Florida,27270,2026-09-26T16:00Z,5981,5945,Orlando City Soccer School South,Athletum FC Academy,1,6
U13,Florida,27288,2026-09-26T16:00Z,5843,5809,West Florida Flames,Jacksonville FC,2,4
U13,Florida,27262,2026-09-26T17:00Z,5780,6136,IMG,Tampa Bay United,1,3
U13,Florida,27294,2026-09-26T17:00Z,5710,5733,Weston FC,Sol SC Florida,0,3
U13,Florida,27505,2026-09-27T14:00Z,6221,5781,Orlando City SC,Seminole United,16,1
U13,Florida,27503,2026-09-27T18:00Z,5951,1864,IdeaSport SA,Inter Miami CF,1,3
U13,Florida,34193,2026-10-03T15:00Z,5945,5843,Athletum FC Academy,West Florida Flames,,
U13,Florida,27696,2026-10-03T18:30Z,5809,5710,Jacksonville FC,Weston FC,,
U13,Florida,27712,2026-10-03T20:00Z,5981,5972,Orlando City Soccer School South,Miami Futbol Academy Rush,,
U13,Florida,27702,2026-10-03T20:30Z,10480,5780,One FC,IMG,,
U13,Florida,27686,2026-10-03T22:00Z,5733,5951,Sol SC Florida,IdeaSport SA,,
U13,Florida,28255,2026-10-07T22:00Z,6221,5981,Orlando City SC,Orlando City Soccer School South,,
U13,Florida,34225,2026-10-10T19:00Z,5747,10480,South Florida Football Academy,One FC,,
U13,Florida,29583,2026-10-11T20:00Z,5733,5809,Sol SC Florida,Jacksonville FC,,
U13,Florida,31422,2026-10-17T13:00Z,1864,10480,Inter Miami CF,One FC,,
U13,Florida,28235,2026-10-17T18:30Z,5945,5809,Athletum FC Academy,Jacksonville FC,,
U13,Florida,28267,2026-10-17T19:00Z,5843,5951,West Florida Flames,IdeaSport SA,,
U13,Florida,28241,2026-10-17T20:00Z,5780,5710,IMG,Weston FC,,
U13,Florida,28247,2026-10-17T20:30Z,5972,5733,Miami Futbol Academy Rush,Sol SC Florida,,
U13,Florida,28489,2026-10-18T13:00Z,1864,5747,Inter Miami CF,South Florida Football Academy,,
U13,Florida,31780,2026-10-18T17:00Z,5780,5981,IMG,Orlando City Soccer School South,,
U13,Florida,31802,2026-10-18T17:00Z,5843,5710,West Florida Flames,Weston FC,,
U13,Florida,28261,2026-10-18T20:00Z,5781,6136,Seminole United,Tampa Bay United,,
U13,Florida,27944,2026-10-24T15:00Z,1864,5843,Inter Miami CF,West Florida Flames,,
U13,Florida,28745,2026-10-24T15:00Z,6136,6221,Tampa Bay United,Orlando City SC,,
U13,Florida,28733,2026-10-24T16:30Z,5809,5972,Jacksonville FC,Miami Futbol Academy Rush,,
U13,Florida,28739,2026-10-24T17:00Z,5747,5781,South Florida Football Academy,Seminole United,,
U13,Florida,28747,2026-10-24T17:00Z,5710,5981,Weston FC,Orlando City Soccer School South,,
U13,Florida,28723,2026-10-24T18:00Z,5951,5945,IdeaSport SA,Athletum FC Academy,,
U13,Florida,29197,2026-10-31T16:00Z,5710,5945,Weston FC,Athletum FC Academy,,
U13,Florida,29191,2026-10-31T17:00Z,5843,5747,West Florida Flames,South Florida Football Academy,,
U13,Florida,29179,2026-10-31T18:00Z,5733,5781,Sol SC Florida,Seminole United,,
U13,Florida,29167,2026-10-31T19:00Z,5780,5951,IMG,IdeaSport SA,,
U13,Florida,29173,2026-10-31T19:00Z,5972,10480,Miami Futbol Academy Rush,One FC,,
U13,Florida,31078,2026-11-01T15:00Z,5843,5780,West Florida Flames,IMG,,
U13,Florida,30766,2026-11-01T17:00Z,10480,6221,One FC,Orlando City SC,,
U13,Florida,29185,2026-11-01T18:00Z,6136,5809,Tampa Bay United,Jacksonville FC,,
U13,Florida,29565,2026-11-07T17:00Z,5945,6136,Athletum FC Academy,Tampa Bay United,,
U13,Florida,29571,2026-11-07T17:00Z,5951,10480,IdeaSport SA,One FC,,
U13,Florida,29807,2026-11-08T19:00Z,5780,1864,IMG,Inter Miami CF,,
U13,Florida,29809,2026-11-08T19:45Z,5972,6221,Miami Futbol Academy Rush,Orlando City SC,,
U13,Florida,30004,2026-11-13T23:00Z,1864,5710,Inter Miami CF,Weston FC,,
U13,Florida,32092,2026-11-14T16:00Z,5981,5781,Orlando City Soccer School South,Seminole United,,
U13,Florida,30028,2026-11-14T18:00Z,5843,6136,West Florida Flames,Tampa Bay United,,
U13,Florida,30010,2026-11-14T19:30Z,5809,5945,Jacksonville FC,Athletum FC Academy,,
U13,Florida,30016,2026-11-14T23:00Z,10480,5733,One FC,Sol SC Florida,,
U13,Florida,29595,2026-11-15T18:00Z,5710,5780,Weston FC,IMG,,
U13,Florida,29998,2026-11-15T19:00Z,5951,5747,IdeaSport SA,South Florida Football Academy,,
U13,Florida,26017,2026-11-15T21:30Z,5809,5781,Jacksonville FC,Seminole United,,
U13,Florida,30496,2026-11-21T14:00Z,5747,5710,South Florida Football Academy,Weston FC,,
U13,Florida,30470,2026-11-21T15:00Z,5951,5843,IdeaSport SA,West Florida Flames,,
U13,Florida,30464,2026-11-21T16:00Z,5945,5780,Athletum FC Academy,IMG,,
U13,Florida,30482,2026-11-21T17:00Z,6221,6136,Orlando City SC,Tampa Bay United,,
U13,Florida,30476,2026-11-21T19:30Z,10480,5781,One FC,Seminole United,,
U13,Florida,30484,2026-11-21T20:00Z,5981,5809,Orlando City Soccer School South,Jacksonville FC,,
U13,Florida,30490,2026-11-21T21:30Z,5733,5972,Sol SC Florida,Miami Futbol Academy Rush,,
U13,Florida,32317,2026-11-22T17:00Z,1864,5781,Inter Miami CF,Seminole United,,
U13,Florida,29589,2026-12-19T18:00Z,5747,5981,South Florida Football Academy,Orlando City Soccer School South,,
U13,Florida,30948,2027-01-09,5972,5981,Miami Futbol Academy Rush,Orlando City Soccer School South,,
U13,Florida,30958,2027-01-09,5747,5951,South Florida Football Academy,IdeaSport SA,,
U13,Florida,30964,2027-01-09T18:00Z,5710,6136,Weston FC,Tampa Bay United,,
U13,Florida,31048,2027-01-16,5951,5710,IdeaSport SA,Weston FC,,
U13,Florida,31054,2027-01-16,10480,5945,One FC,Athletum FC Academy,,
U13,Florida,31064,2027-01-16,5981,1864,Orlando City Soccer School South,Inter Miami CF,,
U13,Florida,31066,2027-01-16,5781,5972,Seminole United,Miami Futbol Academy Rush,,
U13,Florida,31072,2027-01-16,6136,5733,Tampa Bay United,Sol SC Florida,,
U13,Florida,31167,2027-01-17,5945,1864,Athletum FC Academy,Inter Miami CF,,
U13,Florida,31169,2027-01-17,5951,6221,IdeaSport SA,Orlando City SC,,
U13,Florida,31223,2027-01-23,5945,5781,Athletum FC Academy,Seminole United,,
U13,Florida,31239,2027-01-23,6221,5780,Orlando City SC,IMG,,
U13,Florida,31241,2027-01-23,5747,6136,South Florida Football Academy,Tampa Bay United,,
U13,Florida,31253,2027-01-23T15:00Z,5710,5972,Weston FC,Miami Futbol Academy Rush,,
U13,Florida,31233,2027-01-23T19:30Z,5809,5733,Jacksonville FC,Sol SC Florida,,
U13,Florida,31247,2027-01-23T22:00Z,5843,10480,West Florida Flames,One FC,,
U13,Florida,31364,2027-01-24,5747,6221,South Florida Football Academy,Orlando City SC,,
U13,Florida,31424,2027-01-30,5972,5945,Miami Futbol Academy Rush,Athletum FC Academy,,
U13,Florida,31436,2027-01-30,5781,5710,Seminole United,Weston FC,,
U13,Florida,28253,2027-01-30T14:00Z,10480,1864,One FC,Inter Miami CF,,
U13,Florida,31442,2027-01-30T18:00Z,5733,5747,Sol SC Florida,South Florida Football Academy,,
U13,Florida,31448,2027-01-30T18:00Z,6136,5843,Tampa Bay United,West Florida Flames,,
U13,Florida,31416,2027-01-30T19:00Z,5780,5809,IMG,Jacksonville FC,,
U13,Florida,31560,2027-01-31,6221,5843,Orlando City SC,West Florida Flames,,
U13,Florida,31430,2027-01-31T15:00Z,5981,5951,Orlando City Soccer School South,IdeaSport SA,,
U13,Florida,31612,2027-02-06,5951,6136,IdeaSport SA,Tampa Bay United,,
U13,Florida,31624,2027-02-06T14:00Z,5733,5981,Sol SC Florida,Orlando City Soccer School South,,
U13,Florida,31606,2027-02-06T19:00Z,5780,5781,IMG,Seminole United,,
U13,Florida,31618,2027-02-06T21:30Z,5809,10480,Jacksonville FC,One FC,,
U13,Florida,31630,2027-02-06T22:00Z,5843,5972,West Florida Flames,Miami Futbol Academy Rush,,
U13,Florida,31738,2027-02-07,6221,5945,Orlando City SC,Athletum FC Academy,,
U13,Florida,31740,2027-02-07T17:00Z,5733,1864,Sol SC Florida,Inter Miami CF,,
U13,Florida,34213,2027-02-07T17:00Z,5981,5710,Orlando City Soccer School South,Weston FC,,
U13,Florida,33778,2027-02-07T20:00Z,5780,5972,IMG,Miami Futbol Academy Rush,,
U13,Florida,31636,2027-02-11T00:30Z,5710,1864,Weston FC,Inter Miami CF,,
U13,Florida,31790,2027-02-13,5972,5951,Miami Futbol Academy Rush,IdeaSport SA,,
U13,Florida,31796,2027-02-13T18:00Z,5747,5809,South Florida Football Academy,Jacksonville FC,,
U13,Florida,31984,2027-02-14,5780,6221,IMG,Orlando City SC,,
U13,Florida,32076,2027-02-20,5951,5809,IdeaSport SA,Jacksonville FC,,
U13,Florida,32082,2027-02-20,10480,6136,One FC,Tampa Bay United,,
U13,Florida,30022,2027-02-20T20:00Z,5781,5981,Seminole United,Orlando City Soccer School South,,
U13,Florida,32098,2027-02-20T21:00Z,5733,5945,Sol SC Florida,Athletum FC Academy,,
U13,Florida,30768,2027-02-21T20:00Z,5781,1864,Seminole United,Inter Miami CF,,
U13,Florida,32499,2027-02-27,5945,10480,Athletum FC Academy,One FC,,
U13,Florida,32511,2027-02-27,5972,5747,Miami Futbol Academy Rush,South Florida Football Academy,,
U13,Florida,32520,2027-02-27,5781,5733,Seminole United,Sol SC Florida,,
U13,Florida,32526,2027-02-27,6136,5981,Tampa Bay United,Orlando City Soccer School South,,
U13,Florida,28994,2027-02-27T17:30Z,5809,6221,Jacksonville FC,Orlando City SC,,
U13,Florida,32505,2027-02-27T18:00Z,5780,5843,IMG,West Florida Flames,,
U13,Florida,32532,2027-02-27T18:00Z,5710,5951,Weston FC,IdeaSport SA,,
U13,Florida,32745,2027-02-28,1864,5809,Inter Miami CF,Jacksonville FC,,
U13,Florida,32747,2027-02-28,5733,6221,Sol SC Florida,Orlando City SC,,
U13,Florida,27276,2027-02-28T22:00Z,5781,10480,Seminole United,One FC,,
U13,Florida,32945,2027-03-06,5951,5981,IdeaSport SA,Orlando City Soccer School South,,
U13,Florida,32951,2027-03-06,1864,5733,Inter Miami CF,Sol SC Florida,,
U13,Florida,32953,2027-03-06,5972,5710,Miami Futbol Academy Rush,Weston FC,,
U13,Florida,32963,2027-03-06,6136,5747,Tampa Bay United,South Florida Football Academy,,
U13,Florida,32969,2027-03-06T20:00Z,5843,5781,West Florida Flames,Seminole United,,
U13,Florida,32939,2027-03-06T21:00Z,5780,10480,IMG,One FC,,
U13,Florida,33174,2027-03-07,5972,1864,Miami Futbol Academy Rush,Inter Miami CF,,
U13,Florida,30942,2027-03-07T21:30Z,5809,5780,Jacksonville FC,IMG,,
U13,Florida,33372,2027-03-13,5945,5710,Athletum FC Academy,Weston FC,,
U13,Florida,33382,2027-03-13,10480,5972,One FC,Miami Futbol Academy Rush,,
U13,Florida,33388,2027-03-13,6221,5809,Orlando City SC,Jacksonville FC,,
U13,Florida,33396,2027-03-13,5951,5733,IdeaSport SA,Sol SC Florida,,
U13,Florida,33402,2027-03-13,5747,5780,South Florida Football Academy,IMG,,
U13,Florida,33390,2027-03-13T16:00Z,5981,5843,Orlando City Soccer School South,West Florida Flames,,
U13,Florida,33604,2027-03-14,5843,6221,West Florida Flames,Orlando City SC,,
U13,Florida,33784,2027-03-20,5951,5781,IdeaSport SA,Seminole United,,
U13,Florida,33790,2027-03-20,10480,5981,One FC,Orlando City Soccer School South,,
U13,Florida,33796,2027-03-20,6136,5945,Tampa Bay United,Athletum FC Academy,,
U13,Florida,33808,2027-03-20T13:00Z,5710,5747,Weston FC,South Florida Football Academy,,
U13,Florida,33802,2027-03-20T18:00Z,5843,5733,West Florida Flames,Sol SC Florida,,
U13,Florida,34011,2027-03-21,5809,1864,Jacksonville FC,Inter Miami CF,,
U13,Florida,34013,2027-03-21,6221,5747,Orlando City SC,South Florida Football Academy,,
U13,Florida,34199,2027-03-27,1864,5951,Inter Miami CF,IdeaSport SA,,
U13,Florida,34201,2027-03-27,5809,6136,Jacksonville FC,Tampa Bay United,,
U13,Florida,34207,2027-03-27,5972,5781,Miami Futbol Academy Rush,Seminole United,,
U13,Florida,34219,2027-03-27,5733,5780,Sol SC Florida,IMG,,
U13,Florida,34499,2027-04-03,5945,5733,Athletum FC Academy,Sol SC Florida,,
U13,Florida,34505,2027-04-03,5780,5747,IMG,South Florida Football Academy,,
U13,Florida,34511,2027-04-03,5972,5809,Miami Futbol Academy Rush,Jacksonville FC,,
U13,Florida,34519,2027-04-03,5781,5951,Seminole United,IdeaSport SA,,
U13,Florida,34525,2027-04-03,6136,10480,Tampa Bay United,One FC,,
U13,Florida,27268,2027-04-03T10:00Z,1864,6221,Inter Miami CF,Orlando City SC,,
U13,Florida,34531,2027-04-03T15:00Z,5843,5981,West Florida Flames,Orlando City Soccer School South,,
U13,Florida,34761,2027-04-04,1864,5945,Inter Miami CF,Athletum FC Academy,,
U13,Florida,34763,2027-04-04,5710,6221,Weston FC,Orlando City SC,,
U13,Florida,34945,2027-04-10,5945,5951,Athletum FC Academy,IdeaSport SA,,
U13,Florida,34951,2027-04-10,5781,5809,Seminole United,Jacksonville FC,,
U13,Florida,34957,2027-04-10,10480,5747,One FC,South Florida Football Academy,,
U13,Florida,34969,2027-04-10,5733,6136,Sol SC Florida,Tampa Bay United,,
U13,Florida,34963,2027-04-10T15:00Z,5981,5780,Orlando City Soccer School South,IMG,,
U13,Florida,34975,2027-04-10T17:00Z,5710,5843,Weston FC,West Florida Flames,,
U13,Florida,32104,2027-04-11T13:00Z,5747,5843,South Florida Football Academy,West Florida Flames,,
U13,Florida,35341,2027-04-17,5780,5945,IMG,Athletum FC Academy,,
U13,Florida,35347,2027-04-17,5951,5972,IdeaSport SA,Miami Futbol Academy Rush,,
U13,Florida,35359,2027-04-17,5747,5733,South Florida Football Academy,Sol SC Florida,,
U13,Florida,35365,2027-04-17,6136,5781,Tampa Bay United,Seminole United,,
U13,Florida,35371,2027-04-17T16:00Z,5710,5809,Weston FC,Jacksonville FC,,
U13,Florida,35353,2027-04-17T20:00Z,5981,10480,Orlando City Soccer School South,One FC,,
U13,Florida,35623,2027-04-18,6136,1864,Tampa Bay United,Inter Miami CF,,
U13,Florida,35802,2027-04-24,5945,5981,Athletum FC Academy,Orlando City Soccer School South,,
U13,Florida,35808,2027-04-24,5809,5843,Jacksonville FC,West Florida Flames,,
U13,Florida,35814,2027-04-24,5972,5780,Miami Futbol Academy Rush,IMG,,
U13,Florida,35820,2027-04-24,10480,5951,One FC,IdeaSport SA,,
U13,Florida,35826,2027-04-24,5781,5747,Seminole United,South Florida Football Academy,,
U13,Florida,35832,2027-04-24,6136,5710,Tampa Bay United,Weston FC,,
U13,Florida,36016,2027-04-25,6221,5733,Orlando City SC,Sol SC Florida,,
U13,Florida,36213,2027-05-01,6221,10480,Orlando City SC,One FC,,
U13,Florida,36215,2027-05-01T16:00Z,5843,1864,West Florida Flames,Inter Miami CF,,
U13,Florida,36238,2027-05-02,1864,6136,Inter Miami CF,Tampa Bay United,,
U13,Florida,36240,2027-05-02,6221,5972,Orlando City SC,Miami Futbol Academy Rush,,
U13,Florida,36268,2027-05-08,5945,5972,Athletum FC Academy,Miami Futbol Academy Rush,,
U13,Florida,36274,2027-05-08,5809,5951,Jacksonville FC,IdeaSport SA,,
U13,Florida,36286,2027-05-08,5781,6221,Seminole United,Orlando City SC,,
U13,Florida,36288,2027-05-08,5747,1864,South Florida Football Academy,Inter Miami CF,,
U13,Florida,36290,2027-05-08,6136,5780,Tampa Bay United,IMG,,
U13,Florida,36280,2027-05-08T14:00Z,5981,5733,Orlando City Soccer School South,Sol SC Florida,,
U13,Florida,36296,2027-05-08T14:00Z,5710,10480,Weston FC,One FC,,
U13,Florida,36624,2027-05-15,5951,5780,IdeaSport SA,IMG,,
U13,Florida,36630,2027-05-15,5809,5747,Jacksonville FC,South Florida Football Academy,,
U13,Florida,36636,2027-05-15,5972,6136,Miami Futbol Academy Rush,Tampa Bay United,,
U13,Florida,36642,2027-05-15,10480,5843,One FC,West Florida Flames,,
U13,Florida,36648,2027-05-15,5781,5945,Seminole United,Athletum FC Academy,,
U13,Florida,36654,2027-05-15T16:00Z,5733,5710,Sol SC Florida,Weston FC,,
U13,Florida,36806,2027-05-16,5945,6221,Athletum FC Academy,Orlando City SC,,
U13,Florida,36808,2027-05-16,1864,5981,Inter Miami CF,Orlando City Soccer School South,,
U13,Florida,26412,2027-06-08T17:00Z,6136,5972,Tampa Bay United,Miami Futbol Academy Rush,,
U13,Florida,26418,2027-06-08T18:00Z,5843,5945,West Florida Flames,Athletum FC Academy,0,3
U13,Florida,26856,2027-06-08T19:00Z,6136,5951,Tampa Bay United,IdeaSport SA,,
U13,Florida,29395,2027-06-08T20:00Z,6221,5951,Orlando City SC,IdeaSport SA,,
U13,Florida,29577,2027-06-08T20:00Z,5781,5843,Seminole United,West Florida Flames,,
U13,Frontier,30048,2026-09-05T15:00Z,6513,9663,Real Salt Lake,ALBION SC Colorado,3,0
U13,Frontier,26430,2026-09-12T15:00Z,6194,7148,Austin FC,AC River,5,2
U13,Frontier,26447,2026-09-12T15:30Z,10481,6152,SGA,Dallas Hornets,3,2
U13,Frontier,26436,2026-09-12T17:00Z,6318,6337,Capital City SC,GFI Academy,2,6
U13,Frontier,26613,2026-09-13T14:00Z,6513,5923,Real Salt Lake,Houston Rangers,5,0
U13,Frontier,26868,2026-09-19T15:00Z,9663,5805,ALBION SC Colorado,FC Dallas,0,3
U13,Frontier,26876,2026-09-19T15:00Z,5923,6318,Houston Rangers,Capital City SC,2,1
U13,Frontier,26602,2026-09-19T16:00Z,6194,10481,Austin FC,SGA,6,4
U13,Frontier,26862,2026-09-19T19:00Z,7148,6337,AC River,GFI Academy,2,3
U13,Frontier,27088,2026-09-20T15:00Z,9663,8103,ALBION SC Colorado,Tulsa Greenwood SC,3,2
U13,Frontier,27312,2026-09-26T14:00Z,6513,6152,Real Salt Lake,Dallas Hornets,5,2
U13,Frontier,27300,2026-09-26T17:00Z,7148,5923,AC River,Houston Rangers,2,3
U13,Frontier,27306,2026-09-26T17:00Z,6337,10481,GFI Academy,SGA,2,4
U13,Frontier,27507,2026-09-27T15:00Z,6513,5805,Real Salt Lake,FC Dallas,5,2
U13,Frontier,33814,2026-09-27T20:00Z,6318,7148,Capital City SC,AC River,1,4
U13,Frontier,27724,2026-10-03T14:30Z,6194,6318,Austin FC,Capital City SC,,
U13,Frontier,27718,2026-10-03T16:00Z,9663,5923,ALBION SC Colorado,Houston Rangers,,
U13,Frontier,27734,2026-10-03T20:00Z,6152,8103,Dallas Hornets,Tulsa Greenwood SC,,
U13,Frontier,27950,2026-10-04T17:00Z,9663,6337,ALBION SC Colorado,GFI Academy,,
U13,Frontier,28279,2026-10-04T18:00Z,5805,7148,FC Dallas,AC River,,
U13,Frontier,28288,2026-10-17T15:00Z,5923,6513,Houston Rangers,Real Salt Lake,,
U13,Frontier,28282,2026-10-17T17:00Z,6337,8103,GFI Academy,Tulsa Greenwood SC,,
U13,Frontier,28273,2026-10-17T18:00Z,6152,10481,Dallas Hornets,SGA,,
U13,Frontier,29206,2026-10-17T19:30Z,6318,6194,Capital City SC,Austin FC,,
U13,Frontier,28498,2026-10-18T14:00Z,6337,6513,GFI Academy,Real Salt Lake,,
U13,Frontier,28501,2026-10-18T14:00Z,5923,8103,Houston Rangers,Tulsa Greenwood SC,,
U13,Frontier,33180,2026-10-18T16:00Z,9663,7148,ALBION SC Colorado,AC River,,
U13,Frontier,28495,2026-10-18T20:00Z,5805,10481,FC Dallas,SGA,,
U13,Frontier,28753,2026-10-24T14:00Z,6152,9663,Dallas Hornets,ALBION SC Colorado,,
U13,Frontier,28775,2026-10-24T15:00Z,8103,7148,Tulsa Greenwood SC,AC River,,
U13,Frontier,28762,2026-10-24T20:15Z,5805,6318,FC Dallas,Capital City SC,,
U13,Frontier,29008,2026-10-25T14:00Z,8103,9663,Tulsa Greenwood SC,ALBION SC Colorado,,
U13,Frontier,28770,2026-10-25T15:00Z,6513,10481,Real Salt Lake,SGA,,
U13,Frontier,29214,2026-10-31T15:30Z,10481,6337,SGA,GFI Academy,,
U13,Frontier,29208,2026-10-31T16:00Z,6152,5923,Dallas Hornets,Houston Rangers,,
U13,Frontier,29203,2026-10-31T17:00Z,7148,6513,AC River,Real Salt Lake,,
U13,Frontier,29397,2026-11-01T15:00Z,6194,6513,Austin FC,Real Salt Lake,,
U13,Frontier,31271,2026-11-01T21:00Z,6318,5805,Capital City SC,FC Dallas,,
U13,Frontier,29601,2026-11-07T17:00Z,9663,6152,ALBION SC Colorado,Dallas Hornets,,
U13,Frontier,29616,2026-11-07T18:00Z,5923,7148,Houston Rangers,AC River,,
U13,Frontier,29811,2026-11-08T21:30Z,9663,6318,ALBION SC Colorado,Capital City SC,,
U13,Frontier,30034,2026-11-14T16:00Z,6194,8103,Austin FC,Tulsa Greenwood SC,,
U13,Frontier,30045,2026-11-14T19:00Z,5923,5805,Houston Rangers,FC Dallas,,
U13,Frontier,34015,2026-11-15T17:00Z,6318,8103,Capital City SC,Tulsa Greenwood SC,,
U13,Frontier,30267,2026-11-15T19:00Z,6194,6152,Austin FC,Dallas Hornets,,
U13,Frontier,30514,2026-11-21T15:00Z,6152,6513,Dallas Hornets,Real Salt Lake,,
U13,Frontier,30502,2026-11-21T16:00Z,7148,10481,AC River,SGA,,
U13,Frontier,30508,2026-11-21T18:00Z,6318,9663,Capital City SC,ALBION SC Colorado,,
U13,Frontier,30517,2026-11-21T18:00Z,6337,5923,GFI Academy,Houston Rangers,,
U13,Frontier,30524,2026-11-21T19:00Z,8103,5805,Tulsa Greenwood SC,FC Dallas,,
U13,Frontier,30770,2026-11-22T15:00Z,10481,9663,SGA,ALBION SC Colorado,,
U13,Frontier,30776,2026-11-22T15:00Z,8103,6513,Tulsa Greenwood SC,Real Salt Lake,,
U13,Frontier,31265,2027-01-23,6194,6337,Austin FC,GFI Academy,,
U13,Frontier,31277,2027-01-23,5923,10481,Houston Rangers,SGA,,
U13,Frontier,31259,2027-01-23T18:00Z,7148,6152,AC River,Dallas Hornets,,
U13,Frontier,31369,2027-01-24,6194,5805,Austin FC,FC Dallas,,
U13,Frontier,31366,2027-01-24T17:00Z,9663,6513,ALBION SC Colorado,Real Salt Lake,,
U13,Frontier,31454,2027-01-30,6318,6152,Capital City SC,Dallas Hornets,,
U13,Frontier,31467,2027-01-30,5805,6337,FC Dallas,GFI Academy,,
U13,Frontier,31652,2027-02-06,10481,6194,SGA,Austin FC,,
U13,Frontier,31654,2027-02-06,8103,5923,Tulsa Greenwood SC,Houston Rangers,,
U13,Frontier,28996,2027-02-06T15:00Z,6152,5805,Dallas Hornets,FC Dallas,,
U13,Frontier,31641,2027-02-06T18:00Z,6337,7148,GFI Academy,AC River,,
U13,Frontier,31817,2027-02-13,6152,6337,Dallas Hornets,GFI Academy,,
U13,Frontier,31823,2027-02-13,6513,6318,Real Salt Lake,Capital City SC,,
U13,Frontier,31828,2027-02-13,10481,5923,SGA,Houston Rangers,,
U13,Frontier,31808,2027-02-13T16:00Z,7148,9663,AC River,ALBION SC Colorado,,
U13,Frontier,31990,2027-02-14,6194,9663,Austin FC,ALBION SC Colorado,,
U13,Frontier,32110,2027-02-20,6318,10481,Capital City SC,SGA,,
U13,Frontier,32120,2027-02-20,5805,8103,FC Dallas,Tulsa Greenwood SC,,
U13,Frontier,32123,2027-02-20,6513,6194,Real Salt Lake,Austin FC,,
U13,Frontier,32324,2027-02-21,6513,7148,Real Salt Lake,AC River,,
U13,Frontier,32544,2027-02-27,6337,6318,GFI Academy,Capital City SC,,
U13,Frontier,32538,2027-02-27T16:00Z,7148,6194,AC River,Austin FC,,
U13,Frontier,32975,2027-03-06,9663,10481,ALBION SC Colorado,SGA,,
U13,Frontier,32985,2027-03-06,5923,6152,Houston Rangers,Dallas Hornets,,
U13,Frontier,32991,2027-03-06,8103,6318,Tulsa Greenwood SC,Capital City SC,,
U13,Frontier,33409,2027-03-13,6194,5923,Austin FC,Houston Rangers,,
U13,Frontier,33415,2027-03-13,6513,6337,Real Salt Lake,GFI Academy,,
U13,Frontier,33420,2027-03-13,10481,5805,SGA,FC Dallas,,
U13,Frontier,33613,2027-03-14,6513,8103,Real Salt Lake,Tulsa Greenwood SC,,
U13,Frontier,33820,2027-03-20,6337,6152,GFI Academy,Dallas Hornets,,
U13,Frontier,33826,2027-03-20,5923,9663,Houston Rangers,ALBION SC Colorado,,
U13,Frontier,33833,2027-03-20,10481,8103,SGA,Tulsa Greenwood SC,,
U13,Frontier,34231,2027-03-27,6318,5923,Capital City SC,Houston Rangers,,
U13,Frontier,34237,2027-03-27,8103,6337,Tulsa Greenwood SC,GFI Academy,,
U13,Frontier,34544,2027-04-03,6152,6194,Dallas Hornets,Austin FC,,
U13,Frontier,34546,2027-04-03,5805,5923,FC Dallas,Houston Rangers,,
U13,Frontier,34549,2027-04-03,8103,10481,Tulsa Greenwood SC,SGA,,
U13,Frontier,34537,2027-04-03T19:00Z,7148,6318,AC River,Capital City SC,,
U13,Frontier,34765,2027-04-04,5805,6194,FC Dallas,Austin FC,,
U13,Frontier,34981,2027-04-10,6152,7148,Dallas Hornets,AC River,,
U13,Frontier,34987,2027-04-10,5805,9663,FC Dallas,ALBION SC Colorado,,
U13,Frontier,34990,2027-04-10,6337,6194,GFI Academy,Austin FC,,
U13,Frontier,35152,2027-04-11,5805,6152,FC Dallas,Dallas Hornets,,
U13,Frontier,35377,2027-04-17,10481,6513,SGA,Real Salt Lake,,
U13,Frontier,35380,2027-04-17,8103,6194,Tulsa Greenwood SC,Austin FC,,
U13,Frontier,34021,2027-04-17T16:00Z,6337,9663,GFI Academy,ALBION SC Colorado,,
U13,Frontier,33606,2027-04-17T18:00Z,7148,5805,AC River,FC Dallas,,
U13,Frontier,35625,2027-04-18,6318,6513,Capital City SC,Real Salt Lake,,
U13,Frontier,35839,2027-04-24,5923,6337,Houston Rangers,GFI Academy,,
U13,Frontier,35845,2027-04-24,10481,7148,SGA,AC River,,
U13,Frontier,35851,2027-04-24,8103,6152,Tulsa Greenwood SC,Dallas Hornets,,
U13,Frontier,36018,2027-04-25,10481,6318,SGA,Capital City SC,,
U13,Frontier,36217,2027-05-01,9663,6194,ALBION SC Colorado,Austin FC,,
U13,Frontier,36302,2027-05-01T15:00Z,7148,8103,AC River,Tulsa Greenwood SC,,
U13,Frontier,36220,2027-05-01T17:00Z,5805,6513,FC Dallas,Real Salt Lake,,
U13,Frontier,36308,2027-05-08,6152,6318,Dallas Hornets,Capital City SC,,
U13,Frontier,36317,2027-05-08,5923,6194,Houston Rangers,Austin FC,,
U13,Frontier,36314,2027-05-08T18:00Z,6337,5805,GFI Academy,FC Dallas,,
U13,Mid-America,32555,2026-09-05T17:00Z,6244,5959,Chicago FC United,Cincinnati United Soccer Club,5,1
U13,Mid-America,26035,2026-09-05T18:00Z,5977,7162,Bavarian United SC,Hoosier Premier,1,7
U13,Mid-America,26043,2026-09-05T18:00Z,6214,6224,SC Wave,Lou Fusz Athletic,3,0
U13,Mid-America,26041,2026-09-05T19:45Z,10497,5692,Club Ohio,Michigan Wolves,4,1
U13,Mid-America,26208,2026-09-06T16:00Z,5977,6224,Bavarian United SC,Lou Fusz Athletic,5,6
U13,Mid-America,26210,2026-09-06T16:00Z,5827,9657,FC Cincinnati,AC Grand Rapids,2,1
U13,Mid-America,32128,2026-09-06T16:00Z,6256,6000,Midwest United FC,Vardar Soccer Club,1,3
U13,Mid-America,26212,2026-09-06T18:00Z,6214,7162,SC Wave,Hoosier Premier,5,2
U13,Mid-America,32763,2026-09-06T19:00Z,6037,5959,Sockers FC Chicago,Cincinnati United Soccer Club,3,1
U13,Mid-America,26461,2026-09-12T15:00Z,6256,5999,Midwest United FC,Michigan Jaguars,1,3
U13,Mid-America,33198,2026-09-12T15:00Z,6112,5692,Indy Eleven,Michigan Wolves,3,1
U13,Mid-America,26453,2026-09-12T16:00Z,5827,5959,FC Cincinnati,Cincinnati United Soccer Club,1,5
U13,Mid-America,26455,2026-09-12T19:00Z,9657,6214,AC Grand Rapids,SC Wave,3,0
U13,Mid-America,26622,2026-09-13T14:00Z,5999,9657,Michigan Jaguars,AC Grand Rapids,2,3
U13,Mid-America,26620,2026-09-13T15:00Z,6112,6000,Indy Eleven,Vardar Soccer Club,1,3
U13,Mid-America,26618,2026-09-13T16:00Z,5827,7162,FC Cincinnati,Hoosier Premier,1,1
U13,Mid-America,26624,2026-09-13T17:00Z,6256,6214,Midwest United FC,SC Wave,2,9
U13,Mid-America,26630,2026-09-13T17:30Z,10473,6224,Sporting City,Lou Fusz Athletic,2,2
U13,Mid-America,26884,2026-09-19T15:00Z,5959,5692,Cincinnati United Soccer Club,Michigan Wolves,3,1
U13,Mid-America,26882,2026-09-19T16:00Z,5977,6244,Bavarian United SC,Chicago FC United,1,3
U13,Mid-America,26886,2026-09-19T16:00Z,5827,6112,FC Cincinnati,Indy Eleven,1,1
U13,Mid-America,27097,2026-09-20T13:00Z,5959,6112,Cincinnati United Soccer Club,Indy Eleven,5,0
U13,Mid-America,27105,2026-09-20T14:00Z,5999,10497,Michigan Jaguars,Club Ohio,4,2
U13,Mid-America,27101,2026-09-20T15:00Z,6224,6037,Lou Fusz Athletic,Sockers FC Chicago,1,4
U13,Mid-America,27095,2026-09-20T16:00Z,5977,5988,Bavarian United SC,St. Louis Scott Gallagher,1,7
U13,Mid-America,27099,2026-09-20T16:00Z,5827,5692,FC Cincinnati,Michigan Wolves,5,0
U13,Mid-America,27103,2026-09-20T17:00Z,9657,6256,AC Grand Rapids,Midwest United FC,5,0
U13,Mid-America,27326,2026-09-26T15:00Z,6037,10473,Sockers FC Chicago,Sporting City,1,3
U13,Mid-America,27328,2026-09-26T16:00Z,5988,6000,St. Louis Scott Gallagher,Vardar Soccer Club,5,0
U13,Mid-America,27317,2026-09-26T18:00Z,6244,5999,Chicago FC United,Michigan Jaguars,2,4
U13,Mid-America,27323,2026-09-26T19:00Z,7162,10497,Hoosier Premier,Club Ohio,4,5
U13,Mid-America,27510,2026-09-27T14:00Z,6244,10473,Chicago FC United,Sporting City,1,1
U13,Mid-America,27520,2026-09-27T14:00Z,6256,6112,Midwest United FC,Indy Eleven,3,3
U13,Mid-America,27524,2026-09-27T14:00Z,5988,5827,St. Louis Scott Gallagher,FC Cincinnati,2,2
U13,Mid-America,27514,2026-09-27T15:00Z,6224,6000,Lou Fusz Athletic,Vardar Soccer Club,2,0
U13,Mid-America,27512,2026-09-27T15:30Z,10497,9657,Club Ohio,AC Grand Rapids,2,1
U13,Mid-America,27522,2026-09-27T17:00Z,6037,5977,Sockers FC Chicago,Bavarian United SC,5,0
U13,Mid-America,30785,2026-10-02T22:00Z,5692,5999,Michigan Wolves,Michigan Jaguars,,
U13,Mid-America,27748,2026-10-03T14:00Z,6244,6214,Chicago FC United,SC Wave,,
U13,Mid-America,27750,2026-10-03T16:00Z,5827,10497,FC Cincinnati,Club Ohio,,
U13,Mid-America,27756,2026-10-03T19:00Z,6037,9657,Sockers FC Chicago,AC Grand Rapids,,
U13,Mid-America,27969,2026-10-04T14:00Z,6244,9657,Chicago FC United,AC Grand Rapids,,
U13,Mid-America,27977,2026-10-04T16:00Z,5692,6256,Michigan Wolves,Midwest United FC,,
U13,Mid-America,27979,2026-10-04T19:00Z,6037,5988,Sockers FC Chicago,St. Louis Scott Gallagher,,
U13,Mid-America,27975,2026-10-04T21:30Z,5959,10497,Cincinnati United Soccer Club,Club Ohio,,
U13,Mid-America,26045,2026-10-10T22:30Z,6000,5959,Vardar Soccer Club,Cincinnati United Soccer Club,,
U13,Mid-America,28291,2026-10-17T16:00Z,5977,6037,Bavarian United SC,Sockers FC Chicago,,
U13,Mid-America,28297,2026-10-17T17:00Z,9657,5827,AC Grand Rapids,FC Cincinnati,,
U13,Mid-America,28299,2026-10-17T20:00Z,5692,5959,Michigan Wolves,Cincinnati United Soccer Club,,
U13,Mid-America,28305,2026-10-17T21:30Z,10473,5988,Sporting City,St. Louis Scott Gallagher,,
U13,Mid-America,28308,2026-10-17T22:30Z,6000,7162,Vardar Soccer Club,Hoosier Premier,,
U13,Mid-America,28520,2026-10-18T13:00Z,6000,6112,Vardar Soccer Club,Indy Eleven,,
U13,Mid-America,28507,2026-10-18T14:00Z,5977,5999,Bavarian United SC,Michigan Jaguars,,
U13,Mid-America,28517,2026-10-18T14:00Z,6256,10497,Midwest United FC,Club Ohio,,
U13,Mid-America,28513,2026-10-18T15:00Z,6224,6244,Lou Fusz Athletic,Chicago FC United,,
U13,Mid-America,28515,2026-10-18T15:00Z,5692,5827,Michigan Wolves,FC Cincinnati,,
U13,Mid-America,28795,2026-10-24T15:00Z,6112,6244,Indy Eleven,Chicago FC United,,
U13,Mid-America,28787,2026-10-24T15:45Z,10497,5999,Club Ohio,Michigan Jaguars,,
U13,Mid-America,28793,2026-10-24T16:00Z,7162,6256,Hoosier Premier,Midwest United FC,,
U13,Mid-America,28781,2026-10-24T17:30Z,5959,6224,Cincinnati United Soccer Club,Lou Fusz Athletic,,
U13,Mid-America,29038,2026-10-24T18:00Z,6214,5692,SC Wave,Michigan Wolves,,
U13,Mid-America,29026,2026-10-25T13:00Z,7162,6244,Hoosier Premier,Chicago FC United,,
U13,Mid-America,29044,2026-10-25T14:00Z,5988,9657,St. Louis Scott Gallagher,AC Grand Rapids,,
U13,Mid-America,27108,2026-10-25T15:00Z,6000,10473,Vardar Soccer Club,Sporting City,,
U13,Mid-America,29032,2026-10-25T15:00Z,6112,6256,Indy Eleven,Midwest United FC,,
U13,Mid-America,29014,2026-10-25T17:30Z,5959,5977,Cincinnati United Soccer Club,Bavarian United SC,,
U13,Mid-America,29020,2026-10-25T17:45Z,10497,6224,Club Ohio,Lou Fusz Athletic,,
U13,Mid-America,29220,2026-10-31T15:00Z,6112,5959,Indy Eleven,Cincinnati United Soccer Club,,
U13,Mid-America,29226,2026-10-31T15:00Z,9657,7162,AC Grand Rapids,Hoosier Premier,,
U13,Mid-America,29228,2026-10-31T16:00Z,5999,5827,Michigan Jaguars,FC Cincinnati,,
U13,Mid-America,29401,2026-11-01T17:00Z,6214,5977,SC Wave,Bavarian United SC,,
U13,Mid-America,29403,2026-11-01T23:30Z,6000,5692,Vardar Soccer Club,Michigan Wolves,,
U13,Mid-America,29632,2026-11-07T16:00Z,6112,10473,Indy Eleven,Sporting City,,
U13,Mid-America,29628,2026-11-07T17:00Z,5827,6256,FC Cincinnati,Midwest United FC,,
U13,Mid-America,29630,2026-11-07T17:00Z,7162,5999,Hoosier Premier,Michigan Jaguars,,
U13,Mid-America,29622,2026-11-07T19:00Z,5959,6000,Cincinnati United Soccer Club,Vardar Soccer Club,,
U13,Mid-America,32134,2026-11-07T22:00Z,6214,10497,SC Wave,Club Ohio,,
U13,Mid-America,29827,2026-11-08T15:00Z,7162,10473,Hoosier Premier,Sporting City,,
U13,Mid-America,29837,2026-11-08T15:00Z,5988,6037,St. Louis Scott Gallagher,Sockers FC Chicago,,
U13,Mid-America,29829,2026-11-08T16:00Z,6112,9657,Indy Eleven,AC Grand Rapids,,
U13,Mid-America,32329,2026-11-08T16:00Z,5977,10497,Bavarian United SC,Club Ohio,,
U13,Mid-America,29825,2026-11-08T17:00Z,5827,6000,FC Cincinnati,Vardar Soccer Club,,
U13,Mid-America,30053,2026-11-14T14:45Z,10497,6037,Club Ohio,Sockers FC Chicago,,
U13,Mid-America,30067,2026-11-14T17:00Z,5988,5977,St. Louis Scott Gallagher,Bavarian United SC,,
U13,Mid-America,30061,2026-11-14T18:00Z,5999,6214,Michigan Jaguars,SC Wave,,
U13,Mid-America,30073,2026-11-14T18:00Z,6000,6256,Vardar Soccer Club,Midwest United FC,,
U13,Mid-America,30059,2026-11-14T19:00Z,5827,6244,FC Cincinnati,Chicago FC United,,
U13,Mid-America,30285,2026-11-15T15:00Z,5999,6112,Michigan Jaguars,Indy Eleven,,
U13,Mid-America,30288,2026-11-15T15:00Z,5988,6224,St. Louis Scott Gallagher,Lou Fusz Athletic,,
U13,Mid-America,30283,2026-11-15T16:00Z,7162,5959,Hoosier Premier,Cincinnati United Soccer Club,,
U13,Mid-America,30290,2026-11-15T18:00Z,6000,6214,Vardar Soccer Club,SC Wave,,
U13,Mid-America,30275,2026-11-15T18:45Z,10497,6244,Club Ohio,Chicago FC United,,
U13,Mid-America,30281,2026-11-15T19:00Z,5827,6037,FC Cincinnati,Sockers FC Chicago,,
U13,Mid-America,30541,2026-11-21T15:00Z,5999,10473,Michigan Jaguars,Sporting City,,
U13,Mid-America,30543,2026-11-21T15:00Z,6256,5692,Midwest United FC,Michigan Wolves,,
U13,Mid-America,30529,2026-11-21T16:00Z,6224,5977,Lou Fusz Athletic,Bavarian United SC,,
U13,Mid-America,30535,2026-11-21T17:00Z,9657,10497,AC Grand Rapids,Club Ohio,,
U13,Mid-America,30527,2026-11-21T20:00Z,7162,6112,Hoosier Premier,Indy Eleven,,
U13,Mid-America,30779,2026-11-22T15:00Z,7162,6000,Hoosier Premier,Vardar Soccer Club,,
U13,Mid-America,30787,2026-11-22T17:00Z,6256,10473,Midwest United FC,Sporting City,,
U13,Mid-America,32140,2027-02-20,10473,6037,Sporting City,Sockers FC Chicago,,
U13,Mid-America,32335,2027-02-21,9657,5959,AC Grand Rapids,Cincinnati United Soccer Club,,
U13,Mid-America,32337,2027-02-21,5999,6256,Michigan Jaguars,Midwest United FC,,
U13,Mid-America,32343,2027-02-21,10473,6244,Sporting City,Chicago FC United,,
U13,Mid-America,32561,2027-02-27,10497,6000,Club Ohio,Vardar Soccer Club,,
U13,Mid-America,32564,2027-02-27,9657,5999,AC Grand Rapids,Michigan Jaguars,,
U13,Mid-America,32570,2027-02-27T20:00Z,6037,6214,Sockers FC Chicago,SC Wave,,
U13,Mid-America,32754,2027-02-28,6244,6224,Chicago FC United,Lou Fusz Athletic,,
U13,Mid-America,32761,2027-02-28,5692,9657,Michigan Wolves,AC Grand Rapids,,
U13,Mid-America,32997,2027-03-06,6244,6037,Chicago FC United,Sockers FC Chicago,,
U13,Mid-America,32999,2027-03-06,5959,5999,Cincinnati United Soccer Club,Michigan Jaguars,,
U13,Mid-America,33001,2027-03-06,10497,6256,Club Ohio,Midwest United FC,,
U13,Mid-America,33007,2027-03-06,6112,7162,Indy Eleven,Hoosier Premier,,
U13,Mid-America,33013,2027-03-06,10473,6214,Sporting City,SC Wave,,
U13,Mid-America,33190,2027-03-07,5827,5999,FC Cincinnati,Michigan Jaguars,,
U13,Mid-America,33192,2027-03-07,7162,9657,Hoosier Premier,AC Grand Rapids,,
U13,Mid-America,33200,2027-03-07,6224,5988,Lou Fusz Athletic,St. Louis Scott Gallagher,,
U13,Mid-America,33206,2027-03-07,10473,5977,Sporting City,Bavarian United SC,,
U13,Mid-America,29831,2027-03-07T21:00Z,5692,10497,Michigan Wolves,Club Ohio,,
U13,Mid-America,33423,2027-03-13,9657,6112,AC Grand Rapids,Indy Eleven,,
U13,Mid-America,33429,2027-03-13,5999,6000,Michigan Jaguars,Vardar Soccer Club,,
U13,Mid-America,33431,2027-03-13,6256,5827,Midwest United FC,FC Cincinnati,,
U13,Mid-America,33618,2027-03-14,10497,7162,Club Ohio,Hoosier Premier,,
U13,Mid-America,33624,2027-03-14,6256,5959,Midwest United FC,Cincinnati United Soccer Club,,
U13,Mid-America,33627,2027-03-14T14:00Z,5988,6244,St. Louis Scott Gallagher,Chicago FC United,,
U13,Mid-America,33845,2027-03-20,6224,6214,Lou Fusz Athletic,SC Wave,,
U13,Mid-America,33851,2027-03-20,9657,5692,AC Grand Rapids,Michigan Wolves,,
U13,Mid-America,33839,2027-03-20T15:00Z,6112,5999,Indy Eleven,Michigan Jaguars,,
U13,Mid-America,35005,2027-03-20T16:00Z,6256,7162,Midwest United FC,Hoosier Premier,,
U13,Mid-America,34027,2027-03-21,6244,6256,Chicago FC United,Midwest United FC,,
U13,Mid-America,34033,2027-03-21,5959,10473,Cincinnati United Soccer Club,Sporting City,,
U13,Mid-America,34035,2027-03-21,10497,5827,Club Ohio,FC Cincinnati,,
U13,Mid-America,34037,2027-03-21,9657,6000,AC Grand Rapids,Vardar Soccer Club,,
U13,Mid-America,34039,2027-03-21,5692,7162,Michigan Wolves,Hoosier Premier,,
U13,Mid-America,34041,2027-03-21T14:00Z,5988,6214,St. Louis Scott Gallagher,SC Wave,,
U13,Mid-America,34255,2027-03-27,9657,6224,AC Grand Rapids,Lou Fusz Athletic,,
U13,Mid-America,34261,2027-03-27,5999,6037,Michigan Jaguars,Sockers FC Chicago,,
U13,Mid-America,34273,2027-03-27,6000,5827,Vardar Soccer Club,FC Cincinnati,,
U13,Mid-America,34253,2027-03-27T15:00Z,6112,10497,Indy Eleven,Club Ohio,,
U13,Mid-America,34555,2027-04-03,6244,5977,Chicago FC United,Bavarian United SC,,
U13,Mid-America,34561,2027-04-03,6224,7162,Lou Fusz Athletic,Hoosier Premier,,
U13,Mid-America,34567,2027-04-03,5999,5959,Michigan Jaguars,Cincinnati United Soccer Club,,
U13,Mid-America,34577,2027-04-03,6037,5692,Sockers FC Chicago,Michigan Wolves,,
U13,Mid-America,34583,2027-04-03,10473,10497,Sporting City,Club Ohio,,
U13,Mid-America,34767,2027-04-04,6244,5988,Chicago FC United,St. Louis Scott Gallagher,,
U13,Mid-America,34773,2027-04-04,6224,6112,Lou Fusz Athletic,Indy Eleven,,
U13,Mid-America,34783,2027-04-04,6037,6000,Sockers FC Chicago,Vardar Soccer Club,,
U13,Mid-America,34243,2027-04-04T16:00Z,5977,6214,Bavarian United SC,SC Wave,,
U13,Mid-America,34997,2027-04-10,6224,10473,Lou Fusz Athletic,Sporting City,,
U13,Mid-America,34999,2027-04-10,5692,6112,Michigan Wolves,Indy Eleven,,
U13,Mid-America,35011,2027-04-10,6214,5827,SC Wave,FC Cincinnati,,
U13,Mid-America,35157,2027-04-11,10497,5959,Club Ohio,Cincinnati United Soccer Club,,
U13,Mid-America,35163,2027-04-11,5999,5692,Michigan Jaguars,Michigan Wolves,,
U13,Mid-America,35169,2027-04-11,6256,9657,Midwest United FC,AC Grand Rapids,,
U13,Mid-America,35175,2027-04-11,6214,6037,SC Wave,Sockers FC Chicago,,
U13,Mid-America,35181,2027-04-11T14:00Z,5988,10473,St. Louis Scott Gallagher,Sporting City,,
U13,Mid-America,35155,2027-04-11T16:00Z,5977,5827,Bavarian United SC,FC Cincinnati,,
U13,Mid-America,35382,2027-04-17,5959,6214,Cincinnati United Soccer Club,SC Wave,,
U13,Mid-America,35388,2027-04-17,7162,5988,Hoosier Premier,St. Louis Scott Gallagher,,
U13,Mid-America,35394,2027-04-17,6112,6037,Indy Eleven,Sockers FC Chicago,,
U13,Mid-America,35400,2027-04-17,6224,5999,Lou Fusz Athletic,Michigan Jaguars,,
U13,Mid-America,35406,2027-04-17,5692,5977,Michigan Wolves,Bavarian United SC,,
U13,Mid-America,35413,2027-04-17,6000,6244,Vardar Soccer Club,Chicago FC United,,
U13,Mid-America,35628,2027-04-18,5959,5827,Cincinnati United Soccer Club,FC Cincinnati,,
U13,Mid-America,35630,2027-04-18,7162,6037,Hoosier Premier,Sockers FC Chicago,,
U13,Mid-America,35642,2027-04-18,6224,6256,Lou Fusz Athletic,Midwest United FC,,
U13,Mid-America,35648,2027-04-18,5692,6244,Michigan Wolves,Chicago FC United,,
U13,Mid-America,35659,2027-04-18,6000,5977,Vardar Soccer Club,Bavarian United SC,,
U13,Mid-America,35636,2027-04-18T15:00Z,6112,5988,Indy Eleven,St. Louis Scott Gallagher,,
U13,Mid-America,35857,2027-04-24,5959,9657,Cincinnati United Soccer Club,AC Grand Rapids,,
U13,Mid-America,35863,2027-04-24,5999,7162,Michigan Jaguars,Hoosier Premier,,
U13,Mid-America,36024,2027-04-24T16:00Z,5977,10473,Bavarian United SC,Sporting City,,
U13,Mid-America,36050,2027-04-24T18:00Z,6214,5988,SC Wave,St. Louis Scott Gallagher,,
U13,Mid-America,36026,2027-04-25,5959,6256,Cincinnati United Soccer Club,Midwest United FC,,
U13,Mid-America,36032,2027-04-25,10497,6112,Club Ohio,Indy Eleven,,
U13,Mid-America,36038,2027-04-25,5827,6224,FC Cincinnati,Lou Fusz Athletic,,
U13,Mid-America,36044,2027-04-25,5692,6000,Michigan Wolves,Vardar Soccer Club,,
U13,Mid-America,36056,2027-04-25,6037,6244,Sockers FC Chicago,Chicago FC United,,
U13,Mid-America,29231,2027-04-25T14:00Z,6214,10473,SC Wave,Sporting City,,
U13,Mid-America,36224,2027-05-01,10473,5692,Sporting City,Michigan Wolves,,
U13,Mid-America,36222,2027-05-01T15:00Z,6112,5827,Indy Eleven,FC Cincinnati,,
U13,Mid-America,36243,2027-05-02,7162,5827,Hoosier Premier,FC Cincinnati,,
U13,Mid-America,36245,2027-05-02,10473,9657,Sporting City,AC Grand Rapids,,
U13,Mid-America,32142,2027-05-02T14:00Z,5988,5692,St. Louis Scott Gallagher,Michigan Wolves,,
U13,Mid-America,36321,2027-05-08,5959,7162,Cincinnati United Soccer Club,Hoosier Premier,,
U13,Mid-America,36327,2027-05-08,9657,5977,AC Grand Rapids,Bavarian United SC,,
U13,Mid-America,36333,2027-05-08,5999,5988,Michigan Jaguars,St. Louis Scott Gallagher,,
U13,Mid-America,36339,2027-05-08,5692,6224,Michigan Wolves,Lou Fusz Athletic,,
U13,Mid-America,36345,2027-05-08,6256,6037,Midwest United FC,Sockers FC Chicago,,
U13,Mid-America,36355,2027-05-08,10473,5827,Sporting City,FC Cincinnati,,
U13,Mid-America,36357,2027-05-08,6000,10497,Vardar Soccer Club,Club Ohio,,
U13,Mid-America,34267,2027-05-09T14:00Z,6256,5988,Midwest United FC,St. Louis Scott Gallagher,,
U13,Mid-America,36666,2027-05-15,7162,5692,Hoosier Premier,Michigan Wolves,,
U13,Mid-America,36672,2027-05-15,6214,6244,SC Wave,Chicago FC United,,
U13,Mid-America,36685,2027-05-15,6000,5999,Vardar Soccer Club,Michigan Jaguars,,
U13,Mid-America,36679,2027-05-15T14:00Z,5988,5959,St. Louis Scott Gallagher,Cincinnati United Soccer Club,,
U13,Mid-America,36660,2027-05-15T16:00Z,5977,6112,Bavarian United SC,Indy Eleven,,
U13,Mid-America,36820,2027-05-16,6214,6112,SC Wave,Indy Eleven,,
U13,Mid-America,36826,2027-05-16,6037,6224,Sockers FC Chicago,Lou Fusz Athletic,,
U13,Mid-America,36839,2027-05-16,6000,9657,Vardar Soccer Club,AC Grand Rapids,,
U13,Mid-America,36810,2027-05-16T14:00Z,5977,6256,Bavarian United SC,Midwest United FC,,
U13,Mid-America,36833,2027-05-16T14:00Z,5988,10497,St. Louis Scott Gallagher,Club Ohio,,
U13,Mid-Atlantic,26075,2026-09-05T18:00Z,7168,6109,Keystone FC,Beadling SC,1,3
U13,Mid-Atlantic,26248,2026-09-06T14:00Z,10461,6109,Penn Rising XI,Beadling SC,2,1
U13,Mid-Atlantic,26250,2026-09-06T14:00Z,9645,6142,The Football Academy,Players Development Academy,3,0
U13,Mid-Atlantic,26241,2026-09-06T14:30Z,6182,6086,Bethesda SC,Sporting Athletic Club,2,2
U13,Mid-Atlantic,26245,2026-09-06T18:00Z,7168,6079,Keystone FC,Alexandria SA,1,7
U13,Mid-Atlantic,26247,2026-09-06T18:00Z,5887,5661,PA Classics,Real Futbol Academy,2,0
U13,Mid-Atlantic,26073,2026-09-12T16:00Z,5876,5882,Cedar Stars Academy Monmouth,Philadelphia Union,0,4
U13,Mid-Atlantic,26559,2026-09-12T16:00Z,6234,6142,Baltimore Armour,Players Development Academy,2,0
U13,Mid-Atlantic,26561,2026-09-12T17:00Z,5676,10461,FC DELCO,Penn Rising XI,4,1
U13,Mid-Atlantic,26242,2026-09-13T14:00Z,5676,9669,FC DELCO,Northern Virginia Alliance,1,2
U13,Mid-Atlantic,26688,2026-09-13T14:00Z,6079,6182,Alexandria SA,Bethesda SC,2,1
U13,Mid-Atlantic,26696,2026-09-13T14:00Z,6086,6158,Sporting Athletic Club,Springfield SYC,2,0
U13,Mid-Atlantic,26691,2026-09-13T16:00Z,5876,5887,Cedar Stars Academy Monmouth,PA Classics,2,4
U13,Mid-Atlantic,26695,2026-09-13T16:15Z,5882,5661,Philadelphia Union,Real Futbol Academy,2,1
U13,Mid-Atlantic,26672,2026-09-13T18:00Z,7168,9645,Keystone FC,The Football Academy,1,7
U13,Mid-Atlantic,26925,2026-09-19T14:00Z,10479,5887,Coppermine SC,PA Classics,1,1
U13,Mid-Atlantic,27009,2026-09-19T16:00Z,6086,5676,Sporting Athletic Club,FC DELCO,2,2
U13,Mid-Atlantic,26923,2026-09-19T19:30Z,6268,5876,Achilles FC,Cedar Stars Academy Monmouth,0,2
U13,Mid-Atlantic,26915,2026-09-19T20:00Z,6158,6182,Springfield SYC,Bethesda SC,6,0
U13,Mid-Atlantic,27194,2026-09-20T14:00Z,9669,6234,Northern Virginia Alliance,Baltimore Armour,1,2
U13,Mid-Atlantic,27199,2026-09-20T14:00Z,6086,5876,Sporting Athletic Club,Cedar Stars Academy Monmouth,7,0
U13,Mid-Atlantic,27197,2026-09-20T15:00Z,5661,7168,Real Futbol Academy,Keystone FC,6,1
U13,Mid-Atlantic,27152,2026-09-20T16:00Z,6109,6079,Beadling SC,Alexandria SA,0,4
U13,Mid-Atlantic,27154,2026-09-20T17:00Z,10479,5676,Coppermine SC,FC DELCO,2,1
U13,Mid-Atlantic,27196,2026-09-20T18:00Z,6142,5882,Players Development Academy,Philadelphia Union,2,8
U13,Mid-Atlantic,28107,2026-09-20T19:00Z,9645,10461,The Football Academy,Penn Rising XI,1,2
U13,Mid-Atlantic,27547,2026-09-26T13:00Z,9645,5661,The Football Academy,Real Futbol Academy,3,2
U13,Mid-Atlantic,27545,2026-09-26T15:00Z,6086,10479,Sporting Athletic Club,Coppermine SC,2,1
U13,Mid-Atlantic,27543,2026-09-26T17:00Z,5887,10461,PA Classics,Penn Rising XI,2,2
U13,Mid-Atlantic,27546,2026-09-26T18:15Z,6158,6234,Springfield SYC,Baltimore Armour,2,0
U13,Mid-Atlantic,27453,2026-09-26T19:00Z,6079,5882,Alexandria SA,Philadelphia Union,2,1
U13,Mid-Atlantic,27541,2026-09-26T20:00Z,7168,6142,Keystone FC,Players Development Academy,2,3
U13,Mid-Atlantic,27789,2026-09-27T14:00Z,6109,9669,Beadling SC,Northern Virginia Alliance,0,4
U13,Mid-Atlantic,34159,2026-09-27T16:00Z,6079,6086,Alexandria SA,Sporting Athletic Club,0,3
U13,Mid-Atlantic,28097,2026-10-03T13:00Z,6109,5887,Beadling SC,PA Classics,,
U13,Mid-Atlantic,28009,2026-10-03T14:00Z,6142,6268,Players Development Academy,Achilles FC,,
U13,Mid-Atlantic,28012,2026-10-03T16:30Z,6079,10479,Alexandria SA,Coppermine SC,,
U13,Mid-Atlantic,31907,2026-10-03T16:30Z,6234,7168,Baltimore Armour,Keystone FC,,
U13,Mid-Atlantic,28007,2026-10-03T17:00Z,5676,6182,FC DELCO,Bethesda SC,,
U13,Mid-Atlantic,33874,2026-10-03T17:30Z,9669,6158,Northern Virginia Alliance,Springfield SYC,,
U13,Mid-Atlantic,28104,2026-10-04T13:30Z,5661,6268,Real Futbol Academy,Achilles FC,,
U13,Mid-Atlantic,28096,2026-10-04T14:00Z,6234,9669,Baltimore Armour,Northern Virginia Alliance,,
U13,Mid-Atlantic,28106,2026-10-04T16:00Z,6158,6086,Springfield SYC,Sporting Athletic Club,,
U13,Mid-Atlantic,28101,2026-10-04T18:00Z,7168,5876,Keystone FC,Cedar Stars Academy Monmouth,,
U13,Mid-Atlantic,28102,2026-10-04T19:15Z,5882,6182,Philadelphia Union,Bethesda SC,,
U13,Mid-Atlantic,27195,2026-10-04T21:00Z,10461,9645,Penn Rising XI,The Football Academy,,
U13,Mid-Atlantic,28545,2026-10-17T13:00Z,6109,6268,Beadling SC,Achilles FC,,
U13,Mid-Atlantic,28548,2026-10-17T14:00Z,5887,5876,PA Classics,Cedar Stars Academy Monmouth,,
U13,Mid-Atlantic,28645,2026-10-17T14:00Z,6086,7168,Sporting Athletic Club,Keystone FC,,
U13,Mid-Atlantic,28550,2026-10-17T22:00Z,5661,6234,Real Futbol Academy,Baltimore Armour,,
U13,Mid-Atlantic,28549,2026-10-18T13:00Z,10461,5676,Penn Rising XI,FC DELCO,,
U13,Mid-Atlantic,28635,2026-10-18T14:00Z,6079,9669,Alexandria SA,Northern Virginia Alliance,,
U13,Mid-Atlantic,32276,2026-10-18T14:00Z,6109,6158,Beadling SC,Springfield SYC,,
U13,Mid-Atlantic,28643,2026-10-18T15:00Z,5661,6182,Real Futbol Academy,Bethesda SC,,
U13,Mid-Atlantic,28641,2026-10-18T16:00Z,5882,6234,Philadelphia Union,Baltimore Armour,,
U13,Mid-Atlantic,28642,2026-10-18T18:00Z,6142,9645,Players Development Academy,The Football Academy,,
U13,Mid-Atlantic,28948,2026-10-24T13:00Z,9669,6142,Northern Virginia Alliance,Players Development Academy,,
U13,Mid-Atlantic,29250,2026-10-24T13:00Z,9645,5887,The Football Academy,PA Classics,,
U13,Mid-Atlantic,28942,2026-10-24T15:00Z,6182,10479,Bethesda SC,Coppermine SC,,
U13,Mid-Atlantic,28941,2026-10-24T16:00Z,6234,6086,Baltimore Armour,Sporting Athletic Club,,
U13,Mid-Atlantic,29248,2026-10-25T13:00Z,9669,10461,Northern Virginia Alliance,Penn Rising XI,,
U13,Mid-Atlantic,26072,2026-10-25T14:00Z,6234,10479,Baltimore Armour,Coppermine SC,,
U13,Mid-Atlantic,29135,2026-10-25T14:00Z,6079,6142,Alexandria SA,Players Development Academy,,
U13,Mid-Atlantic,29245,2026-10-25T15:00Z,6109,5882,Beadling SC,Philadelphia Union,,
U13,Mid-Atlantic,29246,2026-10-25T17:00Z,5676,7168,FC DELCO,Keystone FC,,
U13,Mid-Atlantic,29249,2026-10-25T22:00Z,5661,5876,Real Futbol Academy,Cedar Stars Academy Monmouth,,
U13,Mid-Atlantic,29437,2026-10-31T13:00Z,5876,9669,Cedar Stars Academy Monmouth,Northern Virginia Alliance,,
U13,Mid-Atlantic,29440,2026-10-31T16:15Z,5882,9645,Philadelphia Union,The Football Academy,,
U13,Mid-Atlantic,29505,2026-11-01T14:30Z,6109,6182,Beadling SC,Bethesda SC,,
U13,Mid-Atlantic,29512,2026-11-01T14:30Z,5661,9669,Real Futbol Academy,Northern Virginia Alliance,,
U13,Mid-Atlantic,29504,2026-11-01T15:00Z,6079,6234,Alexandria SA,Baltimore Armour,,
U13,Mid-Atlantic,29511,2026-11-01T15:00Z,6142,5676,Players Development Academy,FC DELCO,,
U13,Mid-Atlantic,29510,2026-11-01T17:00Z,5887,5882,PA Classics,Philadelphia Union,,
U13,Mid-Atlantic,29647,2026-11-01T17:00Z,6158,10479,Springfield SYC,Coppermine SC,,
U13,Mid-Atlantic,29503,2026-11-01T20:00Z,6268,6086,Achilles FC,Sporting Athletic Club,,
U13,Mid-Atlantic,29870,2026-11-07T14:00Z,6182,9645,Bethesda SC,The Football Academy,,
U13,Mid-Atlantic,34164,2026-11-07T15:00Z,7168,9669,Keystone FC,Northern Virginia Alliance,,
U13,Mid-Atlantic,29875,2026-11-07T17:00Z,6142,5876,Players Development Academy,Cedar Stars Academy Monmouth,,
U13,Mid-Atlantic,29874,2026-11-07T19:30Z,5882,6268,Philadelphia Union,Achilles FC,,
U13,Mid-Atlantic,29945,2026-11-08T14:00Z,6182,10461,Bethesda SC,Penn Rising XI,,
U13,Mid-Atlantic,29869,2026-11-08T15:00Z,6234,6109,Baltimore Armour,Beadling SC,,
U13,Mid-Atlantic,30094,2026-11-08T15:00Z,6086,6079,Sporting Athletic Club,Alexandria SA,,
U13,Mid-Atlantic,30095,2026-11-08T15:30Z,6158,5887,Springfield SYC,PA Classics,,
U13,Mid-Atlantic,30093,2026-11-08T17:00Z,7168,5661,Keystone FC,Real Futbol Academy,,
U13,Mid-Atlantic,30091,2026-11-08T18:00Z,5676,6268,FC DELCO,Achilles FC,,
U13,Mid-Atlantic,30337,2026-11-14T15:00Z,10479,6079,Coppermine SC,Alexandria SA,,
U13,Mid-Atlantic,30338,2026-11-14T17:00Z,6142,5887,Players Development Academy,PA Classics,,
U13,Mid-Atlantic,30414,2026-11-14T21:00Z,5661,10461,Real Futbol Academy,Penn Rising XI,,
U13,Mid-Atlantic,30314,2026-11-15T14:00Z,5876,7168,Cedar Stars Academy Monmouth,Keystone FC,,
U13,Mid-Atlantic,32701,2026-11-15T14:00Z,6109,6086,Beadling SC,Sporting Athletic Club,,
U13,Mid-Atlantic,30340,2026-11-15T14:30Z,9645,6234,The Football Academy,Baltimore Armour,,
U13,Mid-Atlantic,30409,2026-11-15T14:30Z,5676,6234,FC DELCO,Baltimore Armour,,
U13,Mid-Atlantic,26249,2026-11-15T15:00Z,6158,6268,Springfield SYC,Achilles FC,,
U13,Mid-Atlantic,30412,2026-11-15T16:00Z,9669,6182,Northern Virginia Alliance,Bethesda SC,,
U13,Mid-Atlantic,30706,2026-11-20T23:00Z,10461,6142,Penn Rising XI,Players Development Academy,,
U13,Mid-Atlantic,30703,2026-11-21T15:00Z,10479,6234,Coppermine SC,Baltimore Armour,,
U13,Mid-Atlantic,30707,2026-11-21T17:15Z,5882,7168,Philadelphia Union,Keystone FC,,
U13,Mid-Atlantic,30832,2026-11-22T14:00Z,6109,5876,Beadling SC,Cedar Stars Academy Monmouth,,
U13,Mid-Atlantic,34815,2026-11-22T17:15Z,5882,5676,Philadelphia Union,FC DELCO,,
U13,Mid-Atlantic,28637,2026-11-22T19:00Z,10479,6158,Coppermine SC,Springfield SYC,,
U13,Mid-Atlantic,30875,2026-11-22T22:00Z,5887,9645,PA Classics,The Football Academy,,
U13,Mid-Atlantic,30415,2027-01-30T15:00Z,6086,6109,Sporting Athletic Club,Beadling SC,,
U13,Mid-Atlantic,31906,2027-02-13,6079,6268,Alexandria SA,Achilles FC,,
U13,Mid-Atlantic,31911,2027-02-13,5887,5676,PA Classics,FC DELCO,,
U13,Mid-Atlantic,31912,2027-02-13,6158,9669,Springfield SYC,Northern Virginia Alliance,,
U13,Mid-Atlantic,32051,2027-02-14,10479,6109,Coppermine SC,Beadling SC,,
U13,Mid-Atlantic,32000,2027-02-14T14:00Z,10461,5876,Penn Rising XI,Cedar Stars Academy Monmouth,,
U13,Mid-Atlantic,32052,2027-02-14T17:00Z,6142,5661,Players Development Academy,Real Futbol Academy,,
U13,Mid-Atlantic,32053,2027-02-14T17:00Z,6086,5882,Sporting Athletic Club,Philadelphia Union,,
U13,Mid-Atlantic,33046,2027-02-14T18:00Z,9669,6268,Northern Virginia Alliance,Achilles FC,,
U13,Mid-Atlantic,32277,2027-02-20,6182,6079,Bethesda SC,Alexandria SA,,
U13,Mid-Atlantic,32356,2027-02-20,7168,10479,Keystone FC,Coppermine SC,,
U13,Mid-Atlantic,30874,2027-02-20T15:00Z,9669,6086,Northern Virginia Alliance,Sporting Athletic Club,,
U13,Mid-Atlantic,32389,2027-02-21,6234,6268,Baltimore Armour,Achilles FC,,
U13,Mid-Atlantic,32390,2027-02-21,5876,6142,Cedar Stars Academy Monmouth,Players Development Academy,,
U13,Mid-Atlantic,32392,2027-02-21,10461,10479,Penn Rising XI,Coppermine SC,,
U13,Mid-Atlantic,32442,2027-02-21,5661,5887,Real Futbol Academy,PA Classics,,
U13,Mid-Atlantic,32445,2027-02-21,9645,5676,The Football Academy,FC DELCO,,
U13,Mid-Atlantic,32444,2027-02-21T15:00Z,6086,9669,Sporting Athletic Club,Northern Virginia Alliance,,
U13,Mid-Atlantic,32699,2027-02-27,6268,9645,Achilles FC,The Football Academy,,
U13,Mid-Atlantic,32703,2027-02-27,5676,5661,FC DELCO,Real Futbol Academy,,
U13,Mid-Atlantic,32706,2027-02-27T20:15Z,5882,6142,Philadelphia Union,Players Development Academy,,
U13,Mid-Atlantic,27454,2027-02-28,6182,6268,Bethesda SC,Achilles FC,,
U13,Mid-Atlantic,32808,2027-02-28,6079,6158,Alexandria SA,Springfield SYC,,
U13,Mid-Atlantic,32811,2027-02-28,10479,6182,Coppermine SC,Bethesda SC,,
U13,Mid-Atlantic,32813,2027-02-28,5887,6234,PA Classics,Baltimore Armour,,
U13,Mid-Atlantic,32814,2027-02-28T14:00Z,10461,7168,Penn Rising XI,Keystone FC,,
U13,Mid-Atlantic,33042,2027-03-06,6079,5676,Alexandria SA,FC DELCO,,
U13,Mid-Atlantic,33047,2027-03-06,6142,10479,Players Development Academy,Coppermine SC,,
U13,Mid-Atlantic,33048,2027-03-06,6158,5661,Springfield SYC,Real Futbol Academy,,
U13,Mid-Atlantic,33049,2027-03-06,9645,6109,The Football Academy,Beadling SC,,
U13,Mid-Atlantic,32815,2027-03-06T23:00Z,5882,5876,Philadelphia Union,Cedar Stars Academy Monmouth,,
U13,Mid-Atlantic,33293,2027-03-07,6079,5661,Alexandria SA,Real Futbol Academy,,
U13,Mid-Atlantic,33294,2027-03-07,5876,6182,Cedar Stars Academy Monmouth,Bethesda SC,,
U13,Mid-Atlantic,33295,2027-03-07,7168,5887,Keystone FC,PA Classics,,
U13,Mid-Atlantic,33298,2027-03-07,6142,6109,Players Development Academy,Beadling SC,,
U13,Mid-Atlantic,33300,2027-03-07,6158,5676,Springfield SYC,FC DELCO,,
U13,Mid-Atlantic,33301,2027-03-07,9645,10479,The Football Academy,Coppermine SC,,
U13,Mid-Atlantic,33297,2027-03-07T23:00Z,5882,10461,Philadelphia Union,Penn Rising XI,,
U13,Mid-Atlantic,33443,2027-03-13,6182,6109,Bethesda SC,Beadling SC,,
U13,Mid-Atlantic,33660,2027-03-13,5676,5887,FC DELCO,PA Classics,,
U13,Mid-Atlantic,30090,2027-03-13T15:00Z,10479,9669,Coppermine SC,Northern Virginia Alliance,,
U13,Mid-Atlantic,33662,2027-03-13T15:00Z,6086,6268,Sporting Athletic Club,Achilles FC,,
U13,Mid-Atlantic,33869,2027-03-14,6234,6079,Baltimore Armour,Alexandria SA,,
U13,Mid-Atlantic,33871,2027-03-14,5876,10461,Cedar Stars Academy Monmouth,Penn Rising XI,,
U13,Mid-Atlantic,33876,2027-03-14,5661,9645,Real Futbol Academy,The Football Academy,,
U13,Mid-Atlantic,33875,2027-03-14T12:00Z,6142,7168,Players Development Academy,Keystone FC,,
U13,Mid-Atlantic,26687,2027-03-14T13:00Z,6268,6109,Achilles FC,Beadling SC,,
U13,Mid-Atlantic,34057,2027-03-20,6268,10479,Achilles FC,Coppermine SC,,
U13,Mid-Atlantic,34058,2027-03-20,6182,6234,Bethesda SC,Baltimore Armour,,
U13,Mid-Atlantic,34060,2027-03-20,5676,5876,FC DELCO,Cedar Stars Academy Monmouth,,
U13,Mid-Atlantic,34063,2027-03-20,7168,6158,Keystone FC,Springfield SYC,,
U13,Mid-Atlantic,34066,2027-03-20,5887,6142,PA Classics,Players Development Academy,,
U13,Mid-Atlantic,34067,2027-03-20T16:00Z,5882,9669,Philadelphia Union,Northern Virginia Alliance,,
U13,Mid-Atlantic,34160,2027-03-21,6109,5661,Beadling SC,Real Futbol Academy,,
U13,Mid-Atlantic,34280,2027-03-21,10461,6158,Penn Rising XI,Springfield SYC,,
U13,Mid-Atlantic,34281,2027-03-21,9645,5882,The Football Academy,Philadelphia Union,,
U13,Mid-Atlantic,34415,2027-03-27,5876,9645,Cedar Stars Academy Monmouth,The Football Academy,,
U13,Mid-Atlantic,34419,2027-03-27,7168,5882,Keystone FC,Philadelphia Union,,
U13,Mid-Atlantic,34422,2027-03-27,5887,6268,PA Classics,Achilles FC,,
U13,Mid-Atlantic,34425,2027-03-27,5661,5676,Real Futbol Academy,FC DELCO,,
U13,Mid-Atlantic,34428,2027-03-27,6158,6079,Springfield SYC,Alexandria SA,,
U13,Mid-Atlantic,34423,2027-03-27T12:00Z,6142,10461,Players Development Academy,Penn Rising XI,,
U13,Mid-Atlantic,34413,2027-03-27T14:00Z,6109,6234,Beadling SC,Baltimore Armour,,
U13,Mid-Atlantic,34427,2027-03-27T14:00Z,6086,6182,Sporting Athletic Club,Bethesda SC,,
U13,Mid-Atlantic,34704,2027-04-03,9645,6079,The Football Academy,Alexandria SA,,
U13,Mid-Atlantic,34703,2027-04-03T16:00Z,6142,6086,Players Development Academy,Sporting Athletic Club,,
U13,Mid-Atlantic,34421,2027-04-03T18:00Z,9669,10479,Northern Virginia Alliance,Coppermine SC,,
U13,Mid-Atlantic,34806,2027-04-04,6234,6182,Baltimore Armour,Bethesda SC,,
U13,Mid-Atlantic,34808,2027-04-04,5876,6079,Cedar Stars Academy Monmouth,Alexandria SA,,
U13,Mid-Atlantic,34809,2027-04-04,10479,6268,Coppermine SC,Achilles FC,,
U13,Mid-Atlantic,34813,2027-04-04,5887,7168,PA Classics,Keystone FC,,
U13,Mid-Atlantic,34857,2027-04-04,9645,6086,The Football Academy,Sporting Athletic Club,,
U13,Mid-Atlantic,34814,2027-04-04T13:00Z,10461,5661,Penn Rising XI,Real Futbol Academy,,
U13,Mid-Atlantic,30870,2027-04-04T16:00Z,5676,5882,FC DELCO,Philadelphia Union,,
U13,Mid-Atlantic,35116,2027-04-10,6182,9669,Bethesda SC,Northern Virginia Alliance,,
U13,Mid-Atlantic,35120,2027-04-10,6142,6158,Players Development Academy,Springfield SYC,,
U13,Mid-Atlantic,35121,2027-04-10,5661,5882,Real Futbol Academy,Philadelphia Union,,
U13,Mid-Atlantic,35209,2027-04-11,6268,6234,Achilles FC,Baltimore Armour,,
U13,Mid-Atlantic,35210,2027-04-11,6079,6109,Alexandria SA,Beadling SC,,
U13,Mid-Atlantic,35211,2027-04-11,5876,6158,Cedar Stars Academy Monmouth,Springfield SYC,,
U13,Mid-Atlantic,35212,2027-04-11,10479,6086,Coppermine SC,Sporting Athletic Club,,
U13,Mid-Atlantic,35213,2027-04-11,5676,9645,FC DELCO,The Football Academy,,
U13,Mid-Atlantic,35267,2027-04-11,7168,10461,Keystone FC,Penn Rising XI,,
U13,Mid-Atlantic,34812,2027-04-11T14:00Z,9669,6109,Northern Virginia Alliance,Beadling SC,,
U13,Mid-Atlantic,35268,2027-04-11T16:15Z,5882,5887,Philadelphia Union,PA Classics,,
U13,Mid-Atlantic,35446,2027-04-17,6268,7168,Achilles FC,Keystone FC,,
U13,Mid-Atlantic,35447,2027-04-17,6079,5887,Alexandria SA,PA Classics,,
U13,Mid-Atlantic,35448,2027-04-17,6234,10461,Baltimore Armour,Penn Rising XI,,
U13,Mid-Atlantic,35449,2027-04-17,6182,6142,Bethesda SC,Players Development Academy,,
U13,Mid-Atlantic,35452,2027-04-17,10479,5876,Coppermine SC,Cedar Stars Academy Monmouth,,
U13,Mid-Atlantic,35455,2027-04-17,6158,5882,Springfield SYC,Philadelphia Union,,
U13,Mid-Atlantic,35454,2027-04-17T14:00Z,6086,5661,Sporting Athletic Club,Real Futbol Academy,,
U13,Mid-Atlantic,35453,2027-04-17T15:00Z,9669,9645,Northern Virginia Alliance,The Football Academy,,
U13,Mid-Atlantic,35691,2027-04-18,6268,10461,Achilles FC,Penn Rising XI,,
U13,Mid-Atlantic,35692,2027-04-18,6234,5876,Baltimore Armour,Cedar Stars Academy Monmouth,,
U13,Mid-Atlantic,35693,2027-04-18,6109,5676,Beadling SC,FC DELCO,,
U13,Mid-Atlantic,35694,2027-04-18,6182,7168,Bethesda SC,Keystone FC,,
U13,Mid-Atlantic,35737,2027-04-18,10479,5661,Coppermine SC,Real Futbol Academy,,
U13,Mid-Atlantic,35742,2027-04-18,6158,9645,Springfield SYC,The Football Academy,,
U13,Mid-Atlantic,35740,2027-04-18T13:00Z,9669,5887,Northern Virginia Alliance,PA Classics,,
U13,Mid-Atlantic,35988,2027-04-24,6109,10479,Beadling SC,Coppermine SC,,
U13,Mid-Atlantic,35992,2027-04-24,5887,6086,PA Classics,Sporting Athletic Club,,
U13,Mid-Atlantic,35994,2027-04-24,9645,7168,The Football Academy,Keystone FC,,
U13,Mid-Atlantic,35993,2027-04-24T13:00Z,10461,6079,Penn Rising XI,Alexandria SA,,
U13,Mid-Atlantic,36146,2027-04-25,6268,9669,Achilles FC,Northern Virginia Alliance,,
U13,Mid-Atlantic,36147,2027-04-25,6234,6158,Baltimore Armour,Springfield SYC,,
U13,Mid-Atlantic,36148,2027-04-25,5876,5661,Cedar Stars Academy Monmouth,Real Futbol Academy,,
U13,Mid-Atlantic,36149,2027-04-25,5676,6142,FC DELCO,Players Development Academy,,
U13,Mid-Atlantic,36154,2027-04-25,5887,6182,PA Classics,Bethesda SC,,
U13,Mid-Atlantic,36155,2027-04-25T13:00Z,10461,6086,Penn Rising XI,Sporting Athletic Club,,
U13,Mid-Atlantic,36400,2027-05-01,10479,5882,Coppermine SC,Philadelphia Union,,
U13,Mid-Atlantic,30702,2027-05-02,6268,6079,Achilles FC,Alexandria SA,,
U13,Mid-Atlantic,36404,2027-05-02T16:00Z,10461,5882,Penn Rising XI,Philadelphia Union,,
U13,Mid-Atlantic,36510,2027-05-08,6268,6182,Achilles FC,Bethesda SC,,
U13,Mid-Atlantic,36521,2027-05-08,7168,5676,Keystone FC,FC DELCO,,
U13,Mid-Atlantic,36525,2027-05-08,5661,6142,Real Futbol Academy,Players Development Academy,,
U13,Mid-Atlantic,36530,2027-05-08,6158,6109,Springfield SYC,Beadling SC,,
U13,Mid-Atlantic,36531,2027-05-08,9645,5876,The Football Academy,Cedar Stars Academy Monmouth,,
U13,Mid-Atlantic,36522,2027-05-08T13:00Z,9669,6079,Northern Virginia Alliance,Alexandria SA,,
U13,Mid-Atlantic,36529,2027-05-08T14:00Z,6086,6234,Sporting Athletic Club,Baltimore Armour,,
U13,Mid-Atlantic,36523,2027-05-09T13:00Z,10461,5887,Penn Rising XI,PA Classics,,
U13,Mid-Atlantic,30833,2027-06-01,6182,6158,Bethesda SC,Springfield SYC,,
U13,Mid-Atlantic,30408,2027-06-06,6268,6158,Achilles FC,Springfield SYC,,
U13,Mid-Atlantic,27791,2027-06-08T16:00Z,5876,5676,Cedar Stars Academy Monmouth,FC DELCO,,
U13,Northeast,26089,2026-09-05T14:00Z,5655,6102,FC Westchester,TSF Academy,2,2
U13,Northeast,26094,2026-09-05T14:00Z,5939,5738,New York SC,Bayside FC,2,2
U13,Northeast,26093,2026-09-05T18:00Z,5645,5729,New York City FC,Red Bull New York,6,3
U13,Northeast,26269,2026-09-05T18:15Z,6184,6066,Beachside of Connecticut,Cedar Stars Academy Bergen,2,1
U13,Northeast,26091,2026-09-05T18:30Z,5912,5909,New England Revolution,Intercontinental Football Academy of New England,6,1
U13,Northeast,26283,2026-09-06T12:45Z,5909,5821,Intercontinental Football Academy of New England,Metropolitan Oval,9,1
U13,Northeast,26277,2026-09-06T13:00Z,6289,6018,FA Euro New York,Seacoast United,2,1
U13,Northeast,26293,2026-09-06T14:00Z,5939,10467,New York SC,The Island FC East,3,1
U13,Northeast,26271,2026-09-06T16:00Z,7160,7171,Downtown United Soccer Club,The Island FC West,0,2
U13,Northeast,26289,2026-09-06T17:00Z,6190,10508,Ironbound Soccer Club,Connecticut United FC,1,2
U13,Northeast,26291,2026-09-06T19:00Z,5645,5709,New York City FC,Blau Weiss Gottschee,5,0
U13,Northeast,26492,2026-09-12T16:15Z,5729,6184,Red Bull New York,Beachside of Connecticut,8,0
U13,Northeast,26490,2026-09-12T21:00Z,5912,5645,New England Revolution,New York City FC,3,6
U13,Northeast,26493,2026-09-13T12:30Z,10467,5709,The Island FC East,Blau Weiss Gottschee,2,1
U13,Northeast,26710,2026-09-13T13:00Z,5821,7160,Metropolitan Oval,Downtown United Soccer Club,2,1
U13,Northeast,26716,2026-09-13T13:00Z,6028,6018,NEFC,Seacoast United,3,0
U13,Northeast,26702,2026-09-13T14:00Z,6184,7171,Beachside of Connecticut,The Island FC West,1,1
U13,Northeast,26720,2026-09-13T16:15Z,5729,5655,Red Bull New York,FC Westchester,7,1
U13,Northeast,26708,2026-09-13T17:00Z,6190,5939,Ironbound Soccer Club,New York SC,3,5
U13,Northeast,26718,2026-09-13T21:00Z,5912,5760,New England Revolution,FC Greater Boston Bolts,6,1
U13,Northeast,26962,2026-09-16T23:45Z,5729,6190,Red Bull New York,Ironbound Soccer Club,7,1
U13,Northeast,26932,2026-09-19T13:00Z,6289,5760,FA Euro New York,FC Greater Boston Bolts,3,1
U13,Northeast,26956,2026-09-19T13:00Z,5939,6028,New York SC,NEFC,2,1
U13,Northeast,26938,2026-09-19T17:00Z,5655,7160,FC Westchester,Downtown United Soccer Club,1,1
U13,Northeast,27156,2026-09-20T13:00Z,5738,6184,Bayside FC,Beachside of Connecticut,3,0
U13,Northeast,27166,2026-09-20T13:00Z,10508,5821,Connecticut United FC,Metropolitan Oval,1,2
U13,Northeast,27172,2026-09-20T13:00Z,6289,5935,FA Euro New York,Valeo Futbol Club,0,3
U13,Northeast,27164,2026-09-20T14:00Z,6066,5912,Cedar Stars Academy Bergen,New England Revolution,1,1
U13,Northeast,27178,2026-09-20T14:00Z,5655,6028,FC Westchester,NEFC,1,2
U13,Northeast,27184,2026-09-20T16:15Z,5729,7160,Red Bull New York,Downtown United Soccer Club,13,2
U13,Northeast,27162,2026-09-20T23:45Z,5709,5645,Blau Weiss Gottschee,New York City FC,0,7
U13,Northeast,27576,2026-09-27T13:00Z,6066,6190,Cedar Stars Academy Bergen,Ironbound Soccer Club,4,0
U13,Northeast,27584,2026-09-27T13:00Z,5821,5709,Metropolitan Oval,Blau Weiss Gottschee,0,2
U13,Northeast,27594,2026-09-27T22:00Z,5935,6028,Valeo Futbol Club,NEFC,2,4
U13,Northeast,27801,2026-10-03T15:30Z,7160,6184,Downtown United Soccer Club,Beachside of Connecticut,,
U13,Northeast,27824,2026-10-03T16:30Z,5729,6066,Red Bull New York,Cedar Stars Academy Bergen,,
U13,Northeast,27813,2026-10-03T17:00Z,6190,10467,Ironbound Soccer Club,The Island FC East,,
U13,Northeast,27819,2026-10-03T18:00Z,5645,5655,New York City FC,FC Westchester,,
U13,Northeast,27807,2026-10-03T23:45Z,5909,6289,Intercontinental Football Academy of New England,FA Euro New York,,
U13,Northeast,28068,2026-10-04T13:00Z,6028,5760,NEFC,FC Greater Boston Bolts,,
U13,Northeast,27825,2026-10-04T16:00Z,6102,10508,TSF Academy,Connecticut United FC,,
U13,Northeast,28070,2026-10-04T16:00Z,5912,6289,New England Revolution,FA Euro New York,,
U13,Northeast,28072,2026-10-04T16:00Z,5645,7160,New York City FC,Downtown United Soccer Club,,
U13,Northeast,28074,2026-10-04T16:30Z,5729,10467,Red Bull New York,The Island FC East,,
U13,Northeast,28056,2026-10-04T17:00Z,6190,5821,Ironbound Soccer Club,Metropolitan Oval,,
U13,Northeast,28050,2026-10-04T18:30Z,6066,6018,Cedar Stars Academy Bergen,Seacoast United,,
U13,Northeast,28062,2026-10-04T18:30Z,7171,5655,The Island FC West,FC Westchester,,
U13,Northeast,28044,2026-10-04T22:30Z,5709,5939,Blau Weiss Gottschee,New York SC,,
U13,Northeast,28042,2026-10-04T23:00Z,5738,5935,Bayside FC,Valeo Futbol Club,,
U13,Northeast,29098,2026-10-10T14:00Z,5729,7171,Red Bull New York,The Island FC West,,
U13,Northeast,28334,2026-10-11T13:00Z,5738,5655,Bayside FC,FC Westchester,,
U13,Northeast,28612,2026-10-14T23:45Z,5729,6102,Red Bull New York,TSF Academy,,
U13,Northeast,28348,2026-10-17T13:00Z,5760,5821,FC Greater Boston Bolts,Metropolitan Oval,,
U13,Northeast,28340,2026-10-17T14:00Z,6184,5939,Beachside of Connecticut,New York SC,,
U13,Northeast,28365,2026-10-17T15:00Z,5935,7160,Valeo Futbol Club,Downtown United Soccer Club,,
U13,Northeast,28359,2026-10-17T22:00Z,6102,5909,TSF Academy,Intercontinental Football Academy of New England,,
U13,Northeast,28582,2026-10-18T13:00Z,10508,5909,Connecticut United FC,Intercontinental Football Academy of New England,,
U13,Northeast,28588,2026-10-18T13:00Z,6289,10467,FA Euro New York,The Island FC East,,
U13,Northeast,28590,2026-10-18T13:00Z,5760,7160,FC Greater Boston Bolts,Downtown United Soccer Club,,
U13,Northeast,28604,2026-10-18T13:00Z,6028,5821,NEFC,Metropolitan Oval,,
U13,Northeast,28613,2026-10-18T14:30Z,6018,5655,Seacoast United,FC Westchester,,
U13,Northeast,28602,2026-10-18T16:00Z,7171,5709,The Island FC West,Blau Weiss Gottschee,,
U13,Northeast,28596,2026-10-18T17:00Z,6190,6066,Ironbound Soccer Club,Cedar Stars Academy Bergen,,
U13,Northeast,28865,2026-10-24T12:30Z,10467,5935,The Island FC East,Valeo Futbol Club,,
U13,Northeast,28844,2026-10-24T13:00Z,5909,5738,Intercontinental Football Academy of New England,Bayside FC,,
U13,Northeast,28846,2026-10-24T13:00Z,5821,6018,Metropolitan Oval,Seacoast United,,
U13,Northeast,29090,2026-10-24T13:00Z,6028,10508,NEFC,Connecticut United FC,,
U13,Northeast,28861,2026-10-24T14:00Z,5729,5709,Red Bull New York,Blau Weiss Gottschee,,
U13,Northeast,30112,2026-10-24T18:00Z,5645,6190,New York City FC,Ironbound Soccer Club,,
U13,Northeast,28838,2026-10-24T19:00Z,7171,6066,The Island FC West,Cedar Stars Academy Bergen,,
U13,Northeast,28852,2026-10-25T13:00Z,6028,6289,NEFC,FA Euro New York,,
U13,Northeast,29084,2026-10-25T13:00Z,5821,5935,Metropolitan Oval,Valeo Futbol Club,,
U13,Northeast,29070,2026-10-25T14:00Z,6066,5709,Cedar Stars Academy Bergen,Blau Weiss Gottschee,,
U13,Northeast,29076,2026-10-25T15:15Z,7160,6018,Downtown United Soccer Club,Seacoast United,,
U13,Northeast,28863,2026-10-25T16:00Z,6102,6184,TSF Academy,Beachside of Connecticut,,
U13,Northeast,29096,2026-10-25T16:00Z,5645,10467,New York City FC,The Island FC East,,
U13,Northeast,29082,2026-10-25T18:00Z,5655,6190,FC Westchester,Ironbound Soccer Club,,
U13,Northeast,29284,2026-10-31T13:00Z,7171,5821,The Island FC West,Metropolitan Oval,,
U13,Northeast,29274,2026-10-31T14:45Z,5709,7160,Blau Weiss Gottschee,Downtown United Soccer Club,,
U13,Northeast,29282,2026-10-31T15:30Z,5909,5645,Intercontinental Football Academy of New England,New York City FC,,
U13,Northeast,29286,2026-10-31T21:00Z,5912,6190,New England Revolution,Ironbound Soccer Club,,
U13,Northeast,29276,2026-10-31T21:30Z,6289,6102,FA Euro New York,TSF Academy,,
U13,Northeast,29449,2026-11-01T14:00Z,5738,6028,Bayside FC,NEFC,,
U13,Northeast,29457,2026-11-01T14:00Z,5909,6190,Intercontinental Football Academy of New England,Ironbound Soccer Club,,
U13,Northeast,29463,2026-11-01T14:30Z,5939,6184,New York SC,Beachside of Connecticut,,
U13,Northeast,29451,2026-11-01T15:00Z,10508,6066,Connecticut United FC,Cedar Stars Academy Bergen,,
U13,Northeast,30373,2026-11-01T19:00Z,5645,7171,New York City FC,The Island FC West,,
U13,Northeast,29469,2026-11-01T19:30Z,6018,5760,Seacoast United,FC Greater Boston Bolts,,
U13,Northeast,29475,2026-11-01T20:00Z,5935,5655,Valeo Futbol Club,FC Westchester,,
U13,Northeast,29888,2026-11-07T13:00Z,7160,5821,Downtown United Soccer Club,Metropolitan Oval,,
U13,Northeast,29673,2026-11-07T14:00Z,5760,6028,FC Greater Boston Bolts,NEFC,,
U13,Northeast,29681,2026-11-07T14:00Z,5909,5935,Intercontinental Football Academy of New England,Valeo Futbol Club,,
U13,Northeast,29679,2026-11-07T15:00Z,5655,6066,FC Westchester,Cedar Stars Academy Bergen,,
U13,Northeast,29686,2026-11-07T17:15Z,5729,5912,Red Bull New York,New England Revolution,,
U13,Northeast,29664,2026-11-07T18:00Z,10508,5738,Connecticut United FC,Bayside FC,,
U13,Northeast,29880,2026-11-08T15:00Z,6184,5912,Beachside of Connecticut,New England Revolution,,
U13,Northeast,29687,2026-11-08T17:00Z,10467,5645,The Island FC East,New York City FC,,
U13,Northeast,29897,2026-11-08T17:00Z,6102,5939,TSF Academy,New York SC,,
U13,Northeast,29896,2026-11-08T17:15Z,5729,10508,Red Bull New York,Connecticut United FC,,
U13,Northeast,29890,2026-11-08T20:00Z,6190,5738,Ironbound Soccer Club,Bayside FC,,
U13,Northeast,29882,2026-11-08T23:30Z,5709,7171,Blau Weiss Gottschee,The Island FC West,,
U13,Northeast,30108,2026-11-14T15:00Z,6066,10508,Cedar Stars Academy Bergen,Connecticut United FC,,
U13,Northeast,30365,2026-11-14T15:00Z,6184,5655,Beachside of Connecticut,FC Westchester,,
U13,Northeast,32835,2026-11-14T15:00Z,5912,5738,New England Revolution,Bayside FC,,
U13,Northeast,30110,2026-11-14T16:00Z,5821,6289,Metropolitan Oval,FA Euro New York,,
U13,Northeast,30117,2026-11-14T17:15Z,5729,5760,Red Bull New York,FC Greater Boston Bolts,,
U13,Northeast,30119,2026-11-14T19:15Z,6018,5935,Seacoast United,Valeo Futbol Club,,
U13,Northeast,30121,2026-11-14T23:00Z,6102,7160,TSF Academy,Downtown United Soccer Club,,
U13,Northeast,30375,2026-11-15T14:00Z,5939,5760,New York SC,FC Greater Boston Bolts,,
U13,Northeast,28354,2026-11-15T15:00Z,5912,6018,New England Revolution,Seacoast United,,
U13,Northeast,30381,2026-11-15T21:00Z,6102,10467,TSF Academy,The Island FC East,,
U13,Northeast,30367,2026-11-15T23:30Z,5709,6190,Blau Weiss Gottschee,Ironbound Soccer Club,,
U13,Northeast,30359,2026-11-16T00:00Z,5738,5909,Bayside FC,Intercontinental Football Academy of New England,,
U13,Northeast,30611,2026-11-21T13:30Z,10467,6066,The Island FC East,Cedar Stars Academy Bergen,,
U13,Northeast,30587,2026-11-21T14:00Z,10508,6190,Connecticut United FC,Ironbound Soccer Club,,
U13,Northeast,30593,2026-11-21T14:00Z,5760,6018,FC Greater Boston Bolts,Seacoast United,,
U13,Northeast,30601,2026-11-21T14:00Z,6028,5738,NEFC,Bayside FC,,
U13,Northeast,30607,2026-11-21T15:00Z,5912,5939,New England Revolution,New York SC,,
U13,Northeast,30609,2026-11-21T19:00Z,5645,6184,New York City FC,Beachside of Connecticut,,
U13,Northeast,30595,2026-11-21T19:30Z,7171,5909,The Island FC West,Intercontinental Football Academy of New England,,
U13,Northeast,30620,2026-11-21T21:00Z,5935,5709,Valeo Futbol Club,Blau Weiss Gottschee,,
U13,Northeast,30835,2026-11-22T14:00Z,6289,7160,FA Euro New York,Downtown United Soccer Club,,
U13,Northeast,30847,2026-11-22T14:00Z,10467,5655,The Island FC East,FC Westchester,,
U13,Northeast,30841,2026-11-22T15:00Z,5912,6102,New England Revolution,TSF Academy,,
U13,Northeast,30843,2026-11-22T17:00Z,5645,6066,New York City FC,Cedar Stars Academy Bergen,,
U13,Northeast,30845,2026-11-22T17:15Z,5729,5821,Red Bull New York,Metropolitan Oval,,
U13,Northeast,30853,2026-11-22T18:00Z,5935,5939,Valeo Futbol Club,New York SC,,
U13,Northeast,32166,2027-02-20,7160,6028,Downtown United Soccer Club,NEFC,,
U13,Northeast,32172,2027-02-20,5760,6066,FC Greater Boston Bolts,Cedar Stars Academy Bergen,,
U13,Northeast,32178,2027-02-20,5655,6289,FC Westchester,FA Euro New York,,
U13,Northeast,32184,2027-02-20,5909,6184,Intercontinental Football Academy of New England,Beachside of Connecticut,,
U13,Northeast,32199,2027-02-20,5729,5935,Red Bull New York,Valeo Futbol Club,,
U13,Northeast,32201,2027-02-20,6018,10508,Seacoast United,Connecticut United FC,,
U13,Northeast,26944,2027-02-20T19:00Z,7171,10467,The Island FC West,The Island FC East,,
U13,Northeast,32394,2027-02-21,5709,10467,Blau Weiss Gottschee,The Island FC East,,
U13,Northeast,32396,2027-02-21,5760,6184,FC Greater Boston Bolts,Beachside of Connecticut,,
U13,Northeast,32402,2027-02-21,5909,6066,Intercontinental Football Academy of New England,Cedar Stars Academy Bergen,,
U13,Northeast,32414,2027-02-21,7171,6028,The Island FC West,NEFC,,
U13,Northeast,32422,2027-02-21,5645,5821,New York City FC,Metropolitan Oval,,
U13,Northeast,32424,2027-02-21,5939,6102,New York SC,TSF Academy,,
U13,Northeast,32426,2027-02-21,5729,6289,Red Bull New York,FA Euro New York,,
U13,Northeast,32408,2027-02-21T18:00Z,6190,5935,Ironbound Soccer Club,Valeo Futbol Club,,
U13,Northeast,32615,2027-02-27,5909,5760,Intercontinental Football Academy of New England,FC Greater Boston Bolts,,
U13,Northeast,32626,2027-02-27,5939,5821,New York SC,Metropolitan Oval,,
U13,Northeast,32632,2027-02-27,6018,7171,Seacoast United,The Island FC West,,
U13,Northeast,32610,2027-02-27T16:00Z,5738,5645,Bayside FC,New York City FC,,
U13,Northeast,32821,2027-02-28,6184,10508,Beachside of Connecticut,Connecticut United FC,,
U13,Northeast,32827,2027-02-28,6066,5655,Cedar Stars Academy Bergen,FC Westchester,,
U13,Northeast,32833,2027-02-28,6289,5709,FA Euro New York,Blau Weiss Gottschee,,
U13,Northeast,32837,2027-02-28,5729,5939,Red Bull New York,New York SC,,
U13,Northeast,32838,2027-02-28,6018,5645,Seacoast United,New York City FC,,
U13,Northeast,32840,2027-02-28,6102,6190,TSF Academy,Ironbound Soccer Club,,
U13,Northeast,32842,2027-02-28,10467,7160,The Island FC East,Downtown United Soccer Club,,
U13,Northeast,32844,2027-02-28,5935,7171,Valeo Futbol Club,The Island FC West,,
U13,Northeast,33055,2027-03-06,5709,6102,Blau Weiss Gottschee,TSF Academy,,
U13,Northeast,33061,2027-03-06,6066,6289,Cedar Stars Academy Bergen,FA Euro New York,,
U13,Northeast,33067,2027-03-06,10508,5939,Connecticut United FC,New York SC,,
U13,Northeast,33069,2027-03-06,6190,7160,Ironbound Soccer Club,Downtown United Soccer Club,,
U13,Northeast,33075,2027-03-06,7171,5912,The Island FC West,New England Revolution,,
U13,Northeast,33254,2027-03-07,5709,5912,Blau Weiss Gottschee,New England Revolution,,
U13,Northeast,33256,2027-03-07,6066,5729,Cedar Stars Academy Bergen,Red Bull New York,,
U13,Northeast,33258,2027-03-07,5655,6184,FC Westchester,Beachside of Connecticut,,
U13,Northeast,33264,2027-03-07,7171,6102,The Island FC West,TSF Academy,,
U13,Northeast,33272,2027-03-07,6028,5909,NEFC,Intercontinental Football Academy of New England,,
U13,Northeast,33278,2027-03-07,5935,5760,Valeo Futbol Club,FC Greater Boston Bolts,,
U13,Northeast,33270,2027-03-07T14:00Z,5821,10467,Metropolitan Oval,The Island FC East,,
U13,Northeast,33248,2027-03-07T23:45Z,5738,6018,Bayside FC,Seacoast United,,
U13,Northeast,33461,2027-03-13,6184,6028,Beachside of Connecticut,NEFC,,
U13,Northeast,33467,2027-03-13,5760,5645,FC Greater Boston Bolts,New York City FC,,
U13,Northeast,33477,2027-03-13,6102,6018,TSF Academy,Seacoast United,,
U13,Northeast,33483,2027-03-13,10467,7171,The Island FC East,The Island FC West,,
U13,Northeast,33469,2027-03-13T18:00Z,6190,5729,Ironbound Soccer Club,Red Bull New York,,
U13,Northeast,33670,2027-03-14,6184,5729,Beachside of Connecticut,Red Bull New York,,
U13,Northeast,33672,2027-03-14,5709,5821,Blau Weiss Gottschee,Metropolitan Oval,,
U13,Northeast,33674,2027-03-14,10508,5655,Connecticut United FC,FC Westchester,,
U13,Northeast,33676,2027-03-14,7160,6289,Downtown United Soccer Club,FA Euro New York,,
U13,Northeast,33678,2027-03-14,5909,5912,Intercontinental Football Academy of New England,New England Revolution,,
U13,Northeast,33680,2027-03-14,6190,6018,Ironbound Soccer Club,Seacoast United,,
U13,Northeast,33686,2027-03-14,5939,6066,New York SC,Cedar Stars Academy Bergen,,
U13,Northeast,33688,2027-03-14,6102,6028,TSF Academy,NEFC,,
U13,Northeast,33694,2027-03-14,5935,5738,Valeo Futbol Club,Bayside FC,,
U13,Northeast,33885,2027-03-20,6102,6066,TSF Academy,Cedar Stars Academy Bergen,,
U13,Northeast,33887,2027-03-20,6289,5738,FA Euro New York,Bayside FC,,
U13,Northeast,33895,2027-03-20,5912,10467,New England Revolution,The Island FC East,,
U13,Northeast,33893,2027-03-20T13:00Z,5821,5645,Metropolitan Oval,New York City FC,,
U13,Northeast,34087,2027-03-21,7160,5709,Downtown United Soccer Club,Blau Weiss Gottschee,,
U13,Northeast,34093,2027-03-21,6289,5645,FA Euro New York,New York City FC,,
U13,Northeast,34095,2027-03-21,5760,5935,FC Greater Boston Bolts,Valeo Futbol Club,,
U13,Northeast,34101,2027-03-21,6190,6184,Ironbound Soccer Club,Beachside of Connecticut,,
U13,Northeast,34103,2027-03-21,7171,10508,The Island FC West,Connecticut United FC,,
U13,Northeast,34109,2027-03-21,6028,10467,NEFC,The Island FC East,,
U13,Northeast,34115,2027-03-21,5939,5655,New York SC,FC Westchester,,
U13,Northeast,34117,2027-03-21,6018,5909,Seacoast United,Intercontinental Football Academy of New England,,
U13,Northeast,32190,2027-03-21T13:00Z,5821,5738,Metropolitan Oval,Bayside FC,,
U13,Northeast,34325,2027-03-27,10508,6184,Connecticut United FC,Beachside of Connecticut,,
U13,Northeast,34327,2027-03-27,6289,6190,FA Euro New York,Ironbound Soccer Club,,
U13,Northeast,34333,2027-03-27,5655,5709,FC Westchester,Blau Weiss Gottschee,,
U13,Northeast,34339,2027-03-27,5909,6028,Intercontinental Football Academy of New England,NEFC,,
U13,Northeast,34341,2027-03-27,7171,7160,The Island FC West,Downtown United Soccer Club,,
U13,Northeast,34343,2027-03-27,6018,5939,Seacoast United,New York SC,,
U13,Northeast,34349,2027-03-27,6102,5935,TSF Academy,Valeo Futbol Club,,
U13,Northeast,34355,2027-03-27,10467,5821,The Island FC East,Metropolitan Oval,,
U13,Northeast,34323,2027-03-27T22:45Z,5738,5760,Bayside FC,FC Greater Boston Bolts,,
U13,Northeast,34618,2027-04-03,6184,6018,Beachside of Connecticut,Seacoast United,,
U13,Northeast,34624,2027-04-03,5709,6289,Blau Weiss Gottschee,FA Euro New York,,
U13,Northeast,34630,2027-04-03,5655,10508,FC Westchester,Connecticut United FC,,
U13,Northeast,34636,2027-04-03,5729,6028,Red Bull New York,NEFC,,
U13,Northeast,34836,2027-04-03T13:00Z,5821,7171,Metropolitan Oval,The Island FC West,,
U13,Northeast,34612,2027-04-03T22:45Z,5738,6102,Bayside FC,TSF Academy,,
U13,Northeast,34818,2027-04-04,6066,6028,Cedar Stars Academy Bergen,NEFC,,
U13,Northeast,34824,2027-04-04,7160,10467,Downtown United Soccer Club,The Island FC East,,
U13,Northeast,34830,2027-04-04,5760,6102,FC Greater Boston Bolts,TSF Academy,,
U13,Northeast,34842,2027-04-04,5939,6190,New York SC,Ironbound Soccer Club,,
U13,Northeast,34848,2027-04-04,5729,6018,Red Bull New York,Seacoast United,,
U13,Northeast,34850,2027-04-04,5935,5909,Valeo Futbol Club,Intercontinental Football Academy of New England,,
U13,Northeast,34816,2027-04-04T13:00Z,5738,5912,Bayside FC,New England Revolution,,
U13,Northeast,35043,2027-04-10,5709,5738,Blau Weiss Gottschee,Bayside FC,,
U13,Northeast,35049,2027-04-10,10508,5729,Connecticut United FC,Red Bull New York,,
U13,Northeast,35051,2027-04-10,7160,5909,Downtown United Soccer Club,Intercontinental Football Academy of New England,,
U13,Northeast,35057,2027-04-10,5655,5760,FC Westchester,FC Greater Boston Bolts,,
U13,Northeast,35063,2027-04-10,5645,5939,New York City FC,New York SC,,
U13,Northeast,35214,2027-04-11,5709,5909,Blau Weiss Gottschee,Intercontinental Football Academy of New England,,
U13,Northeast,35220,2027-04-11,6066,6184,Cedar Stars Academy Bergen,Beachside of Connecticut,,
U13,Northeast,35226,2027-04-11,10508,5760,Connecticut United FC,FC Greater Boston Bolts,,
U13,Northeast,35232,2027-04-11,7160,5645,Downtown United Soccer Club,New York City FC,,
U13,Northeast,35234,2027-04-11,6289,5821,FA Euro New York,Metropolitan Oval,,
U13,Northeast,35240,2027-04-11,5655,5912,FC Westchester,New England Revolution,,
U13,Northeast,35248,2027-04-11,7171,5939,The Island FC West,New York SC,,
U13,Northeast,35254,2027-04-11,6028,5935,NEFC,Valeo Futbol Club,,
U13,Northeast,35260,2027-04-11,10467,5738,The Island FC East,Bayside FC,,
U13,Northeast,35242,2027-04-11T17:00Z,6190,6102,Ironbound Soccer Club,TSF Academy,,
U13,Northeast,35461,2027-04-17,6184,5935,Beachside of Connecticut,Valeo Futbol Club,,
U13,Northeast,35470,2027-04-17,10508,6289,Connecticut United FC,FA Euro New York,,
U13,Northeast,35476,2027-04-17,5760,5738,FC Greater Boston Bolts,Bayside FC,,
U13,Northeast,35488,2027-04-17,6028,5709,NEFC,Blau Weiss Gottschee,,
U13,Northeast,35500,2027-04-17,6018,10467,Seacoast United,The Island FC East,,
U13,Northeast,35506,2027-04-17,6102,5729,TSF Academy,Red Bull New York,,
U13,Northeast,35721,2027-04-17T13:00Z,5821,5655,Metropolitan Oval,FC Westchester,,
U13,Northeast,35482,2027-04-17T17:00Z,6190,7171,Ironbound Soccer Club,The Island FC West,,
U13,Northeast,35697,2027-04-18,6184,6289,Beachside of Connecticut,FA Euro New York,,
U13,Northeast,35703,2027-04-18,6066,5939,Cedar Stars Academy Bergen,New York SC,,
U13,Northeast,35709,2027-04-18,10508,5935,Connecticut United FC,Valeo Futbol Club,,
U13,Northeast,35715,2027-04-18,5909,10467,Intercontinental Football Academy of New England,The Island FC East,,
U13,Northeast,35727,2027-04-18,6028,5912,NEFC,New England Revolution,,
U13,Northeast,35729,2027-04-18,6018,5709,Seacoast United,Blau Weiss Gottschee,,
U13,Northeast,35735,2027-04-18,6102,5645,TSF Academy,New York City FC,,
U13,Northeast,35907,2027-04-24,5655,5909,FC Westchester,Intercontinental Football Academy of New England,,
U13,Northeast,35913,2027-04-24,7171,5760,The Island FC West,FC Greater Boston Bolts,,
U13,Northeast,35922,2027-04-24,5939,5729,New York SC,Red Bull New York,,
U13,Northeast,35898,2027-04-24T13:00Z,5738,7160,Bayside FC,Downtown United Soccer Club,,
U13,Northeast,36092,2027-04-25,5738,6066,Bayside FC,Cedar Stars Academy Bergen,,
U13,Northeast,36098,2027-04-25,6184,6190,Beachside of Connecticut,Ironbound Soccer Club,,
U13,Northeast,36104,2027-04-25,5709,5760,Blau Weiss Gottschee,FC Greater Boston Bolts,,
U13,Northeast,36110,2027-04-25,10508,6102,Connecticut United FC,TSF Academy,,
U13,Northeast,36116,2027-04-25,5655,5729,FC Westchester,Red Bull New York,,
U13,Northeast,36118,2027-04-25,7171,5645,The Island FC West,New York City FC,,
U13,Northeast,36122,2027-04-25,5939,5909,New York SC,Intercontinental Football Academy of New England,,
U13,Northeast,36128,2027-04-25,6018,6028,Seacoast United,NEFC,,
U13,Northeast,36134,2027-04-25,10467,6289,The Island FC East,FA Euro New York,,
U13,Northeast,36120,2027-04-25T14:00Z,5821,5912,Metropolitan Oval,New England Revolution,,
U13,Northeast,36228,2027-05-01,6018,5912,Seacoast United,New England Revolution,,
U13,Northeast,36230,2027-05-01,5935,5645,Valeo Futbol Club,New York City FC,,
U13,Northeast,36249,2027-05-02,6028,5645,NEFC,New York City FC,,
U13,Northeast,36251,2027-05-02,5935,5912,Valeo Futbol Club,New England Revolution,,
U13,Northeast,36407,2027-05-08,6184,5709,Beachside of Connecticut,Blau Weiss Gottschee,,
U13,Northeast,36416,2027-05-08,6066,5935,Cedar Stars Academy Bergen,Valeo Futbol Club,,
U13,Northeast,36422,2027-05-08,7160,5912,Downtown United Soccer Club,New England Revolution,,
U13,Northeast,36424,2027-05-08,5909,6018,Intercontinental Football Academy of New England,Seacoast United,,
U13,Northeast,36430,2027-05-08,6190,5655,Ironbound Soccer Club,FC Westchester,,
U13,Northeast,36436,2027-05-08,7171,6289,The Island FC West,FA Euro New York,,
U13,Northeast,36451,2027-05-08,5939,10508,New York SC,Connecticut United FC,,
U13,Northeast,36457,2027-05-08,5729,5738,Red Bull New York,Bayside FC,,
U13,Northeast,36459,2027-05-08,10467,5760,The Island FC East,FC Greater Boston Bolts,,
U13,Northeast,36442,2027-05-08T15:00Z,5821,6102,Metropolitan Oval,TSF Academy,,
U13,Northeast,36741,2027-05-15,7160,6066,Downtown United Soccer Club,Cedar Stars Academy Bergen,,
U13,Northeast,36747,2027-05-15,6289,5939,FA Euro New York,New York SC,,
U13,Northeast,36753,2027-05-15,5760,6190,FC Greater Boston Bolts,Ironbound Soccer Club,,
U13,Northeast,36759,2027-05-15,5821,6184,Metropolitan Oval,Beachside of Connecticut,,
U13,Northeast,36765,2027-05-15,10467,10508,The Island FC East,Connecticut United FC,,
U13,Northeast,36774,2027-05-15,5935,6018,Valeo Futbol Club,Seacoast United,,
U13,Northeast,36863,2027-05-16,5709,10508,Blau Weiss Gottschee,Connecticut United FC,,
U13,Northeast,36869,2027-05-16,7160,5939,Downtown United Soccer Club,New York SC,,
U13,Northeast,36875,2027-05-16,5760,5912,FC Greater Boston Bolts,New England Revolution,,
U13,Northeast,36877,2027-05-16,5821,6066,Metropolitan Oval,Cedar Stars Academy Bergen,,
U13,Northeast,36883,2027-05-16,6028,6190,NEFC,Ironbound Soccer Club,,
U13,Northeast,36889,2027-05-16,5645,6289,New York City FC,FA Euro New York,,
U13,Northeast,36891,2027-05-16,5729,5909,Red Bull New York,Intercontinental Football Academy of New England,,
U13,Northeast,36893,2027-05-16,6102,5655,TSF Academy,FC Westchester,,
U13,Northeast,36899,2027-05-16,10467,6184,The Island FC East,Beachside of Connecticut,,
U13,Northeast,36857,2027-05-16T13:00Z,5738,7171,Bayside FC,The Island FC West,,
U13,Northeast,28610,2027-05-22T16:00Z,5912,5935,New England Revolution,Valeo Futbol Club,,
U13,Northeast,27370,2027-06-08T13:00Z,5760,5909,FC Greater Boston Bolts,Intercontinental Football Academy of New England,,
U13,Northeast,27570,2027-06-08T14:00Z,6184,6102,Beachside of Connecticut,TSF Academy,,
U13,Northeast,27368,2027-06-08T15:00Z,6289,7171,FA Euro New York,The Island FC West,,
U13,Northeast,26721,2027-06-08T16:00Z,6102,6066,TSF Academy,Cedar Stars Academy Bergen,,
U13,Northeast,27362,2027-06-08T16:00Z,7160,10508,Downtown United Soccer Club,Connecticut United FC,,
U13,Northeast,27590,2027-06-08T16:00Z,5645,10508,New York City FC,Connecticut United FC,,
U13,Northeast,32621,2027-06-08T16:00Z,5912,6028,New England Revolution,NEFC,,
U13,Northeast,27592,2027-06-08T18:15Z,6018,5738,Seacoast United,Bayside FC,,
U13,Northeast,27578,2027-06-08T20:00Z,5655,5939,FC Westchester,New York SC,,
U13,Northwest,26143,2026-09-05T21:00Z,6207,6118,Silicon Valley Soccer Academy,ALBION SC Merced,5,3
U13,Northwest,26120,2026-09-06T02:00Z,5834,6310,Lamorinda Soccer Club,Sacramento United,0,2
U13,Northwest,26126,2026-09-06T02:00Z,6280,5907,Modesto Ajax United,Woodside Soccer Club Crush,4,4
U13,Northwest,26534,2026-09-12T18:00Z,6310,5961,Sacramento United,Ballistic United,1,0
U13,Northwest,26522,2026-09-12T20:00Z,5929,5771,De Anza Force,The Town FC Academy,3,0
U13,Northwest,26545,2026-09-12T20:00Z,5907,5898,Woodside Soccer Club Crush,San Francisco Glens SC,3,3
U13,Northwest,26516,2026-09-13T01:45Z,5903,6207,Atletico Santa Rosa,Silicon Valley Soccer Academy,1,4
U13,Northwest,26510,2026-09-13T02:00Z,6118,5834,ALBION SC Merced,Lamorinda Soccer Club,4,2
U13,Northwest,26989,2026-09-19T16:00Z,6280,5903,Modesto Ajax United,Atletico Santa Rosa,2,1
U13,Northwest,26977,2026-09-19T20:00Z,5961,5929,Ballistic United,De Anza Force,2,5
U13,Northwest,26997,2026-09-19T21:00Z,6207,5918,Silicon Valley Soccer Academy,Sacramento Republic FC,5,3
U13,Northwest,27003,2026-09-19T22:00Z,5771,5907,The Town FC Academy,Woodside Soccer Club Crush,1,2
U13,Northwest,26983,2026-09-20T00:00Z,5728,5834,FC Bay Area Surf,Lamorinda Soccer Club,7,0
U13,Northwest,26971,2026-09-20T02:00Z,6118,5898,ALBION SC Merced,San Francisco Glens SC,5,0
U13,Northwest,26528,2026-09-21T01:45Z,5918,5728,Sacramento Republic FC,FC Bay Area Surf,2,1
U13,Northwest,27401,2026-09-26T22:40Z,5898,6280,San Francisco Glens SC,Modesto Ajax United,2,2
U13,Northwest,27389,2026-09-27T00:00Z,5903,5728,Atletico Santa Rosa,FC Bay Area Surf,1,4
U13,Northwest,27412,2026-09-27T00:30Z,5771,6310,The Town FC Academy,Sacramento United,0,2
U13,Northwest,27383,2026-09-27T01:30Z,6118,6207,ALBION SC Merced,Silicon Valley Soccer Academy,0,4
U13,Northwest,27395,2026-09-27T02:00Z,5834,5929,Lamorinda Soccer Club,De Anza Force,2,5
U13,Northwest,27847,2026-10-03T18:00Z,5929,5903,De Anza Force,Atletico Santa Rosa,,
U13,Northwest,27841,2026-10-03T20:00Z,5961,5918,Ballistic United,Sacramento Republic FC,,
U13,Northwest,27873,2026-10-03T20:00Z,5907,6310,Woodside Soccer Club Crush,Sacramento United,,
U13,Northwest,27864,2026-10-03T22:00Z,5771,5898,The Town FC Academy,San Francisco Glens SC,,
U13,Northwest,27853,2026-10-04T02:00Z,5834,6118,Lamorinda Soccer Club,ALBION SC Merced,,
U13,Northwest,28407,2026-10-17T20:00Z,5907,5903,Woodside Soccer Club Crush,Atletico Santa Rosa,,
U13,Northwest,28398,2026-10-18T01:45Z,5918,5771,Sacramento Republic FC,The Town FC Academy,,
U13,Northwest,28386,2026-10-18T02:00Z,5834,5898,Lamorinda Soccer Club,San Francisco Glens SC,,
U13,Northwest,28392,2026-10-18T02:00Z,6280,5929,Modesto Ajax United,De Anza Force,,
U13,Northwest,28380,2026-10-19T02:00Z,5728,6207,FC Bay Area Surf,Silicon Valley Soccer Academy,,
U13,Northwest,28886,2026-10-24T18:00Z,5929,5898,De Anza Force,San Francisco Glens SC,,
U13,Northwest,28918,2026-10-24T20:00Z,5907,6280,Woodside Soccer Club Crush,Modesto Ajax United,,
U13,Northwest,28892,2026-10-25T00:00Z,5834,5728,Lamorinda Soccer Club,FC Bay Area Surf,,
U13,Northwest,28912,2026-10-25T01:30Z,5771,5961,The Town FC Academy,Ballistic United,,
U13,Northwest,28898,2026-10-25T02:00Z,6310,6118,Sacramento United,ALBION SC Merced,,
U13,Northwest,29323,2026-10-31T16:00Z,6280,5918,Modesto Ajax United,Sacramento Republic FC,,
U13,Northwest,29311,2026-10-31T20:00Z,5961,6310,Ballistic United,Sacramento United,,
U13,Northwest,29337,2026-10-31T21:00Z,6207,5834,Silicon Valley Soccer Academy,Lamorinda Soccer Club,,
U13,Northwest,29317,2026-10-31T22:00Z,5929,5728,De Anza Force,FC Bay Area Surf,,
U13,Northwest,29329,2026-10-31T22:40Z,5898,5903,San Francisco Glens SC,Atletico Santa Rosa,,
U13,Northwest,29305,2026-11-01T02:00Z,6118,5771,ALBION SC Merced,The Town FC Academy,,
U13,Northwest,29733,2026-11-07T19:00Z,6310,6280,Sacramento United,Modesto Ajax United,,
U13,Northwest,29704,2026-11-07T21:00Z,5961,5907,Ballistic United,Woodside Soccer Club Crush,,
U13,Northwest,29727,2026-11-08T02:45Z,5918,6207,Sacramento Republic FC,Silicon Valley Soccer Academy,,
U13,Northwest,29718,2026-11-08T03:00Z,5834,5903,Lamorinda Soccer Club,Atletico Santa Rosa,,
U13,Northwest,29712,2026-11-09T03:00Z,5728,6118,FC Bay Area Surf,ALBION SC Merced,,
U13,Northwest,30179,2026-11-14T21:00Z,5907,5728,Woodside Soccer Club Crush,FC Bay Area Surf,,
U13,Northwest,30173,2026-11-14T22:00Z,6207,5771,Silicon Valley Soccer Academy,The Town FC Academy,,
U13,Northwest,30160,2026-11-15T01:10Z,5898,5929,San Francisco Glens SC,De Anza Force,,
U13,Northwest,30148,2026-11-15T02:45Z,5918,5961,Sacramento Republic FC,Ballistic United,,
U13,Northwest,30142,2026-11-15T03:00Z,5903,6280,Atletico Santa Rosa,Modesto Ajax United,,
U13,Northwest,30154,2026-11-15T03:00Z,6310,5834,Sacramento United,Lamorinda Soccer Club,,
U13,Northwest,30669,2026-11-21T19:00Z,6310,6207,Sacramento United,Silicon Valley Soccer Academy,,
U13,Northwest,30651,2026-11-21T21:00Z,5961,5834,Ballistic United,Lamorinda Soccer Club,,
U13,Northwest,30663,2026-11-22T02:45Z,5918,5929,Sacramento Republic FC,De Anza Force,,
U13,Northwest,30639,2026-11-22T03:00Z,6118,5907,ALBION SC Merced,Woodside Soccer Club Crush,,
U13,Northwest,30645,2026-11-22T03:00Z,5903,5771,Atletico Santa Rosa,The Town FC Academy,,
U13,Northwest,30657,2026-11-22T03:00Z,6280,5898,Modesto Ajax United,San Francisco Glens SC,,
U13,Northwest,30970,2027-01-09,5929,6310,De Anza Force,Sacramento United,,
U13,Northwest,30976,2027-01-09,6280,6118,Modesto Ajax United,ALBION SC Merced,,
U13,Northwest,30999,2027-01-09,6207,5903,Silicon Valley Soccer Academy,Atletico Santa Rosa,,
U13,Northwest,31084,2027-01-16,6118,5929,ALBION SC Merced,De Anza Force,,
U13,Northwest,31090,2027-01-16,6280,5834,Modesto Ajax United,Lamorinda Soccer Club,,
U13,Northwest,31099,2027-01-16,5898,5918,San Francisco Glens SC,Sacramento Republic FC,,
U13,Northwest,31108,2027-01-16,5771,5728,The Town FC Academy,FC Bay Area Surf,,
U13,Northwest,31117,2027-01-16T21:00Z,5907,6207,Woodside Soccer Club Crush,Silicon Valley Soccer Academy,,
U13,Northwest,31284,2027-01-23,5961,6118,Ballistic United,ALBION SC Merced,,
U13,Northwest,31290,2027-01-23,5929,5834,De Anza Force,Lamorinda Soccer Club,,
U13,Northwest,31296,2027-01-23,5728,6280,FC Bay Area Surf,Modesto Ajax United,,
U13,Northwest,31302,2027-01-23,6310,5907,Sacramento United,Woodside Soccer Club Crush,,
U13,Northwest,31311,2027-01-23,6207,5898,Silicon Valley Soccer Academy,San Francisco Glens SC,,
U13,Northwest,31317,2027-01-23,5771,5903,The Town FC Academy,Atletico Santa Rosa,,
U13,Northwest,31470,2027-01-30,5903,6118,Atletico Santa Rosa,ALBION SC Merced,,
U13,Northwest,31476,2027-01-30,5961,5898,Ballistic United,San Francisco Glens SC,,
U13,Northwest,31482,2027-01-30,5929,5907,De Anza Force,Woodside Soccer Club Crush,,
U13,Northwest,31494,2027-01-30,6310,5728,Sacramento United,FC Bay Area Surf,,
U13,Northwest,31502,2027-01-30,5771,6280,The Town FC Academy,Modesto Ajax United,,
U13,Northwest,31488,2027-01-31T03:00Z,5834,5918,Lamorinda Soccer Club,Sacramento Republic FC,,
U13,Northwest,31660,2027-02-06,5728,5771,FC Bay Area Surf,The Town FC Academy,,
U13,Northwest,31666,2027-02-06,6280,5961,Modesto Ajax United,Ballistic United,,
U13,Northwest,31675,2027-02-06,5898,5834,San Francisco Glens SC,Lamorinda Soccer Club,,
U13,Northwest,31692,2027-02-06T21:00Z,5907,5918,Woodside Soccer Club Crush,Sacramento Republic FC,,
U13,Northwest,31857,2027-02-13,5903,6310,Atletico Santa Rosa,Sacramento United,,
U13,Northwest,31863,2027-02-13,5929,5961,De Anza Force,Ballistic United,,
U13,Northwest,31869,2027-02-13,5918,6280,Sacramento Republic FC,Modesto Ajax United,,
U13,Northwest,31878,2027-02-13,6207,5728,Silicon Valley Soccer Academy,FC Bay Area Surf,,
U13,Northwest,31889,2027-02-13T21:00Z,5907,6118,Woodside Soccer Club Crush,ALBION SC Merced,,
U13,Northwest,32210,2027-02-20,6118,5918,ALBION SC Merced,Sacramento Republic FC,,
U13,Northwest,32216,2027-02-20,5961,5903,Ballistic United,Atletico Santa Rosa,,
U13,Northwest,32222,2027-02-20,5728,5907,FC Bay Area Surf,Woodside Soccer Club Crush,,
U13,Northwest,32234,2027-02-20,6280,6207,Modesto Ajax United,Silicon Valley Soccer Academy,,
U13,Northwest,32240,2027-02-20,6310,5898,Sacramento United,San Francisco Glens SC,,
U13,Northwest,32228,2027-02-21T03:00Z,5834,5771,Lamorinda Soccer Club,The Town FC Academy,,
U13,Northwest,32644,2027-02-27,6118,5728,ALBION SC Merced,FC Bay Area Surf,,
U13,Northwest,32650,2027-02-27,5903,5907,Atletico Santa Rosa,Woodside Soccer Club Crush,,
U13,Northwest,32656,2027-02-27,5961,6207,Ballistic United,Silicon Valley Soccer Academy,,
U13,Northwest,32662,2027-02-27,5929,6280,De Anza Force,Modesto Ajax United,,
U13,Northwest,32670,2027-02-27,5918,6310,Sacramento Republic FC,Sacramento United,,
U13,Northwest,32676,2027-02-27,5898,5771,San Francisco Glens SC,The Town FC Academy,,
U13,Northwest,33087,2027-03-06,5728,5918,FC Bay Area Surf,Sacramento Republic FC,,
U13,Northwest,33099,2027-03-06,5898,6310,San Francisco Glens SC,Sacramento United,,
U13,Northwest,33113,2027-03-06,6207,5929,Silicon Valley Soccer Academy,De Anza Force,,
U13,Northwest,33119,2027-03-06,5771,6118,The Town FC Academy,ALBION SC Merced,,
U13,Northwest,33125,2027-03-06T21:00Z,5907,5961,Woodside Soccer Club Crush,Ballistic United,,
U13,Northwest,33093,2027-03-07T03:00Z,5834,6280,Lamorinda Soccer Club,Modesto Ajax United,,
U13,Northwest,33492,2027-03-13,5903,5961,Atletico Santa Rosa,Ballistic United,,
U13,Northwest,33498,2027-03-13,5929,6118,De Anza Force,ALBION SC Merced,,
U13,Northwest,33506,2027-03-13,6280,5728,Modesto Ajax United,FC Bay Area Surf,,
U13,Northwest,33512,2027-03-13,5918,5907,Sacramento Republic FC,Woodside Soccer Club Crush,,
U13,Northwest,33518,2027-03-13,6310,5771,Sacramento United,The Town FC Academy,,
U13,Northwest,33524,2027-03-13,5898,6207,San Francisco Glens SC,Silicon Valley Soccer Academy,,
U13,Northwest,33901,2027-03-20,6118,6310,ALBION SC Merced,Sacramento United,,
U13,Northwest,33907,2027-03-20,5903,5918,Atletico Santa Rosa,Sacramento Republic FC,,
U13,Northwest,33913,2027-03-20,5728,5898,FC Bay Area Surf,San Francisco Glens SC,,
U13,Northwest,33919,2027-03-20,6207,6280,Silicon Valley Soccer Academy,Modesto Ajax United,,
U13,Northwest,33925,2027-03-20,5771,5929,The Town FC Academy,De Anza Force,,
U13,Northwest,33931,2027-03-20T20:00Z,5907,5834,Woodside Soccer Club Crush,Lamorinda Soccer Club,,
U13,Northwest,30985,2027-03-21,5898,5961,San Francisco Glens SC,Ballistic United,,
U13,Northwest,34377,2027-03-27,5961,5771,Ballistic United,The Town FC Academy,,
U13,Northwest,34383,2027-03-27,5728,5903,FC Bay Area Surf,Atletico Santa Rosa,,
U13,Northwest,34389,2027-03-27,5918,5834,Sacramento Republic FC,Lamorinda Soccer Club,,
U13,Northwest,34395,2027-03-27,5898,6118,San Francisco Glens SC,ALBION SC Merced,,
U13,Northwest,34401,2027-03-27,6207,6310,Silicon Valley Soccer Academy,Sacramento United,,
U13,Northwest,34407,2027-03-27T20:00Z,5907,5929,Woodside Soccer Club Crush,De Anza Force,,
U13,Northwest,34638,2027-04-03,6118,5961,ALBION SC Merced,Ballistic United,,
U13,Northwest,34644,2027-04-03,5929,5918,De Anza Force,Sacramento Republic FC,,
U13,Northwest,34658,2027-04-03,6310,5903,Sacramento United,Atletico Santa Rosa,,
U13,Northwest,34664,2027-04-03,5898,5728,San Francisco Glens SC,FC Bay Area Surf,,
U13,Northwest,34670,2027-04-03,5771,6207,The Town FC Academy,Silicon Valley Soccer Academy,,
U13,Northwest,34650,2027-04-04T02:00Z,5834,5907,Lamorinda Soccer Club,Woodside Soccer Club Crush,,
U13,Northwest,35074,2027-04-10,5903,5834,Atletico Santa Rosa,Lamorinda Soccer Club,,
U13,Northwest,35080,2027-04-10,5728,5929,FC Bay Area Surf,De Anza Force,,
U13,Northwest,35086,2027-04-10,6280,6310,Modesto Ajax United,Sacramento United,,
U13,Northwest,35092,2027-04-10,5918,6118,Sacramento Republic FC,ALBION SC Merced,,
U13,Northwest,35100,2027-04-10,6207,5961,Silicon Valley Soccer Academy,Ballistic United,,
U13,Northwest,35106,2027-04-10T20:00Z,5907,5771,Woodside Soccer Club Crush,The Town FC Academy,,
U13,Northwest,35510,2027-04-17,5903,5929,Atletico Santa Rosa,De Anza Force,,
U13,Northwest,35516,2027-04-17,5961,6280,Ballistic United,Modesto Ajax United,,
U13,Northwest,35522,2027-04-17,5728,6310,FC Bay Area Surf,Sacramento United,,
U13,Northwest,35528,2027-04-17,5834,6207,Lamorinda Soccer Club,Silicon Valley Soccer Academy,,
U13,Northwest,35534,2027-04-17,5898,5907,San Francisco Glens SC,Woodside Soccer Club Crush,,
U13,Northwest,35540,2027-04-17,5771,5918,The Town FC Academy,Sacramento Republic FC,,
U13,Northwest,35924,2027-04-24,6118,6280,ALBION SC Merced,Modesto Ajax United,,
U13,Northwest,35930,2027-04-24,5903,5898,Atletico Santa Rosa,San Francisco Glens SC,,
U13,Northwest,35936,2027-04-24,5961,5728,Ballistic United,FC Bay Area Surf,,
U13,Northwest,35942,2027-04-24,5929,6207,De Anza Force,Silicon Valley Soccer Academy,,
U13,Northwest,35948,2027-04-24,6310,5918,Sacramento United,Sacramento Republic FC,,
U13,Northwest,35954,2027-04-24,5771,5834,The Town FC Academy,Lamorinda Soccer Club,,
U13,Northwest,26114,2027-05-01,5728,5961,FC Bay Area Surf,Ballistic United,,
U13,Northwest,36465,2027-05-08,6118,5903,ALBION SC Merced,Atletico Santa Rosa,,
U13,Northwest,36479,2027-05-08,6280,5771,Modesto Ajax United,The Town FC Academy,,
U13,Northwest,36485,2027-05-08,5918,5898,Sacramento Republic FC,San Francisco Glens SC,,
U13,Northwest,36491,2027-05-08,6310,5929,Sacramento United,De Anza Force,,
U13,Northwest,36497,2027-05-08,6207,5907,Silicon Valley Soccer Academy,Woodside Soccer Club Crush,,
U13,Northwest,36473,2027-05-09T02:00Z,5834,5961,Lamorinda Soccer Club,Ballistic United,,
U13,Northwest,26135,2027-05-15T18:00Z,5918,5903,Sacramento Republic FC,Atletico Santa Rosa,,
U13,Southeast,26074,2026-09-05T17:00Z,9686,6060,Huntsville City FC,Queen City Mutiny FC,0,2
U13,Southeast,36156,2026-09-05T18:00Z,6272,8865,Triangle United Soccer Association,Chattanooga FC,4,3
U13,Southeast,26244,2026-09-06T13:00Z,6012,6098,Inter Atlanta FC,AFC Lightning,2,0
U13,Southeast,26240,2026-09-06T14:00Z,7279,9651,Atlanta United,Charlotte Independence Soccer Club,8,1
U13,Southeast,26246,2026-09-06T16:00Z,5835,6060,Nashville United Soccer Academy (NUSA Next),Queen City Mutiny FC,2,0
U13,Southeast,29871,2026-09-12T16:00Z,8865,5870,Chattanooga FC,Hoover-Vestavia Soccer,4,0
U13,Southeast,26558,2026-09-12T17:00Z,7279,6257,Atlanta United,Wake FC,6,3
U13,Southeast,26560,2026-09-12T17:00Z,9651,5751,Charlotte Independence Soccer Club,KSA,3,0
U13,Southeast,26692,2026-09-13T13:00Z,9651,6098,Charlotte Independence Soccer Club,AFC Lightning,6,0
U13,Southeast,26690,2026-09-13T15:00Z,7154,6060,Carolina Core FC,Queen City Mutiny FC,3,2
U13,Southeast,26693,2026-09-13T15:00Z,5870,6319,Hoover-Vestavia Soccer,Southern Soccer Academy,0,11
U13,Southeast,26689,2026-09-13T17:00Z,7279,6012,Atlanta United,Inter Atlanta FC,3,0
U13,Southeast,26694,2026-09-13T17:00Z,6143,6257,Lanier Soccer Association,Wake FC,1,5
U13,Southeast,26926,2026-09-19T06:00Z,5751,8865,KSA,Chattanooga FC,2,4
U13,Southeast,26922,2026-09-19T13:00Z,6098,7154,AFC Lightning,Carolina Core FC,1,3
U13,Southeast,26927,2026-09-19T15:00Z,6319,5835,Southern Soccer Academy,Nashville United Soccer Academy (NUSA Next),5,0
U13,Southeast,36912,2026-09-19T15:00Z,6012,6272,Inter Atlanta FC,Triangle United Soccer Association,2,0
U13,Southeast,26924,2026-09-19T17:00Z,9651,7279,Charlotte Independence Soccer Club,Atlanta United,0,4
U13,Southeast,30708,2026-09-20T13:00Z,6060,9651,Queen City Mutiny FC,Charlotte Independence Soccer Club,4,2
U13,Southeast,36793,2026-09-20T14:00Z,6098,6272,AFC Lightning,Triangle United Soccer Association,3,0
U13,Southeast,27155,2026-09-20T16:00Z,5751,7154,KSA,Carolina Core FC,0,5
U13,Southeast,27193,2026-09-20T17:00Z,6143,5870,Lanier Soccer Association,Hoover-Vestavia Soccer,4,1
U13,Southeast,27198,2026-09-20T17:00Z,6319,8865,Southern Soccer Academy,Chattanooga FC,4,2
U13,Southeast,27455,2026-09-26T13:00Z,7154,5870,Carolina Core FC,Hoover-Vestavia Soccer,10,2
U13,Southeast,27542,2026-09-26T17:00Z,6143,9651,Lanier Soccer Association,Charlotte Independence Soccer Club,2,3
U13,Southeast,27544,2026-09-26T17:30Z,6060,6012,Queen City Mutiny FC,Inter Atlanta FC,2,1
U13,Southeast,27548,2026-09-26T21:00Z,6257,6319,Wake FC,Southern Soccer Academy,3,4
U13,Southeast,27790,2026-09-27T13:00Z,7154,6012,Carolina Core FC,Inter Atlanta FC,1,5
U13,Southeast,27792,2026-09-27T15:00Z,9686,8865,Huntsville City FC,Chattanooga FC,4,4
U13,Southeast,27794,2026-09-27T15:00Z,6060,6098,Queen City Mutiny FC,AFC Lightning,2,0
U13,Southeast,27793,2026-09-27T16:00Z,5835,5751,Nashville United Soccer Academy (NUSA Next),KSA,4,1
U13,Southeast,27795,2026-09-27T17:00Z,6272,5870,Triangle United Soccer Association,Hoover-Vestavia Soccer,5,1
U13,Southeast,27906,2026-10-03T15:00Z,7279,7154,Atlanta United,Carolina Core FC,,
U13,Southeast,28103,2026-10-04T13:00Z,6060,9686,Queen City Mutiny FC,Huntsville City FC,,
U13,Southeast,28105,2026-10-04T15:00Z,6319,5751,Southern Soccer Academy,KSA,,
U13,Southeast,28098,2026-10-04T16:00Z,8865,6143,Chattanooga FC,Lanier Soccer Association,,
U13,Southeast,28095,2026-10-04T17:00Z,7279,6098,Atlanta United,AFC Lightning,,
U13,Southeast,28100,2026-10-04T17:00Z,6012,6257,Inter Atlanta FC,Wake FC,,
U13,Southeast,28546,2026-10-17T16:00Z,8865,6012,Chattanooga FC,Inter Atlanta FC,,
U13,Southeast,28544,2026-10-17T19:00Z,6098,6257,AFC Lightning,Wake FC,,
U13,Southeast,28547,2026-10-17T20:00Z,9686,9651,Huntsville City FC,Charlotte Independence Soccer Club,,
U13,Southeast,28644,2026-10-17T21:00Z,6319,5870,Southern Soccer Academy,Hoover-Vestavia Soccer,,
U13,Southeast,28638,2026-10-18T14:00Z,9686,6012,Huntsville City FC,Inter Atlanta FC,,
U13,Southeast,28640,2026-10-18T15:00Z,5835,7279,Nashville United Soccer Academy (NUSA Next),Atlanta United,,
U13,Southeast,34424,2026-10-18T15:00Z,6060,6272,Queen City Mutiny FC,Triangle United Soccer Association,,
U13,Southeast,35269,2026-10-18T15:00Z,6319,6257,Southern Soccer Academy,Wake FC,,
U13,Southeast,28636,2026-10-18T16:00Z,8865,7154,Chattanooga FC,Carolina Core FC,,
U13,Southeast,28639,2026-10-18T18:00Z,5751,6143,KSA,Lanier Soccer Association,,
U13,Southeast,28939,2026-10-24T13:00Z,6098,5835,AFC Lightning,Nashville United Soccer Academy (NUSA Next),,
U13,Southeast,28940,2026-10-24T17:00Z,7279,6319,Atlanta United,Southern Soccer Academy,,
U13,Southeast,28946,2026-10-24T17:00Z,9651,8865,Charlotte Independence Soccer Club,Chattanooga FC,,
U13,Southeast,28949,2026-10-24T17:00Z,6257,9686,Wake FC,Huntsville City FC,,
U13,Southeast,28947,2026-10-24T20:00Z,5751,6060,KSA,Queen City Mutiny FC,,
U13,Southeast,29247,2026-10-25T13:00Z,6012,5835,Inter Atlanta FC,Nashville United Soccer Academy (NUSA Next),,
U13,Southeast,27153,2026-10-25T15:00Z,9651,9686,Charlotte Independence Soccer Club,Huntsville City FC,,
U13,Southeast,29251,2026-10-25T15:00Z,6257,8865,Wake FC,Chattanooga FC,,
U13,Southeast,29136,2026-10-25T17:00Z,7279,6143,Atlanta United,Lanier Soccer Association,,
U13,Southeast,29134,2026-10-25T18:00Z,6098,6060,AFC Lightning,Queen City Mutiny FC,,
U13,Southeast,29439,2026-10-31T13:00Z,6012,7154,Inter Atlanta FC,Carolina Core FC,,
U13,Southeast,29438,2026-10-31T15:00Z,5870,9651,Hoover-Vestavia Soccer,Charlotte Independence Soccer Club,,
U13,Southeast,29441,2026-10-31T15:00Z,6319,6272,Southern Soccer Academy,Triangle United Soccer Association,,
U13,Southeast,29506,2026-11-01T14:00Z,6012,9651,Inter Atlanta FC,Charlotte Independence Soccer Club,,
U13,Southeast,29507,2026-11-01T15:00Z,5751,6272,KSA,Triangle United Soccer Association,,
U13,Southeast,29509,2026-11-01T16:00Z,5835,8865,Nashville United Soccer Academy (NUSA Next),Chattanooga FC,,
U13,Southeast,30092,2026-11-01T16:00Z,9686,5870,Huntsville City FC,Hoover-Vestavia Soccer,,
U13,Southeast,29508,2026-11-01T18:00Z,6143,6098,Lanier Soccer Association,AFC Lightning,,
U13,Southeast,29646,2026-11-01T18:00Z,6319,7154,Southern Soccer Academy,Carolina Core FC,,
U13,Southeast,29873,2026-11-07T15:00Z,5835,6012,Nashville United Soccer Academy (NUSA Next),Inter Atlanta FC,,
U13,Southeast,27200,2026-11-07T18:00Z,6272,6257,Triangle United Soccer Association,Wake FC,,
U13,Southeast,29868,2026-11-07T18:00Z,7279,6060,Atlanta United,Queen City Mutiny FC,,
U13,Southeast,29872,2026-11-07T18:00Z,6143,6319,Lanier Soccer Association,Southern Soccer Academy,,
U13,Southeast,29946,2026-11-08T14:00Z,7154,6272,Carolina Core FC,Triangle United Soccer Association,,
U13,Southeast,29944,2026-11-08T15:00Z,6098,5751,AFC Lightning,KSA,,
U13,Southeast,29513,2026-11-08T16:00Z,6060,6257,Queen City Mutiny FC,Wake FC,,
U13,Southeast,30089,2026-11-08T17:30Z,8865,7279,Chattanooga FC,Atlanta United,,
U13,Southeast,30339,2026-11-14T14:00Z,6319,9686,Southern Soccer Academy,Huntsville City FC,,
U13,Southeast,30336,2026-11-14T16:00Z,6098,8865,AFC Lightning,Chattanooga FC,,
U13,Southeast,30219,2026-11-14T18:00Z,6257,5835,Wake FC,Nashville United Soccer Academy (NUSA Next),,
U13,Southeast,30341,2026-11-14T18:00Z,6272,9651,Triangle United Soccer Association,Charlotte Independence Soccer Club,,
U13,Southeast,30410,2026-11-15T14:00Z,6012,5870,Inter Atlanta FC,Hoover-Vestavia Soccer,,
U13,Southeast,30411,2026-11-15T14:00Z,6143,7279,Lanier Soccer Association,Atlanta United,,
U13,Southeast,30413,2026-11-15T14:00Z,6060,5751,Queen City Mutiny FC,KSA,,
U13,Southeast,30407,2026-11-15T15:00Z,6098,9686,AFC Lightning,Huntsville City FC,,
U13,Southeast,32049,2026-11-15T18:00Z,9651,5835,Charlotte Independence Soccer Club,Nashville United Soccer Academy (NUSA Next),,
U13,Southeast,30705,2026-11-21,5835,6272,Nashville United Soccer Academy (NUSA Next),Triangle United Soccer Association,,
U13,Southeast,30704,2026-11-21T15:00Z,9686,6143,Huntsville City FC,Lanier Soccer Association,,
U13,Southeast,33302,2026-11-21T18:00Z,6257,9651,Wake FC,Charlotte Independence Soccer Club,,
U13,Southeast,30876,2026-11-22T14:00Z,6257,7154,Wake FC,Carolina Core FC,,
U13,Southeast,30871,2026-11-22T16:00Z,5870,6098,Hoover-Vestavia Soccer,AFC Lightning,,
U13,Southeast,30873,2026-11-22T17:00Z,5835,6143,Nashville United Soccer Academy (NUSA Next),Lanier Soccer Association,,
U13,Southeast,30872,2026-11-22T19:00Z,5751,6012,KSA,Inter Atlanta FC,,
U13,Southeast,30834,2027-01-30,8865,6319,Chattanooga FC,Southern Soccer Academy,,
U13,Southeast,26251,2027-01-30T18:00Z,6257,6272,Wake FC,Triangle United Soccer Association,,
U13,Southeast,28006,2027-02-06,8865,6272,Chattanooga FC,Triangle United Soccer Association,,
U13,Southeast,35122,2027-02-07T16:00Z,6319,9651,Southern Soccer Academy,Charlotte Independence Soccer Club,,
U13,Southeast,31908,2027-02-13,7154,6319,Carolina Core FC,Southern Soccer Academy,,
U13,Southeast,31913,2027-02-13,6272,6143,Triangle United Soccer Association,Lanier Soccer Association,,
U13,Southeast,31909,2027-02-13T16:00Z,5870,7279,Hoover-Vestavia Soccer,Atlanta United,,
U13,Southeast,31914,2027-02-13T22:00Z,6257,6012,Wake FC,Inter Atlanta FC,,
U13,Southeast,32048,2027-02-14,7154,6143,Carolina Core FC,Lanier Soccer Association,,
U13,Southeast,32050,2027-02-14,8865,6060,Chattanooga FC,Queen City Mutiny FC,,
U13,Southeast,32054,2027-02-14,6272,6319,Triangle United Soccer Association,Southern Soccer Academy,,
U13,Southeast,32055,2027-02-14,6257,5751,Wake FC,KSA,,
U13,Southeast,32279,2027-02-20,6012,9686,Inter Atlanta FC,Huntsville City FC,,
U13,Southeast,32278,2027-02-20T16:00Z,9651,5870,Charlotte Independence Soccer Club,Hoover-Vestavia Soccer,,
U13,Southeast,32357,2027-02-20T17:00Z,5835,6257,Nashville United Soccer Academy (NUSA Next),Wake FC,,
U13,Southeast,32391,2027-02-21,5751,6098,KSA,AFC Lightning,,
U13,Southeast,32446,2027-02-21,6272,7154,Triangle United Soccer Association,Carolina Core FC,,
U13,Southeast,32393,2027-02-21T14:00Z,6060,5870,Queen City Mutiny FC,Hoover-Vestavia Soccer,,
U13,Southeast,26076,2027-02-21T15:00Z,5835,7154,Nashville United Soccer Academy (NUSA Next),Carolina Core FC,,
U13,Southeast,32388,2027-02-21T16:00Z,7279,9686,Atlanta United,Huntsville City FC,,
U13,Southeast,32443,2027-02-21T16:00Z,6319,6143,Southern Soccer Academy,Lanier Soccer Association,,
U13,Southeast,34417,2027-02-25T00:30Z,5870,9686,Hoover-Vestavia Soccer,Huntsville City FC,,
U13,Southeast,32705,2027-02-27,6143,5751,Lanier Soccer Association,KSA,,
U13,Southeast,32704,2027-02-27T16:00Z,5870,6272,Hoover-Vestavia Soccer,Triangle United Soccer Association,,
U13,Southeast,32700,2027-02-27T18:00Z,7279,5835,Atlanta United,Nashville United Soccer Academy (NUSA Next),,
U13,Southeast,32702,2027-02-27T18:00Z,9651,6319,Charlotte Independence Soccer Club,Southern Soccer Academy,,
U13,Southeast,32810,2027-02-28,7154,6257,Carolina Core FC,Wake FC,,
U13,Southeast,32807,2027-02-28T14:00Z,6098,6012,AFC Lightning,Inter Atlanta FC,,
U13,Southeast,32812,2027-02-28T16:00Z,5870,8865,Hoover-Vestavia Soccer,Chattanooga FC,,
U13,Southeast,32809,2027-02-28T18:00Z,7279,6272,Atlanta United,Triangle United Soccer Association,,
U13,Southeast,26243,2027-03-06,9686,7154,Huntsville City FC,Carolina Core FC,,
U13,Southeast,33043,2027-03-06,8865,5751,Chattanooga FC,KSA,,
U13,Southeast,33050,2027-03-06,6272,6098,Triangle United Soccer Association,AFC Lightning,,
U13,Southeast,33044,2027-03-06T16:00Z,5870,6143,Hoover-Vestavia Soccer,Lanier Soccer Association,,
U13,Southeast,33045,2027-03-06T18:00Z,6012,6060,Inter Atlanta FC,Queen City Mutiny FC,,
U13,Southeast,33296,2027-03-07T16:00Z,5835,9686,Nashville United Soccer Academy (NUSA Next),Huntsville City FC,,
U13,Southeast,33299,2027-03-07T16:00Z,6319,6060,Southern Soccer Academy,Queen City Mutiny FC,,
U13,Southeast,36150,2027-03-07T16:00Z,5870,7154,Hoover-Vestavia Soccer,Carolina Core FC,,
U13,Southeast,30088,2027-03-07T20:00Z,9651,6257,Charlotte Independence Soccer Club,Wake FC,,
U13,Southeast,33661,2027-03-13,6060,6143,Queen City Mutiny FC,Lanier Soccer Association,,
U13,Southeast,33663,2027-03-13,6272,5835,Triangle United Soccer Association,Nashville United Soccer Academy (NUSA Next),,
U13,Southeast,33657,2027-03-13T14:00Z,6098,6319,AFC Lightning,Southern Soccer Academy,,
U13,Southeast,33659,2027-03-13T16:00Z,9651,6012,Charlotte Independence Soccer Club,Inter Atlanta FC,,
U13,Southeast,33658,2027-03-13T18:00Z,7279,5870,Atlanta United,Hoover-Vestavia Soccer,,
U13,Southeast,33870,2027-03-14,7154,5835,Carolina Core FC,Nashville United Soccer Academy (NUSA Next),,
U13,Southeast,33872,2027-03-14,9651,6143,Charlotte Independence Soccer Club,Lanier Soccer Association,,
U13,Southeast,33873,2027-03-14,5751,9686,KSA,Huntsville City FC,,
U13,Southeast,33877,2027-03-14,6272,6012,Triangle United Soccer Association,Inter Atlanta FC,,
U13,Southeast,33868,2027-03-14T15:00Z,7279,8865,Atlanta United,Chattanooga FC,,
U13,Southeast,28646,2027-03-20,6272,6060,Triangle United Soccer Association,Queen City Mutiny FC,,
U13,Southeast,34059,2027-03-20,8865,9651,Chattanooga FC,Charlotte Independence Soccer Club,,
U13,Southeast,34061,2027-03-20,5870,5751,Hoover-Vestavia Soccer,KSA,,
U13,Southeast,34062,2027-03-20,9686,6272,Huntsville City FC,Triangle United Soccer Association,,
U13,Southeast,34064,2027-03-20T17:00Z,6143,7154,Lanier Soccer Association,Carolina Core FC,,
U13,Southeast,34065,2027-03-20T18:00Z,5835,6098,Nashville United Soccer Academy (NUSA Next),AFC Lightning,,
U13,Southeast,34161,2027-03-21,8865,6098,Chattanooga FC,AFC Lightning,,
U13,Southeast,34163,2027-03-21,6012,6319,Inter Atlanta FC,Southern Soccer Academy,,
U13,Southeast,34162,2027-03-21T15:00Z,9686,7279,Huntsville City FC,Atlanta United,,
U13,Southeast,34282,2027-03-21T15:00Z,6257,6060,Wake FC,Queen City Mutiny FC,,
U13,Southeast,34279,2027-03-21T16:00Z,5835,9651,Nashville United Soccer Academy (NUSA Next),Charlotte Independence Soccer Club,,
U13,Southeast,34414,2027-03-27,7154,9651,Carolina Core FC,Charlotte Independence Soccer Club,,
U13,Southeast,34416,2027-03-27,8865,6257,Chattanooga FC,Wake FC,,
U13,Southeast,34418,2027-03-27,5751,5835,KSA,Nashville United Soccer Academy (NUSA Next),,
U13,Southeast,34426,2027-03-27T15:00Z,6319,6098,Southern Soccer Academy,AFC Lightning,,
U13,Southeast,34420,2027-03-27T17:00Z,6143,6012,Lanier Soccer Association,Inter Atlanta FC,,
U13,Southeast,34702,2027-04-03,7154,8865,Carolina Core FC,Chattanooga FC,,
U13,Southeast,34705,2027-04-03,6272,5751,Triangle United Soccer Association,KSA,,
U13,Southeast,35456,2027-04-03T13:00Z,6257,7279,Wake FC,Atlanta United,,
U13,Southeast,34807,2027-04-04,7154,5751,Carolina Core FC,KSA,,
U13,Southeast,34811,2027-04-04,9686,5835,Huntsville City FC,Nashville United Soccer Academy (NUSA Next),,
U13,Southeast,34856,2027-04-04,6060,8865,Queen City Mutiny FC,Chattanooga FC,,
U13,Southeast,34858,2027-04-04,6272,7279,Triangle United Soccer Association,Atlanta United,,
U13,Southeast,34805,2027-04-04T13:00Z,6098,6143,AFC Lightning,Lanier Soccer Association,,
U13,Southeast,34810,2027-04-04T15:00Z,5870,6012,Hoover-Vestavia Soccer,Inter Atlanta FC,,
U13,Southeast,35117,2027-04-10,6012,6143,Inter Atlanta FC,Lanier Soccer Association,,
U13,Southeast,35118,2027-04-10,5751,6257,KSA,Wake FC,,
U13,Southeast,35123,2027-04-10,6272,9686,Triangle United Soccer Association,Huntsville City FC,,
U13,Southeast,29117,2027-04-10T13:00Z,7154,9686,Carolina Core FC,Huntsville City FC,,
U13,Southeast,35115,2027-04-10T13:00Z,6098,7279,AFC Lightning,Atlanta United,,
U13,Southeast,35119,2027-04-10T16:00Z,5835,5870,Nashville United Soccer Academy (NUSA Next),Hoover-Vestavia Soccer,,
U13,Southeast,35266,2027-04-11,5751,9651,KSA,Charlotte Independence Soccer Club,,
U13,Southeast,35279,2027-04-11,6060,7154,Queen City Mutiny FC,Carolina Core FC,,
U13,Southeast,28008,2027-04-11T19:00Z,5870,6257,Hoover-Vestavia Soccer,Wake FC,,
U13,Southeast,35450,2027-04-17,7154,6098,Carolina Core FC,AFC Lightning,,
U13,Southeast,35451,2027-04-17,8865,9686,Chattanooga FC,Huntsville City FC,,
U13,Southeast,35562,2027-04-17T21:00Z,6143,6272,Lanier Soccer Association,Triangle United Soccer Association,,
U13,Southeast,35695,2027-04-18,7154,7279,Carolina Core FC,Atlanta United,,
U13,Southeast,35738,2027-04-18,5751,5870,KSA,Hoover-Vestavia Soccer,,
U13,Southeast,35696,2027-04-18T13:00Z,9651,6060,Charlotte Independence Soccer Club,Queen City Mutiny FC,,
U13,Southeast,35741,2027-04-18T15:00Z,6319,6012,Southern Soccer Academy,Inter Atlanta FC,,
U13,Southeast,35743,2027-04-18T15:00Z,6257,6098,Wake FC,AFC Lightning,,
U13,Southeast,35739,2027-04-18T17:00Z,6143,5835,Lanier Soccer Association,Nashville United Soccer Academy (NUSA Next),,
U13,Southeast,35990,2027-04-24,9686,6257,Huntsville City FC,Wake FC,,
U13,Southeast,35987,2027-04-24T13:00Z,6098,9651,AFC Lightning,Charlotte Independence Soccer Club,,
U13,Southeast,35989,2027-04-24T14:00Z,5870,6060,Hoover-Vestavia Soccer,Queen City Mutiny FC,,
U13,Southeast,35991,2027-04-24T16:00Z,5835,6319,Nashville United Soccer Academy (NUSA Next),Southern Soccer Academy,,
U13,Southeast,36151,2027-04-25,9686,6319,Huntsville City FC,Southern Soccer Academy,,
U13,Southeast,36152,2027-04-25,6012,5751,Inter Atlanta FC,KSA,,
U13,Southeast,36153,2027-04-25T17:00Z,6143,6060,Lanier Soccer Association,Queen City Mutiny FC,,
U13,Southeast,31910,2027-05-01,9686,6098,Huntsville City FC,AFC Lightning,,
U13,Southeast,36401,2027-05-01,5751,7279,KSA,Atlanta United,,
U13,Southeast,36405,2027-05-02T13:00Z,6319,7279,Southern Soccer Academy,Atlanta United,,
U13,Southeast,36520,2027-05-07T23:30Z,6012,7279,Inter Atlanta FC,Atlanta United,,
U13,Southeast,36515,2027-05-08,8865,5835,Chattanooga FC,Nashville United Soccer Academy (NUSA Next),,
U13,Southeast,36516,2027-05-08,9686,5751,Huntsville City FC,KSA,,
U13,Southeast,36524,2027-05-08,6060,6319,Queen City Mutiny FC,Southern Soccer Academy,,
U13,Southeast,36503,2027-05-08T15:00Z,6098,5870,AFC Lightning,Hoover-Vestavia Soccer,,
U13,Southeast,36514,2027-05-08T19:00Z,9651,6272,Charlotte Independence Soccer Club,Triangle United Soccer Association,,
U13,Southeast,36532,2027-05-08T21:00Z,6257,6143,Wake FC,Lanier Soccer Association,,
U13,Southeast,36794,2027-05-15,6012,8865,Inter Atlanta FC,Chattanooga FC,,
U13,Southeast,36796,2027-05-15,6060,5835,Queen City Mutiny FC,Nashville United Soccer Academy (NUSA Next),,
U13,Southeast,36795,2027-05-15T15:00Z,6143,9686,Lanier Soccer Association,Huntsville City FC,,
U13,Southeast,36797,2027-05-15T21:00Z,6257,5870,Wake FC,Hoover-Vestavia Soccer,,
U13,Southeast,36913,2027-05-16,5751,6319,KSA,Southern Soccer Academy,,
U13,Southeast,36915,2027-05-16,6060,7279,Queen City Mutiny FC,Atlanta United,,
U13,Southeast,36911,2027-05-16T13:00Z,9651,7154,Charlotte Independence Soccer Club,Carolina Core FC,,
U13,Southeast,36914,2027-05-16T15:00Z,6143,8865,Lanier Soccer Association,Chattanooga FC,,
U13,Southeast,26071,2027-06-08T17:00Z,7279,5751,Atlanta United,KSA,,
U13,Southeast,28099,2027-06-08T19:00Z,5870,5835,Hoover-Vestavia Soccer,Nashville United Soccer Academy (NUSA Next),,
U13,Southwest,26173,2026-09-05T16:00Z,5667,5800,Chula Vista FC,Las Vegas Sports Academy,4,4
U13,Southwest,26175,2026-09-05T16:00Z,6055,6192,City SC - San Diego,RSL Arizona Mesa,6,1
U13,Southwest,26187,2026-09-05T16:00Z,9644,6011,San Diego FC,RSL Arizona,2,3
U13,Southwest,26183,2026-09-05T18:00Z,5899,6267,LA Galaxy,Los Angeles Football Club,4,4
U13,Southwest,26359,2026-09-05T18:00Z,6294,6344,Santa Barbara Soccer Club,Los Angeles Sports Club,5,2
U13,Southwest,26177,2026-09-05T20:00Z,6165,6171,FC Golden State Force,SC Del Sol,2,2
U13,Southwest,26347,2026-09-06T18:00Z,6282,5800,ALBION SC San Diego,Las Vegas Sports Academy,5,5
U13,Southwest,26353,2026-09-06T18:00Z,5899,6045,LA Galaxy,Strikers FC,0,3
U13,Southwest,26351,2026-09-06T19:45Z,6055,5777,City SC - San Diego,Albion SC Las Vegas,2,1
U13,Southwest,26361,2026-09-06T20:00Z,5815,6092,Total Futbol Academy,SoCal Reds FC,4,1
U13,Southwest,26355,2026-09-07T01:10Z,6120,6327,Los Angeles Bulls Soccer Club,Ventura County Fusion,1,1
U13,Southwest,26573,2026-09-12T18:00Z,5899,6038,LA Galaxy,Albion SC Los Angeles,3,3
U13,Southwest,26571,2026-09-12T20:00Z,6165,5815,FC Golden State Force,Total Futbol Academy,1,8
U13,Southwest,26575,2026-09-12T20:00Z,5800,5859,Las Vegas Sports Academy,Phoenix Rising FC,5,5
U13,Southwest,26789,2026-09-12T23:30Z,5852,9644,City SC Southwest,San Diego FC,0,5
U13,Southwest,26577,2026-09-13T01:30Z,6327,6092,Ventura County Fusion,SoCal Reds FC,2,6
U13,Southwest,26783,2026-09-13T16:00Z,6055,5953,City SC - San Diego,LA Surf Soccer Club,6,0
U13,Southwest,26793,2026-09-13T16:00Z,6267,6011,Los Angeles Football Club,RSL Arizona,1,1
U13,Southwest,26791,2026-09-13T18:00Z,5899,6294,LA Galaxy,Santa Barbara Soccer Club,5,0
U13,Southwest,26802,2026-09-13T19:50Z,6045,6120,Strikers FC,Los Angeles Bulls Soccer Club,7,1
U13,Southwest,26781,2026-09-13T20:00Z,5777,5859,Albion SC Las Vegas,Phoenix Rising FC,3,4
U13,Southwest,26796,2026-09-13T20:00Z,6344,6192,Los Angeles Sports Club,RSL Arizona Mesa,15,0
U13,Southwest,27033,2026-09-19T16:00Z,5777,6171,Albion SC Las Vegas,SC Del Sol,3,3
U13,Southwest,27035,2026-09-19T16:00Z,6038,5815,Albion SC Los Angeles,Total Futbol Academy,2,4
U13,Southwest,27037,2026-09-19T16:00Z,5852,6120,City SC Southwest,Los Angeles Bulls Soccer Club,2,2
U13,Southwest,27049,2026-09-19T16:00Z,5953,6282,LA Surf Soccer Club,ALBION SC San Diego,2,3
U13,Southwest,27055,2026-09-19T16:00Z,6011,6055,RSL Arizona,City SC - San Diego,4,1
U13,Southwest,27057,2026-09-19T16:00Z,9644,6294,San Diego FC,Santa Barbara Soccer Club,5,1
U13,Southwest,27043,2026-09-19T20:00Z,6165,5859,FC Golden State Force,Phoenix Rising FC,1,10
U13,Southwest,27236,2026-09-20T16:00Z,5953,5859,LA Surf Soccer Club,Phoenix Rising FC,5,2
U13,Southwest,27242,2026-09-20T16:00Z,6192,6055,RSL Arizona Mesa,City SC - San Diego,0,13
U13,Southwest,27246,2026-09-20T16:00Z,6092,6267,SoCal Reds FC,Los Angeles Football Club,4,2
U13,Southwest,27222,2026-09-20T17:30Z,5852,6045,City SC Southwest,Strikers FC,0,2
U13,Southwest,27228,2026-09-20T20:00Z,6165,6282,FC Golden State Force,ALBION SC San Diego,1,3
U13,Southwest,27234,2026-09-20T20:00Z,5800,6171,Las Vegas Sports Academy,SC Del Sol,4,1
U13,Southwest,27216,2026-09-20T22:00Z,5667,6294,Chula Vista FC,Santa Barbara Soccer Club,3,1
U13,Southwest,27456,2026-09-26T16:00Z,5777,6055,Albion SC Las Vegas,City SC - San Diego,0,1
U13,Southwest,27476,2026-09-26T16:00Z,5953,9644,LA Surf Soccer Club,San Diego FC,3,3
U13,Southwest,27478,2026-09-26T16:00Z,6011,6344,RSL Arizona,Los Angeles Sports Club,1,2
U13,Southwest,27484,2026-09-26T16:00Z,6092,5852,SoCal Reds FC,City SC Southwest,3,0
U13,Southwest,27468,2026-09-26T17:15Z,6120,6171,Los Angeles Bulls Soccer Club,SC Del Sol,2,2
U13,Southwest,27474,2026-09-26T18:00Z,5899,6267,LA Galaxy,Los Angeles Football Club,8,2
U13,Southwest,27490,2026-09-26T19:50Z,6045,6192,Strikers FC,RSL Arizona Mesa,6,0
U13,Southwest,27646,2026-09-27T16:00Z,5800,6055,Las Vegas Sports Academy,City SC - San Diego,1,2
U13,Southwest,27666,2026-09-27T16:00Z,6294,5899,Santa Barbara Soccer Club,LA Galaxy,4,6
U13,Southwest,27648,2026-09-27T17:15Z,6120,6192,Los Angeles Bulls Soccer Club,RSL Arizona Mesa,7,0
U13,Southwest,27640,2026-09-27T18:00Z,6282,6327,ALBION SC San Diego,Ventura County Fusion,2,2
U13,Southwest,27660,2026-09-27T19:00Z,5859,6344,Phoenix Rising FC,Los Angeles Sports Club,1,6
U13,Southwest,27634,2026-09-27T20:00Z,5777,6038,Albion SC Las Vegas,Albion SC Los Angeles,3,0
U13,Southwest,27668,2026-09-27T20:00Z,6092,6171,SoCal Reds FC,SC Del Sol,3,1
U13,Southwest,27676,2026-09-27T20:00Z,5815,6165,Total Futbol Academy,FC Golden State Force,6,1
U13,Southwest,27654,2026-09-27T23:45Z,5953,5852,LA Surf Soccer Club,City SC Southwest,2,0
U13,Southwest,27913,2026-10-03T16:00Z,5852,6011,City SC Southwest,RSL Arizona,,
U13,Southwest,28458,2026-10-03T16:00Z,9644,5800,San Diego FC,Las Vegas Sports Academy,,
U13,Southwest,29149,2026-10-03T16:00Z,6267,6327,Los Angeles Football Club,Ventura County Fusion,,
U13,Southwest,27907,2026-10-03T18:00Z,6282,6045,ALBION SC San Diego,Strikers FC,,
U13,Southwest,27917,2026-10-03T20:00Z,5859,5777,Phoenix Rising FC,Albion SC Las Vegas,,
U13,Southwest,27923,2026-10-03T20:00Z,5815,5953,Total Futbol Academy,LA Surf Soccer Club,,
U13,Southwest,28134,2026-10-03T20:00Z,6038,6294,Albion SC Los Angeles,Santa Barbara Soccer Club,,
U13,Southwest,27915,2026-10-04T02:00Z,6344,6092,Los Angeles Sports Club,SoCal Reds FC,,
U13,Southwest,28142,2026-10-04T16:00Z,6055,6011,City SC - San Diego,RSL Arizona,,
U13,Southwest,28150,2026-10-04T16:00Z,6192,5777,RSL Arizona Mesa,Albion SC Las Vegas,,
U13,Southwest,28136,2026-10-04T18:00Z,5667,6045,Chula Vista FC,Strikers FC,,
U13,Southwest,28148,2026-10-04T20:00Z,6267,6120,Los Angeles Football Club,Los Angeles Bulls Soccer Club,,
U13,Southwest,28208,2026-10-10T22:00Z,6267,5899,Los Angeles Football Club,LA Galaxy,,
U13,Southwest,26185,2026-10-11T01:30Z,5953,6038,LA Surf Soccer Club,Albion SC Los Angeles,,
U13,Southwest,27462,2026-10-11T16:00Z,5667,6327,Chula Vista FC,Ventura County Fusion,,
U13,Southwest,28230,2026-10-11T18:00Z,5899,6038,LA Galaxy,Albion SC Los Angeles,,
U13,Southwest,28452,2026-10-17T08:00Z,5953,6011,LA Surf Soccer Club,RSL Arizona,,
U13,Southwest,28675,2026-10-17T16:00Z,6192,5859,RSL Arizona Mesa,Phoenix Rising FC,,
U13,Southwest,28442,2026-10-17T18:00Z,5899,6282,LA Galaxy,ALBION SC San Diego,,
U13,Southwest,28460,2026-10-17T18:00Z,6294,6055,Santa Barbara Soccer Club,City SC - San Diego,,
U13,Southwest,28466,2026-10-17T19:50Z,6045,5777,Strikers FC,Albion SC Las Vegas,,
U13,Southwest,28444,2026-10-17T20:00Z,6267,6092,Los Angeles Football Club,SoCal Reds FC,,
U13,Southwest,28446,2026-10-17T20:00Z,6344,6171,Los Angeles Sports Club,SC Del Sol,,
U13,Southwest,28472,2026-10-17T20:00Z,5815,5667,Total Futbol Academy,Chula Vista FC,,
U13,Southwest,28669,2026-10-18T13:30Z,5953,5667,LA Surf Soccer Club,Chula Vista FC,,
U13,Southwest,28677,2026-10-18T16:00Z,6294,6171,Santa Barbara Soccer Club,SC Del Sol,,
U13,Southwest,28659,2026-10-18T19:30Z,5852,5800,City SC Southwest,Las Vegas Sports Academy,,
U13,Southwest,28683,2026-10-18T19:50Z,6045,6011,Strikers FC,RSL Arizona,,
U13,Southwest,28661,2026-10-18T20:00Z,6165,6120,FC Golden State Force,Los Angeles Bulls Soccer Club,,
U13,Southwest,28663,2026-10-18T20:00Z,6344,5777,Los Angeles Sports Club,Albion SC Las Vegas,,
U13,Southwest,28689,2026-10-18T20:00Z,5815,6282,Total Futbol Academy,ALBION SC San Diego,,
U13,Southwest,28657,2026-10-18T22:00Z,6038,6327,Albion SC Los Angeles,Ventura County Fusion,,
U13,Southwest,28956,2026-10-24T16:00Z,5800,6165,Las Vegas Sports Academy,FC Golden State Force,,
U13,Southwest,28968,2026-10-24T16:00Z,6294,6267,Santa Barbara Soccer Club,Los Angeles Football Club,,
U13,Southwest,29145,2026-10-24T16:00Z,9644,6055,San Diego FC,City SC - San Diego,,
U13,Southwest,28971,2026-10-24T20:00Z,6092,5953,SoCal Reds FC,LA Surf Soccer Club,,
U13,Southwest,28964,2026-10-24T20:50Z,6344,5899,Los Angeles Sports Club,LA Galaxy,,
U13,Southwest,28966,2026-10-24T23:00Z,6171,6282,SC Del Sol,ALBION SC San Diego,,
U13,Southwest,28962,2026-10-25T01:10Z,6120,6038,Los Angeles Bulls Soccer Club,Albion SC Los Angeles,,
U13,Southwest,29143,2026-10-25T16:00Z,5859,6282,Phoenix Rising FC,ALBION SC San Diego,,
U13,Southwest,29147,2026-10-25T19:50Z,6045,5815,Strikers FC,Total Futbol Academy,,
U13,Southwest,29137,2026-10-25T20:00Z,5777,6165,Albion SC Las Vegas,FC Golden State Force,,
U13,Southwest,29371,2026-10-31T16:00Z,5953,6294,LA Surf Soccer Club,Santa Barbara Soccer Club,,
U13,Southwest,29375,2026-10-31T16:00Z,6192,5852,RSL Arizona Mesa,City SC Southwest,,
U13,Southwest,29373,2026-10-31T19:00Z,6011,9644,RSL Arizona,San Diego FC,,
U13,Southwest,29363,2026-10-31T20:00Z,5800,5667,Las Vegas Sports Academy,Chula Vista FC,,
U13,Southwest,29369,2026-10-31T20:00Z,6267,6045,Los Angeles Football Club,Strikers FC,,
U13,Southwest,29377,2026-10-31T23:00Z,6171,6327,SC Del Sol,Ventura County Fusion,,
U13,Southwest,29529,2026-11-01T17:00Z,6192,9644,RSL Arizona Mesa,San Diego FC,,
U13,Southwest,29531,2026-11-01T20:00Z,6171,5852,SC Del Sol,City SC Southwest,,
U13,Southwest,29519,2026-11-01T21:00Z,5777,5667,Albion SC Las Vegas,Chula Vista FC,,
U13,Southwest,29521,2026-11-01T21:00Z,6165,6038,FC Golden State Force,Albion SC Los Angeles,,
U13,Southwest,29523,2026-11-01T21:00Z,5859,6327,Phoenix Rising FC,Ventura County Fusion,,
U13,Southwest,29539,2026-11-01T21:00Z,5815,6120,Total Futbol Academy,Los Angeles Bulls Soccer Club,,
U13,Southwest,29533,2026-11-02T03:00Z,6092,6344,SoCal Reds FC,Los Angeles Sports Club,,
U13,Southwest,29777,2026-11-07T17:00Z,9644,6092,San Diego FC,SoCal Reds FC,,
U13,Southwest,29779,2026-11-07T17:00Z,6294,5800,Santa Barbara Soccer Club,Las Vegas Sports Academy,,
U13,Southwest,29791,2026-11-07T17:00Z,6327,6192,Ventura County Fusion,RSL Arizona Mesa,,
U13,Southwest,29765,2026-11-07T19:00Z,6282,6011,ALBION SC San Diego,RSL Arizona,,
U13,Southwest,29767,2026-11-07T19:00Z,5899,5852,LA Galaxy,City SC Southwest,,
U13,Southwest,29775,2026-11-07T21:00Z,6267,6165,Los Angeles Football Club,FC Golden State Force,,
U13,Southwest,29785,2026-11-07T21:00Z,5815,5859,Total Futbol Academy,Phoenix Rising FC,,
U13,Southwest,29947,2026-11-07T21:00Z,6038,6045,Albion SC Los Angeles,Strikers FC,,
U13,Southwest,29769,2026-11-08T01:10Z,6120,5777,Los Angeles Bulls Soccer Club,Albion SC Las Vegas,,
U13,Southwest,26349,2026-11-08T17:00Z,5667,6011,Chula Vista FC,RSL Arizona,,
U13,Southwest,29963,2026-11-08T17:00Z,6294,6192,Santa Barbara Soccer Club,RSL Arizona Mesa,,
U13,Southwest,29975,2026-11-08T17:00Z,6327,5800,Ventura County Fusion,Las Vegas Sports Academy,,
U13,Southwest,29955,2026-11-08T18:15Z,6120,5859,Los Angeles Bulls Soccer Club,Phoenix Rising FC,,
U13,Southwest,29969,2026-11-08T19:00Z,5815,5852,Total Futbol Academy,City SC Southwest,,
U13,Southwest,29949,2026-11-08T20:45Z,6055,6092,City SC - San Diego,SoCal Reds FC,,
U13,Southwest,29961,2026-11-09T03:00Z,6344,5953,Los Angeles Sports Club,LA Surf Soccer Club,,
U13,Southwest,30225,2026-11-14T17:00Z,5667,5777,Chula Vista FC,Albion SC Las Vegas,,
U13,Southwest,30233,2026-11-14T17:00Z,5899,5815,LA Galaxy,Total Futbol Academy,,
U13,Southwest,30235,2026-11-14T17:00Z,6011,5800,RSL Arizona,Las Vegas Sports Academy,,
U13,Southwest,30237,2026-11-14T17:00Z,9644,6344,San Diego FC,Los Angeles Sports Club,,
U13,Southwest,30231,2026-11-14T19:30Z,6055,5859,City SC - San Diego,Phoenix Rising FC,,
U13,Southwest,30245,2026-11-14T20:50Z,6045,6267,Strikers FC,Los Angeles Football Club,,
U13,Southwest,30239,2026-11-14T22:00Z,6092,6282,SoCal Reds FC,ALBION SC San Diego,,
U13,Southwest,30426,2026-11-15T16:30Z,5852,6344,City SC Southwest,Los Angeles Sports Club,,
U13,Southwest,30443,2026-11-15T17:00Z,6294,6165,Santa Barbara Soccer Club,FC Golden State Force,,
U13,Southwest,30445,2026-11-15T17:00Z,6327,6120,Ventura County Fusion,Los Angeles Bulls Soccer Club,,
U13,Southwest,30435,2026-11-15T20:00Z,6171,5800,SC Del Sol,Las Vegas Sports Academy,,
U13,Southwest,30432,2026-11-15T21:00Z,5953,6267,LA Surf Soccer Club,Los Angeles Football Club,,
U13,Southwest,30420,2026-11-15T23:00Z,6038,6282,Albion SC Los Angeles,ALBION SC San Diego,,
U13,Southwest,30456,2026-11-19T01:30Z,6282,9644,ALBION SC San Diego,San Diego FC,,
U13,Southwest,30441,2026-11-21,9644,5777,San Diego FC,Albion SC Las Vegas,,
U13,Southwest,30713,2026-11-21T17:00Z,5777,6282,Albion SC Las Vegas,ALBION SC San Diego,,
U13,Southwest,30735,2026-11-21T17:00Z,5859,5899,Phoenix Rising FC,LA Galaxy,,
U13,Southwest,30737,2026-11-21T17:00Z,6011,5667,RSL Arizona,Chula Vista FC,,
U13,Southwest,30743,2026-11-21T17:00Z,6192,6092,RSL Arizona Mesa,SoCal Reds FC,,
U13,Southwest,30719,2026-11-21T21:00Z,5852,6171,City SC Southwest,SC Del Sol,,
U13,Southwest,30725,2026-11-21T21:00Z,5800,5953,Las Vegas Sports Academy,LA Surf Soccer Club,,
U13,Southwest,30733,2026-11-21T21:00Z,6267,6344,Los Angeles Football Club,Los Angeles Sports Club,,
U13,Southwest,30731,2026-11-22T02:10Z,6120,6294,Los Angeles Bulls Soccer Club,Santa Barbara Soccer Club,,
U13,Southwest,30915,2026-11-22T17:00Z,6011,6092,RSL Arizona,SoCal Reds FC,,
U13,Southwest,30921,2026-11-22T17:00Z,6192,5899,RSL Arizona Mesa,LA Galaxy,,
U13,Southwest,30903,2026-11-22T20:45Z,6055,6171,City SC - San Diego,SC Del Sol,,
U13,Southwest,30745,2026-11-22T20:50Z,6045,6165,Strikers FC,FC Golden State Force,,
U13,Southwest,30897,2026-11-22T21:00Z,5777,5953,Albion SC Las Vegas,LA Surf Soccer Club,,
U13,Southwest,30905,2026-11-22T21:00Z,5800,6282,Las Vegas Sports Academy,ALBION SC San Diego,,
U13,Southwest,30911,2026-11-22T21:00Z,6267,6038,Los Angeles Football Club,Albion SC Los Angeles,,
U13,Southwest,30913,2026-11-22T21:00Z,5859,5667,Phoenix Rising FC,Chula Vista FC,,
U13,Southwest,30923,2026-11-22T21:00Z,5815,6327,Total Futbol Academy,Ventura County Fusion,,
U13,Southwest,31008,2027-01-09,6038,6344,Albion SC Los Angeles,Los Angeles Sports Club,,
U13,Southwest,31010,2027-01-09,5899,9644,LA Galaxy,San Diego FC,,
U13,Southwest,31027,2027-01-10,6165,6294,FC Golden State Force,Santa Barbara Soccer Club,,
U13,Southwest,31039,2027-01-10,5815,6045,Total Futbol Academy,Strikers FC,,
U13,Southwest,31045,2027-01-10,6327,5899,Ventura County Fusion,LA Galaxy,,
U13,Southwest,31123,2027-01-16,5777,5852,Albion SC Las Vegas,City SC Southwest,,
U13,Southwest,31129,2027-01-16,5899,6092,LA Galaxy,SoCal Reds FC,,
U13,Southwest,31133,2027-01-16,6267,5667,Los Angeles Football Club,Chula Vista FC,,
U13,Southwest,31136,2027-01-16,5953,6045,LA Surf Soccer Club,Strikers FC,,
U13,Southwest,31138,2027-01-16,5859,6038,Phoenix Rising FC,Albion SC Los Angeles,,
U13,Southwest,31144,2027-01-16,6192,6165,RSL Arizona Mesa,FC Golden State Force,,
U13,Southwest,31146,2027-01-16,6171,6055,SC Del Sol,City SC - San Diego,,
U13,Southwest,31131,2027-01-16T16:00Z,5800,9644,Las Vegas Sports Academy,San Diego FC,,
U13,Southwest,31173,2027-01-17,5777,9644,Albion SC Las Vegas,San Diego FC,,
U13,Southwest,31179,2027-01-17,5899,6120,LA Galaxy,Los Angeles Bulls Soccer Club,,
U13,Southwest,31187,2027-01-17,6267,6282,Los Angeles Football Club,ALBION SC San Diego,,
U13,Southwest,31190,2027-01-17,6344,6327,Los Angeles Sports Club,Ventura County Fusion,,
U13,Southwest,31196,2027-01-17,5859,6055,Phoenix Rising FC,City SC - San Diego,,
U13,Southwest,31202,2027-01-17,6011,6165,RSL Arizona,FC Golden State Force,,
U13,Southwest,31208,2027-01-17,6192,6038,RSL Arizona Mesa,Albion SC Los Angeles,,
U13,Southwest,31210,2027-01-17,6294,5815,Santa Barbara Soccer Club,Total Futbol Academy,,
U13,Southwest,31033,2027-01-17T14:30Z,5953,6092,LA Surf Soccer Club,SoCal Reds FC,,
U13,Southwest,31336,2027-01-23,6267,5899,Los Angeles Football Club,LA Galaxy,,
U13,Southwest,31338,2027-01-23,6011,6294,RSL Arizona,Santa Barbara Soccer Club,,
U13,Southwest,31344,2027-01-23,6192,5953,RSL Arizona Mesa,LA Surf Soccer Club,,
U13,Southwest,31346,2027-01-23,6171,5667,SC Del Sol,Chula Vista FC,,
U13,Southwest,31348,2027-01-23T17:00Z,9644,6282,San Diego FC,ALBION SC San Diego,,
U13,Southwest,31374,2027-01-24,6165,6327,FC Golden State Force,Ventura County Fusion,,
U13,Southwest,31380,2027-01-24,5859,6294,Phoenix Rising FC,Santa Barbara Soccer Club,,
U13,Southwest,31386,2027-01-24,6192,5667,RSL Arizona Mesa,Chula Vista FC,,
U13,Southwest,31388,2027-01-24,6171,5953,SC Del Sol,LA Surf Soccer Club,,
U13,Southwest,31394,2027-01-24,6092,6120,SoCal Reds FC,Los Angeles Bulls Soccer Club,,
U13,Southwest,31396,2027-01-24,6045,6344,Strikers FC,Los Angeles Sports Club,,
U13,Southwest,31398,2027-01-24,5815,6038,Total Futbol Academy,Albion SC Los Angeles,,
U13,Southwest,31181,2027-01-24T21:00Z,5800,5852,Las Vegas Sports Academy,City SC Southwest,,
U13,Southwest,31514,2027-01-30,6282,5777,ALBION SC San Diego,Albion SC Las Vegas,,
U13,Southwest,31520,2027-01-30,6038,5800,Albion SC Los Angeles,Las Vegas Sports Academy,,
U13,Southwest,31526,2027-01-30,6165,5953,FC Golden State Force,LA Surf Soccer Club,,
U13,Southwest,31528,2027-01-30,6267,9644,Los Angeles Football Club,San Diego FC,,
U13,Southwest,31530,2027-01-30,6344,5815,Los Angeles Sports Club,Total Futbol Academy,,
U13,Southwest,31532,2027-01-30,6045,6055,Strikers FC,City SC - San Diego,,
U13,Southwest,31538,2027-01-30,6327,6011,Ventura County Fusion,RSL Arizona,,
U13,Southwest,31566,2027-01-31,6282,6192,ALBION SC San Diego,RSL Arizona Mesa,,
U13,Southwest,31568,2027-01-31,6038,6011,Albion SC Los Angeles,RSL Arizona,,
U13,Southwest,31574,2027-01-31,5852,5777,City SC Southwest,Albion SC Las Vegas,,
U13,Southwest,31580,2027-01-31,6120,6055,Los Angeles Bulls Soccer Club,City SC - San Diego,,
U13,Southwest,31586,2027-01-31,6171,5899,SC Del Sol,LA Galaxy,,
U13,Southwest,31588,2027-01-31,6294,6092,Santa Barbara Soccer Club,SoCal Reds FC,,
U13,Southwest,31590,2027-01-31,6045,5800,Strikers FC,Las Vegas Sports Academy,,
U13,Southwest,31596,2027-01-31,6327,9644,Ventura County Fusion,San Diego FC,,
U13,Southwest,31707,2027-02-06,5899,6165,LA Galaxy,FC Golden State Force,,
U13,Southwest,31709,2027-02-06,6267,5859,Los Angeles Football Club,Phoenix Rising FC,,
U13,Southwest,31712,2027-02-06,6011,6171,RSL Arizona,SC Del Sol,,
U13,Southwest,31714,2027-02-06,6092,5667,SoCal Reds FC,Chula Vista FC,,
U13,Southwest,31720,2027-02-06,6045,6294,Strikers FC,Santa Barbara Soccer Club,,
U13,Southwest,31760,2027-02-06T17:00Z,9644,5852,San Diego FC,City SC Southwest,,
U13,Southwest,31742,2027-02-07,6282,6055,ALBION SC San Diego,City SC - San Diego,,
U13,Southwest,31744,2027-02-07,5899,5667,LA Galaxy,Chula Vista FC,,
U13,Southwest,31746,2027-02-07,6120,5815,Los Angeles Bulls Soccer Club,Total Futbol Academy,,
U13,Southwest,31752,2027-02-07,6344,6038,Los Angeles Sports Club,Albion SC Los Angeles,,
U13,Southwest,31758,2027-02-07,5953,6327,LA Surf Soccer Club,Ventura County Fusion,,
U13,Southwest,31762,2027-02-07,6092,5859,SoCal Reds FC,Phoenix Rising FC,,
U13,Southwest,31919,2027-02-13,6038,6267,Albion SC Los Angeles,Los Angeles Football Club,,
U13,Southwest,31922,2027-02-13,5667,6282,Chula Vista FC,ALBION SC San Diego,,
U13,Southwest,31924,2027-02-13,6055,5852,City SC - San Diego,City SC Southwest,,
U13,Southwest,31928,2027-02-13,6344,6165,Los Angeles Sports Club,FC Golden State Force,,
U13,Southwest,31930,2027-02-13,5953,6120,LA Surf Soccer Club,Los Angeles Bulls Soccer Club,,
U13,Southwest,31932,2027-02-13,6011,6192,RSL Arizona,RSL Arizona Mesa,,
U13,Southwest,31934,2027-02-13,6171,5859,SC Del Sol,Phoenix Rising FC,,
U13,Southwest,31936,2027-02-13,6092,6045,SoCal Reds FC,Strikers FC,,
U13,Southwest,31938,2027-02-13,5815,5899,Total Futbol Academy,LA Galaxy,,
U13,Southwest,31940,2027-02-13,6327,6294,Ventura County Fusion,Santa Barbara Soccer Club,,
U13,Southwest,27059,2027-02-14,6327,6344,Ventura County Fusion,Los Angeles Sports Club,,
U13,Southwest,32280,2027-02-20,6282,6344,ALBION SC San Diego,Los Angeles Sports Club,,
U13,Southwest,32286,2027-02-20,5899,6011,LA Galaxy,RSL Arizona,,
U13,Southwest,32288,2027-02-20,6120,6165,Los Angeles Bulls Soccer Club,FC Golden State Force,,
U13,Southwest,32294,2027-02-20,6267,6294,Los Angeles Football Club,Santa Barbara Soccer Club,,
U13,Southwest,32296,2027-02-20,5859,9644,Phoenix Rising FC,San Diego FC,,
U13,Southwest,32298,2027-02-20,6171,6038,SC Del Sol,Albion SC Los Angeles,,
U13,Southwest,32304,2027-02-20,6045,5953,Strikers FC,LA Surf Soccer Club,,
U13,Southwest,32467,2027-02-21,5667,6344,Chula Vista FC,Los Angeles Sports Club,,
U13,Southwest,32473,2027-02-21,6267,5852,Los Angeles Football Club,City SC Southwest,,
U13,Southwest,32476,2027-02-21,6171,9644,SC Del Sol,San Diego FC,,
U13,Southwest,32478,2027-02-21,6092,6327,SoCal Reds FC,Ventura County Fusion,,
U13,Southwest,32484,2027-02-21,5815,6011,Total Futbol Academy,RSL Arizona,,
U13,Southwest,31926,2027-02-21T21:00Z,5800,5777,Las Vegas Sports Academy,Albion SC Las Vegas,,
U13,Southwest,32721,2027-02-27,6055,6267,City SC - San Diego,Los Angeles Football Club,,
U13,Southwest,32724,2027-02-27,5852,5667,City SC Southwest,Chula Vista FC,,
U13,Southwest,32726,2027-02-27,5899,6327,LA Galaxy,Ventura County Fusion,,
U13,Southwest,32728,2027-02-27T17:00Z,5800,6192,Las Vegas Sports Academy,RSL Arizona Mesa,,
U13,Southwest,32893,2027-02-28,5777,6192,Albion SC Las Vegas,RSL Arizona Mesa,,
U13,Southwest,32899,2027-02-28,6282,6171,ALBION SC San Diego,SC Del Sol,,
U13,Southwest,32905,2027-02-28,6165,6045,FC Golden State Force,Strikers FC,,
U13,Southwest,32911,2027-02-28,5899,5953,LA Galaxy,LA Surf Soccer Club,,
U13,Southwest,32913,2027-02-28,6120,6092,Los Angeles Bulls Soccer Club,SoCal Reds FC,,
U13,Southwest,32919,2027-02-28,6294,6038,Santa Barbara Soccer Club,Albion SC Los Angeles,,
U13,Southwest,32925,2027-02-28,5815,6344,Total Futbol Academy,Los Angeles Sports Club,,
U13,Southwest,33151,2027-03-06,5899,5800,LA Galaxy,Las Vegas Sports Academy,,
U13,Southwest,33153,2027-03-06,6344,6055,Los Angeles Sports Club,City SC - San Diego,,
U13,Southwest,33159,2027-03-06,6011,5852,RSL Arizona,City SC Southwest,,
U13,Southwest,33165,2027-03-06,6327,6045,Ventura County Fusion,Strikers FC,,
U13,Southwest,33317,2027-03-07,6038,6120,Albion SC Los Angeles,Los Angeles Bulls Soccer Club,,
U13,Southwest,33323,2027-03-07,5667,9644,Chula Vista FC,San Diego FC,,
U13,Southwest,33325,2027-03-07,6267,5815,Los Angeles Football Club,Total Futbol Academy,,
U13,Southwest,33327,2027-03-07,6344,5800,Los Angeles Sports Club,Las Vegas Sports Academy,,
U13,Southwest,33333,2027-03-07,5953,6165,LA Surf Soccer Club,FC Golden State Force,,
U13,Southwest,33339,2027-03-07,5859,5852,Phoenix Rising FC,City SC Southwest,,
U13,Southwest,33341,2027-03-07,6192,6171,RSL Arizona Mesa,SC Del Sol,,
U13,Southwest,33343,2027-03-07,6294,6045,Santa Barbara Soccer Club,Strikers FC,,
U13,Southwest,33351,2027-03-07,6327,6055,Ventura County Fusion,City SC - San Diego,,
U13,Southwest,33546,2027-03-13,6038,5667,Albion SC Los Angeles,Chula Vista FC,,
U13,Southwest,33552,2027-03-13,6055,5800,City SC - San Diego,Las Vegas Sports Academy,,
U13,Southwest,33558,2027-03-13,6165,5852,FC Golden State Force,City SC Southwest,,
U13,Southwest,33564,2027-03-13,6267,6327,Los Angeles Football Club,Ventura County Fusion,,
U13,Southwest,33566,2027-03-13,6011,6120,RSL Arizona,Los Angeles Bulls Soccer Club,,
U13,Southwest,33572,2027-03-13,6171,5777,SC Del Sol,Albion SC Las Vegas,,
U13,Southwest,33580,2027-03-13,6045,6092,Strikers FC,SoCal Reds FC,,
U13,Southwest,33586,2027-03-13,5815,6294,Total Futbol Academy,Santa Barbara Soccer Club,,
U13,Southwest,33578,2027-03-13T17:00Z,9644,5859,San Diego FC,Phoenix Rising FC,,
U13,Southwest,33744,2027-03-14,6282,5859,ALBION SC San Diego,Phoenix Rising FC,,
U13,Southwest,33750,2027-03-14,6038,5852,Albion SC Los Angeles,City SC Southwest,,
U13,Southwest,33756,2027-03-14,6165,5667,FC Golden State Force,Chula Vista FC,,
U13,Southwest,33762,2027-03-14,5899,6344,LA Galaxy,Los Angeles Sports Club,,
U13,Southwest,33764,2027-03-14,6267,5953,Los Angeles Football Club,LA Surf Soccer Club,,
U13,Southwest,33766,2027-03-14,6011,5777,RSL Arizona,Albion SC Las Vegas,,
U13,Southwest,33973,2027-03-20,5777,5815,Albion SC Las Vegas,Total Futbol Academy,,
U13,Southwest,33979,2027-03-20,5667,6055,Chula Vista FC,City SC - San Diego,,
U13,Southwest,33981,2027-03-20,5852,6282,City SC Southwest,ALBION SC San Diego,,
U13,Southwest,33983,2027-03-20,6165,6092,FC Golden State Force,SoCal Reds FC,,
U13,Southwest,33985,2027-03-20,5859,6011,Phoenix Rising FC,RSL Arizona,,
U13,Southwest,33987,2027-03-20,6171,6192,SC Del Sol,RSL Arizona Mesa,,
U13,Southwest,33993,2027-03-20,9644,5899,San Diego FC,LA Galaxy,,
U13,Southwest,34165,2027-03-21,5800,5815,Las Vegas Sports Academy,Total Futbol Academy,,
U13,Southwest,34171,2027-03-21,6120,6344,Los Angeles Bulls Soccer Club,Los Angeles Sports Club,,
U13,Southwest,34173,2027-03-21,9644,6267,San Diego FC,Los Angeles Football Club,,
U13,Southwest,34175,2027-03-21,6294,5953,Santa Barbara Soccer Club,LA Surf Soccer Club,,
U13,Southwest,34181,2027-03-21,6327,6038,Ventura County Fusion,Albion SC Los Angeles,,
U13,Southwest,34191,2027-03-25,6055,9644,City SC - San Diego,San Diego FC,,
U13,Southwest,34449,2027-03-27,5667,5852,Chula Vista FC,City SC Southwest,,
U13,Southwest,34455,2027-03-27,6055,6282,City SC - San Diego,ALBION SC San Diego,,
U13,Southwest,34461,2027-03-27,6165,5899,FC Golden State Force,LA Galaxy,,
U13,Southwest,34463,2027-03-27,6120,5953,Los Angeles Bulls Soccer Club,LA Surf Soccer Club,,
U13,Southwest,34469,2027-03-27,6344,6294,Los Angeles Sports Club,Santa Barbara Soccer Club,,
U13,Southwest,34475,2027-03-27,5859,6192,Phoenix Rising FC,RSL Arizona Mesa,,
U13,Southwest,34481,2027-03-27,6171,6011,SC Del Sol,RSL Arizona,,
U13,Southwest,34487,2027-03-27,6092,6038,SoCal Reds FC,Albion SC Los Angeles,,
U13,Southwest,34489,2027-03-27,6327,5815,Ventura County Fusion,Total Futbol Academy,,
U13,Southwest,28152,2027-03-28,6327,6165,Ventura County Fusion,FC Golden State Force,,
U13,Southwest,34710,2027-04-03,5777,6092,Albion SC Las Vegas,SoCal Reds FC,,
U13,Southwest,34716,2027-04-03,6282,6120,ALBION SC San Diego,Los Angeles Bulls Soccer Club,,
U13,Southwest,34726,2027-04-03,5667,5859,Chula Vista FC,Phoenix Rising FC,,
U13,Southwest,34732,2027-04-03,6055,6038,City SC - San Diego,Albion SC Los Angeles,,
U13,Southwest,34738,2027-04-03,5852,6294,City SC Southwest,Santa Barbara Soccer Club,,
U13,Southwest,34744,2027-04-03,5800,6011,Las Vegas Sports Academy,RSL Arizona,,
U13,Southwest,34750,2027-04-03,6192,5815,RSL Arizona Mesa,Total Futbol Academy,,
U13,Southwest,34752,2027-04-03,6171,6267,SC Del Sol,Los Angeles Football Club,,
U13,Southwest,34755,2027-04-03,6327,5953,Ventura County Fusion,LA Surf Soccer Club,,
U13,Southwest,34888,2027-04-04,5777,6011,Albion SC Las Vegas,RSL Arizona,,
U13,Southwest,34894,2027-04-04,6282,6294,ALBION SC San Diego,Santa Barbara Soccer Club,,
U13,Southwest,34901,2027-04-04,5667,6120,Chula Vista FC,Los Angeles Bulls Soccer Club,,
U13,Southwest,34907,2027-04-04,6055,6165,City SC - San Diego,FC Golden State Force,,
U13,Southwest,34913,2027-04-04,5852,5859,City SC Southwest,Phoenix Rising FC,,
U13,Southwest,34919,2027-04-04,5800,6092,Las Vegas Sports Academy,SoCal Reds FC,,
U13,Southwest,34925,2027-04-04,6344,6045,Los Angeles Sports Club,Strikers FC,,
U13,Southwest,34931,2027-04-04,6192,6267,RSL Arizona Mesa,Los Angeles Football Club,,
U13,Southwest,34933,2027-04-04,6171,5815,SC Del Sol,Total Futbol Academy,,
U13,Southwest,35134,2027-04-10,5859,5800,Phoenix Rising FC,Las Vegas Sports Academy,,
U13,Southwest,35140,2027-04-10,6327,5777,Ventura County Fusion,Albion SC Las Vegas,,
U13,Southwest,35291,2027-04-11,6282,5667,ALBION SC San Diego,Chula Vista FC,,
U13,Southwest,35297,2027-04-11,6038,6092,Albion SC Los Angeles,SoCal Reds FC,,
U13,Southwest,35307,2027-04-11,6165,6344,FC Golden State Force,Los Angeles Sports Club,,
U13,Southwest,35313,2027-04-11,6120,6045,Los Angeles Bulls Soccer Club,Strikers FC,,
U13,Southwest,35319,2027-04-11,5953,5899,LA Surf Soccer Club,LA Galaxy,,
U13,Southwest,35321,2027-04-11,6192,5800,RSL Arizona Mesa,Las Vegas Sports Academy,,
U13,Southwest,35323,2027-04-11,6294,5777,Santa Barbara Soccer Club,Albion SC Las Vegas,,
U13,Southwest,35329,2027-04-11,5815,6267,Total Futbol Academy,Los Angeles Football Club,,
U13,Southwest,35575,2027-04-17,5777,6267,Albion SC Las Vegas,Los Angeles Football Club,,
U13,Southwest,35578,2027-04-17,5667,6192,Chula Vista FC,RSL Arizona Mesa,,
U13,Southwest,35584,2027-04-17,6055,5815,City SC - San Diego,Total Futbol Academy,,
U13,Southwest,35590,2027-04-17,5852,6327,City SC Southwest,Ventura County Fusion,,
U13,Southwest,35596,2027-04-17,9644,6171,San Diego FC,SC Del Sol,,
U13,Southwest,35598,2027-04-17,6294,6120,Santa Barbara Soccer Club,Los Angeles Bulls Soccer Club,,
U13,Southwest,35604,2027-04-17,6092,6165,SoCal Reds FC,FC Golden State Force,,
U13,Southwest,35610,2027-04-17,6045,6038,Strikers FC,Albion SC Los Angeles,,
U13,Southwest,35765,2027-04-18,5667,6171,Chula Vista FC,SC Del Sol,,
U13,Southwest,35771,2027-04-18,6055,5899,City SC - San Diego,LA Galaxy,,
U13,Southwest,35773,2027-04-18,5852,6192,City SC Southwest,RSL Arizona Mesa,,
U13,Southwest,35779,2027-04-18,5800,6267,Las Vegas Sports Academy,Los Angeles Football Club,,
U13,Southwest,35782,2027-04-18,5953,6344,LA Surf Soccer Club,Los Angeles Sports Club,,
U13,Southwest,35788,2027-04-18,6011,5859,RSL Arizona,Phoenix Rising FC,,
U13,Southwest,35794,2027-04-18,9644,5815,San Diego FC,Total Futbol Academy,,
U13,Southwest,35998,2027-04-24,6165,6267,FC Golden State Force,Los Angeles Football Club,,
U13,Southwest,36001,2027-04-24,5859,6045,Phoenix Rising FC,Strikers FC,,
U13,Southwest,36007,2027-04-24,6011,6282,RSL Arizona,ALBION SC San Diego,,
U13,Southwest,36163,2027-04-25,5777,5800,Albion SC Las Vegas,Las Vegas Sports Academy,,
U13,Southwest,36169,2027-04-25,6038,5953,Albion SC Los Angeles,LA Surf Soccer Club,,
U13,Southwest,36179,2027-04-25,5852,6055,City SC Southwest,City SC - San Diego,,
U13,Southwest,36185,2027-04-25,6344,6120,Los Angeles Sports Club,Los Angeles Bulls Soccer Club,,
U13,Southwest,36191,2027-04-25,6192,6282,RSL Arizona Mesa,ALBION SC San Diego,,
U13,Southwest,36193,2027-04-25,6171,6045,SC Del Sol,Strikers FC,,
U13,Southwest,36199,2027-04-25,9644,5667,San Diego FC,Chula Vista FC,,
U13,Southwest,36201,2027-04-25,6294,6327,Santa Barbara Soccer Club,Ventura County Fusion,,
U13,Southwest,36207,2027-04-25,6092,5815,SoCal Reds FC,Total Futbol Academy,,
U13,Southwest,36234,2027-05-01,6038,9644,Albion SC Los Angeles,San Diego FC,,
U13,Southwest,36236,2027-05-01,6120,5899,Los Angeles Bulls Soccer Club,LA Galaxy,,
U13,Southwest,36255,2027-05-02,6165,9644,FC Golden State Force,San Diego FC,,
U13,Southwest,36257,2027-05-02,6045,5899,Strikers FC,LA Galaxy,,
U13,Southwest,36548,2027-05-08,5777,5899,Albion SC Las Vegas,LA Galaxy,,
U13,Southwest,36550,2027-05-08,6282,5852,ALBION SC San Diego,City SC Southwest,,
U13,Southwest,36556,2027-05-08,6038,6165,Albion SC Los Angeles,FC Golden State Force,,
U13,Southwest,36566,2027-05-08,6055,5667,City SC - San Diego,Chula Vista FC,,
U13,Southwest,36572,2027-05-08,5800,6120,Las Vegas Sports Academy,Los Angeles Bulls Soccer Club,,
U13,Southwest,36578,2027-05-08,6344,6267,Los Angeles Sports Club,Los Angeles Football Club,,
U13,Southwest,36581,2027-05-08,5953,5815,LA Surf Soccer Club,Total Futbol Academy,,
U13,Southwest,36587,2027-05-08,5859,6171,Phoenix Rising FC,SC Del Sol,,
U13,Southwest,36593,2027-05-08,6192,6011,RSL Arizona Mesa,RSL Arizona,,
U13,Southwest,36595,2027-05-08,6092,6294,SoCal Reds FC,Santa Barbara Soccer Club,,
U13,Southwest,36601,2027-05-08,6045,6327,Strikers FC,Ventura County Fusion,,
U13,Southwest,26357,2027-05-08T16:00Z,9644,6192,San Diego FC,RSL Arizona Mesa,,
U13,Southwest,31012,2027-05-15,6120,6267,Los Angeles Bulls Soccer Club,Los Angeles Football Club,,
U13,Southwest,33349,2027-05-15T16:00Z,6092,5899,SoCal Reds FC,LA Galaxy,,
U13,Southwest,27244,2027-06-08,9644,6120,San Diego FC,Los Angeles Bulls Soccer Club,,
U13,Southwest,27674,2027-06-08,6045,9644,Strikers FC,San Diego FC,,
U14,Florida,26030,2026-09-05T13:00Z,5748,5946,South Florida Football Academy,Athletum FC Academy,3,0
U14,Florida,26012,2026-09-05T16:00Z,5982,6135,Orlando City Soccer School South,Tampa Bay United,5,1
U14,Florida,26002,2026-09-05T17:00Z,5971,5844,Miami Futbol Academy Rush,West Florida Flames,5,1
U14,Florida,26024,2026-09-05T18:00Z,5739,10483,Sol SC Florida,One FC,2,4
U14,Florida,26392,2026-09-12T17:00Z,5783,5739,IMG,Sol SC Florida,3,0
U14,Florida,26425,2026-09-12T17:00Z,5711,5782,Weston FC,Seminole United,11,1
U14,Florida,26407,2026-09-12T18:00Z,5982,5748,Orlando City Soccer School South,South Florida Football Academy,1,0
U14,Florida,26419,2026-09-12T20:00Z,5844,5946,West Florida Flames,Athletum FC Academy,2,0
U14,Florida,26401,2026-09-12T20:30Z,10483,5810,One FC,Jacksonville FC,4,0
U14,Florida,26601,2026-09-13T12:00Z,5982,7235,Orlando City Soccer School South,Orlando City SC,6,2
U14,Florida,26599,2026-09-19T13:00Z,1863,5971,Inter Miami CF,Miami Futbol Academy Rush,3,1
U14,Florida,26827,2026-09-19T15:00Z,5946,5748,Athletum FC Academy,South Florida Football Academy,3,1
U14,Florida,26851,2026-09-19T16:00Z,5739,5844,Sol SC Florida,West Florida Flames,2,2
U14,Florida,26833,2026-09-19T16:30Z,5810,5982,Jacksonville FC,Orlando City Soccer School South,3,2
U14,Florida,26845,2026-09-19T20:00Z,5782,5783,Seminole United,IMG,0,3
U14,Florida,27087,2026-09-20T18:00Z,7235,5711,Orlando City SC,Weston FC,1,1
U14,Florida,27283,2026-09-26T13:00Z,5748,5971,South Florida Football Academy,Miami Futbol Academy Rush,0,2
U14,Florida,34518,2026-09-26T13:00Z,7235,1863,Orlando City SC,Inter Miami CF,0,0
U14,Florida,27289,2026-09-26T16:00Z,5844,5810,West Florida Flames,Jacksonville FC,0,2
U14,Florida,27263,2026-09-26T17:00Z,5783,6135,IMG,Tampa Bay United,3,2
U14,Florida,27295,2026-09-26T19:00Z,5711,5739,Weston FC,Sol SC Florida,3,3
U14,Florida,27271,2026-09-26T20:00Z,5982,5946,Orlando City Soccer School South,Athletum FC Academy,3,3
U14,Florida,27504,2026-09-27T16:00Z,5952,1863,IdeaSport SA,Inter Miami CF,0,2
U14,Florida,27506,2026-09-27T16:00Z,7235,5782,Orlando City SC,Seminole United,4,0
U14,Florida,27697,2026-10-03T16:30Z,5810,5711,Jacksonville FC,Weston FC,,
U14,Florida,34194,2026-10-03T17:00Z,5946,5844,Athletum FC Academy,West Florida Flames,,
U14,Florida,27713,2026-10-03T18:00Z,5982,5971,Orlando City Soccer School South,Miami Futbol Academy Rush,,
U14,Florida,27703,2026-10-03T18:30Z,10483,5783,One FC,IMG,,
U14,Florida,27687,2026-10-03T22:00Z,5739,5952,Sol SC Florida,IdeaSport SA,,
U14,Florida,34226,2026-10-10T19:00Z,5748,10483,South Florida Football Academy,One FC,,
U14,Florida,29584,2026-10-11T18:00Z,5739,5810,Sol SC Florida,Jacksonville FC,,
U14,Florida,28256,2026-10-17T12:00Z,7235,5982,Orlando City SC,Orlando City Soccer School South,,
U14,Florida,31423,2026-10-17T15:00Z,1863,10483,Inter Miami CF,One FC,,
U14,Florida,28242,2026-10-17T18:00Z,5783,5711,IMG,Weston FC,,
U14,Florida,28268,2026-10-17T19:00Z,5844,5952,West Florida Flames,IdeaSport SA,,
U14,Florida,28236,2026-10-17T20:30Z,5946,5810,Athletum FC Academy,Jacksonville FC,,
U14,Florida,28248,2026-10-17T20:30Z,5971,5739,Miami Futbol Academy Rush,Sol SC Florida,,
U14,Florida,28490,2026-10-18T15:00Z,1863,5748,Inter Miami CF,South Florida Football Academy,,
U14,Florida,31781,2026-10-18T15:00Z,5783,5982,IMG,Orlando City Soccer School South,,
U14,Florida,31803,2026-10-18T17:00Z,5844,5711,West Florida Flames,Weston FC,,
U14,Florida,28262,2026-10-18T20:00Z,5782,6135,Seminole United,Tampa Bay United,,
U14,Florida,28734,2026-10-24T14:30Z,5810,5971,Jacksonville FC,Miami Futbol Academy Rush,,
U14,Florida,27945,2026-10-24T17:00Z,1863,5844,Inter Miami CF,West Florida Flames,,
U14,Florida,28740,2026-10-24T17:00Z,5748,5782,South Florida Football Academy,Seminole United,,
U14,Florida,28746,2026-10-24T17:00Z,6135,7235,Tampa Bay United,Orlando City SC,,
U14,Florida,28724,2026-10-24T18:00Z,5952,5946,IdeaSport SA,Athletum FC Academy,,
U14,Florida,28748,2026-10-24T19:00Z,5711,5982,Weston FC,Orlando City Soccer School South,,
U14,Florida,29198,2026-10-31T14:00Z,5711,5946,Weston FC,Athletum FC Academy,,
U14,Florida,29180,2026-10-31T16:00Z,5739,5782,Sol SC Florida,Seminole United,,
U14,Florida,29192,2026-10-31T17:00Z,5844,5748,West Florida Flames,South Florida Football Academy,,
U14,Florida,29168,2026-10-31T19:00Z,5783,5952,IMG,IdeaSport SA,,
U14,Florida,29174,2026-10-31T19:00Z,5971,10483,Miami Futbol Academy Rush,One FC,,
U14,Florida,31079,2026-11-01T15:00Z,5844,5783,West Florida Flames,IMG,,
U14,Florida,30767,2026-11-01T19:00Z,10483,7235,One FC,Orlando City SC,,
U14,Florida,29186,2026-11-01T20:00Z,6135,5810,Tampa Bay United,Jacksonville FC,,
U14,Florida,29566,2026-11-07T17:00Z,5946,6135,Athletum FC Academy,Tampa Bay United,,
U14,Florida,29572,2026-11-07T17:00Z,5952,10483,IdeaSport SA,One FC,,
U14,Florida,29808,2026-11-08T17:00Z,5783,1863,IMG,Inter Miami CF,,
U14,Florida,29810,2026-11-08T18:00Z,5971,7235,Miami Futbol Academy Rush,Orlando City SC,,
U14,Florida,30005,2026-11-13T23:00Z,1863,5711,Inter Miami CF,Weston FC,,
U14,Florida,30011,2026-11-14T17:30Z,5810,5946,Jacksonville FC,Athletum FC Academy,,
U14,Florida,30029,2026-11-14T18:00Z,5844,6135,West Florida Flames,Tampa Bay United,,
U14,Florida,32093,2026-11-14T18:00Z,5982,5782,Orlando City Soccer School South,Seminole United,,
U14,Florida,30017,2026-11-14T19:30Z,10483,5739,One FC,Sol SC Florida,,
U14,Florida,29596,2026-11-15T18:00Z,5711,5783,Weston FC,IMG,,
U14,Florida,29999,2026-11-15T19:00Z,5952,5748,IdeaSport SA,South Florida Football Academy,,
U14,Florida,26018,2026-11-15T19:30Z,5810,5782,Jacksonville FC,Seminole United,,
U14,Florida,30497,2026-11-21T14:00Z,5748,5711,South Florida Football Academy,Weston FC,,
U14,Florida,30471,2026-11-21T15:00Z,5952,5844,IdeaSport SA,West Florida Flames,,
U14,Florida,30477,2026-11-21T18:00Z,10483,5782,One FC,Seminole United,,
U14,Florida,30485,2026-11-21T18:00Z,5982,5810,Orlando City Soccer School South,Jacksonville FC,,
U14,Florida,30483,2026-11-21T19:00Z,7235,6135,Orlando City SC,Tampa Bay United,,
U14,Florida,30465,2026-11-21T20:00Z,5946,5783,Athletum FC Academy,IMG,,
U14,Florida,30491,2026-11-21T21:30Z,5739,5971,Sol SC Florida,Miami Futbol Academy Rush,,
U14,Florida,30769,2026-11-22,5782,1863,Seminole United,Inter Miami CF,,
U14,Florida,32318,2026-11-22T19:00Z,1863,5782,Inter Miami CF,Seminole United,,
U14,Florida,29590,2026-12-19T20:00Z,5748,5982,South Florida Football Academy,Orlando City Soccer School South,,
U14,Florida,30949,2027-01-09,5971,5982,Miami Futbol Academy Rush,Orlando City Soccer School South,,
U14,Florida,30959,2027-01-09,5748,5952,South Florida Football Academy,IdeaSport SA,,
U14,Florida,30965,2027-01-09T22:00Z,5711,6135,Weston FC,Tampa Bay United,,
U14,Florida,31049,2027-01-16,5952,5711,IdeaSport SA,Weston FC,,
U14,Florida,31055,2027-01-16,10483,5946,One FC,Athletum FC Academy,,
U14,Florida,31065,2027-01-16,5982,1863,Orlando City Soccer School South,Inter Miami CF,,
U14,Florida,31067,2027-01-16,5782,5971,Seminole United,Miami Futbol Academy Rush,,
U14,Florida,31073,2027-01-16,6135,5739,Tampa Bay United,Sol SC Florida,,
U14,Florida,31168,2027-01-17,5946,1863,Athletum FC Academy,Inter Miami CF,,
U14,Florida,31170,2027-01-17,5952,7235,IdeaSport SA,Orlando City SC,,
U14,Florida,31224,2027-01-23,5946,5782,Athletum FC Academy,Seminole United,,
U14,Florida,31240,2027-01-23,7235,5783,Orlando City SC,IMG,,
U14,Florida,31242,2027-01-23,5748,6135,South Florida Football Academy,Tampa Bay United,,
U14,Florida,31254,2027-01-23T17:00Z,5711,5971,Weston FC,Miami Futbol Academy Rush,,
U14,Florida,31234,2027-01-23T21:30Z,5810,5739,Jacksonville FC,Sol SC Florida,,
U14,Florida,31248,2027-01-23T22:00Z,5844,10483,West Florida Flames,One FC,,
U14,Florida,31365,2027-01-24,5748,7235,South Florida Football Academy,Orlando City SC,,
U14,Florida,31425,2027-01-30,5971,5946,Miami Futbol Academy Rush,Athletum FC Academy,,
U14,Florida,31437,2027-01-30,5782,5711,Seminole United,Weston FC,,
U14,Florida,31449,2027-01-30,6135,5844,Tampa Bay United,West Florida Flames,,
U14,Florida,28254,2027-01-30T16:00Z,10483,1863,One FC,Inter Miami CF,,
U14,Florida,31417,2027-01-30T19:00Z,5783,5810,IMG,Jacksonville FC,,
U14,Florida,31443,2027-01-30T22:00Z,5739,5748,Sol SC Florida,South Florida Football Academy,,
U14,Florida,31561,2027-01-31,7235,5844,Orlando City SC,West Florida Flames,,
U14,Florida,31431,2027-01-31T17:00Z,5982,5952,Orlando City Soccer School South,IdeaSport SA,,
U14,Florida,31613,2027-02-06,5952,6135,IdeaSport SA,Tampa Bay United,,
U14,Florida,31625,2027-02-06T18:00Z,5739,5982,Sol SC Florida,Orlando City Soccer School South,,
U14,Florida,31607,2027-02-06T19:00Z,5783,5782,IMG,Seminole United,,
U14,Florida,31619,2027-02-06T19:30Z,5810,10483,Jacksonville FC,One FC,,
U14,Florida,31631,2027-02-06T22:00Z,5844,5971,West Florida Flames,Miami Futbol Academy Rush,,
U14,Florida,31739,2027-02-07,7235,5946,Orlando City SC,Athletum FC Academy,,
U14,Florida,31741,2027-02-07T19:00Z,5739,1863,Sol SC Florida,Inter Miami CF,,
U14,Florida,34214,2027-02-07T19:00Z,5982,5711,Orlando City Soccer School South,Weston FC,,
U14,Florida,33779,2027-02-07T20:00Z,5783,5971,IMG,Miami Futbol Academy Rush,,
U14,Florida,31637,2027-02-11T00:30Z,5711,1863,Weston FC,Inter Miami CF,,
U14,Florida,31791,2027-02-13,5971,5952,Miami Futbol Academy Rush,IdeaSport SA,,
U14,Florida,31797,2027-02-13T20:00Z,5748,5810,South Florida Football Academy,Jacksonville FC,,
U14,Florida,31985,2027-02-14,5783,7235,IMG,Orlando City SC,,
U14,Florida,32077,2027-02-20,5952,5810,IdeaSport SA,Jacksonville FC,,
U14,Florida,32083,2027-02-20,10483,6135,One FC,Tampa Bay United,,
U14,Florida,32099,2027-02-20T17:00Z,5739,5946,Sol SC Florida,Athletum FC Academy,,
U14,Florida,30023,2027-02-20T18:00Z,5782,5982,Seminole United,Orlando City Soccer School South,,
U14,Florida,32500,2027-02-27,5946,10483,Athletum FC Academy,One FC,,
U14,Florida,32512,2027-02-27,5971,5748,Miami Futbol Academy Rush,South Florida Football Academy,,
U14,Florida,32521,2027-02-27,5782,5739,Seminole United,Sol SC Florida,,
U14,Florida,32527,2027-02-27,6135,5982,Tampa Bay United,Orlando City Soccer School South,,
U14,Florida,32506,2027-02-27T18:00Z,5783,5844,IMG,West Florida Flames,,
U14,Florida,28995,2027-02-27T19:30Z,5810,7235,Jacksonville FC,Orlando City SC,,
U14,Florida,32533,2027-02-27T22:00Z,5711,5952,Weston FC,IdeaSport SA,,
U14,Florida,32746,2027-02-28,1863,5810,Inter Miami CF,Jacksonville FC,,
U14,Florida,32748,2027-02-28,5739,7235,Sol SC Florida,Orlando City SC,,
U14,Florida,27277,2027-02-28T22:00Z,5782,10483,Seminole United,One FC,,
U14,Florida,32946,2027-03-06,5952,5982,IdeaSport SA,Orlando City Soccer School South,,
U14,Florida,32952,2027-03-06,1863,5739,Inter Miami CF,Sol SC Florida,,
U14,Florida,32954,2027-03-06,5971,5711,Miami Futbol Academy Rush,Weston FC,,
U14,Florida,32964,2027-03-06,6135,5748,Tampa Bay United,South Florida Football Academy,,
U14,Florida,32970,2027-03-06T20:00Z,5844,5782,West Florida Flames,Seminole United,,
U14,Florida,32940,2027-03-06T21:00Z,5783,10483,IMG,One FC,,
U14,Florida,33175,2027-03-07,5971,1863,Miami Futbol Academy Rush,Inter Miami CF,,
U14,Florida,30943,2027-03-07T21:30Z,5810,5783,Jacksonville FC,IMG,,
U14,Florida,33373,2027-03-13,5946,5711,Athletum FC Academy,Weston FC,,
U14,Florida,33383,2027-03-13,10483,5971,One FC,Miami Futbol Academy Rush,,
U14,Florida,33389,2027-03-13,7235,5810,Orlando City SC,Jacksonville FC,,
U14,Florida,33397,2027-03-13,5952,5739,IdeaSport SA,Sol SC Florida,,
U14,Florida,33403,2027-03-13,5748,5783,South Florida Football Academy,IMG,,
U14,Florida,33391,2027-03-13T18:00Z,5982,5844,Orlando City Soccer School South,West Florida Flames,,
U14,Florida,33605,2027-03-14,5844,7235,West Florida Flames,Orlando City SC,,
U14,Florida,33785,2027-03-20,5952,5782,IdeaSport SA,Seminole United,,
U14,Florida,33791,2027-03-20,10483,5982,One FC,Orlando City Soccer School South,,
U14,Florida,33797,2027-03-20,6135,5946,Tampa Bay United,Athletum FC Academy,,
U14,Florida,33803,2027-03-20,5844,5739,West Florida Flames,Sol SC Florida,,
U14,Florida,33809,2027-03-20T13:00Z,5711,5748,Weston FC,South Florida Football Academy,,
U14,Florida,34012,2027-03-21,5810,1863,Jacksonville FC,Inter Miami CF,,
U14,Florida,34014,2027-03-21,7235,5748,Orlando City SC,South Florida Football Academy,,
U14,Florida,34200,2027-03-27,1863,5952,Inter Miami CF,IdeaSport SA,,
U14,Florida,34202,2027-03-27,5810,6135,Jacksonville FC,Tampa Bay United,,
U14,Florida,34208,2027-03-27,5971,5782,Miami Futbol Academy Rush,Seminole United,,
U14,Florida,34220,2027-03-27,5739,5783,Sol SC Florida,IMG,,
U14,Florida,34500,2027-04-03,5946,5739,Athletum FC Academy,Sol SC Florida,,
U14,Florida,34506,2027-04-03,5783,5748,IMG,South Florida Football Academy,,
U14,Florida,34512,2027-04-03,5971,5810,Miami Futbol Academy Rush,Jacksonville FC,,
U14,Florida,34520,2027-04-03,5782,5952,Seminole United,IdeaSport SA,,
U14,Florida,34526,2027-04-03,6135,10483,Tampa Bay United,One FC,,
U14,Florida,34532,2027-04-03,5844,5982,West Florida Flames,Orlando City Soccer School South,,
U14,Florida,27269,2027-04-03T10:00Z,1863,7235,Inter Miami CF,Orlando City SC,,
U14,Florida,34762,2027-04-04,1863,5946,Inter Miami CF,Athletum FC Academy,,
U14,Florida,34764,2027-04-04,5711,7235,Weston FC,Orlando City SC,,
U14,Florida,34946,2027-04-10,5946,5952,Athletum FC Academy,IdeaSport SA,,
U14,Florida,34952,2027-04-10,5782,5810,Seminole United,Jacksonville FC,,
U14,Florida,34958,2027-04-10,10483,5748,One FC,South Florida Football Academy,,
U14,Florida,34970,2027-04-10,5739,6135,Sol SC Florida,Tampa Bay United,,
U14,Florida,34964,2027-04-10T17:00Z,5982,5783,Orlando City Soccer School South,IMG,,
U14,Florida,34976,2027-04-10T21:00Z,5711,5844,Weston FC,West Florida Flames,,
U14,Florida,32105,2027-04-11T13:00Z,5748,5844,South Florida Football Academy,West Florida Flames,,
U14,Florida,35342,2027-04-17,5783,5946,IMG,Athletum FC Academy,,
U14,Florida,35348,2027-04-17,5952,5971,IdeaSport SA,Miami Futbol Academy Rush,,
U14,Florida,35360,2027-04-17,5748,5739,South Florida Football Academy,Sol SC Florida,,
U14,Florida,35366,2027-04-17,6135,5782,Tampa Bay United,Seminole United,,
U14,Florida,35354,2027-04-17T16:00Z,5982,10483,Orlando City Soccer School South,One FC,,
U14,Florida,35372,2027-04-17T16:00Z,5711,5810,Weston FC,Jacksonville FC,,
U14,Florida,35624,2027-04-18,6135,1863,Tampa Bay United,Inter Miami CF,,
U14,Florida,35803,2027-04-24,5946,5982,Athletum FC Academy,Orlando City Soccer School South,,
U14,Florida,35809,2027-04-24,5810,5844,Jacksonville FC,West Florida Flames,,
U14,Florida,35815,2027-04-24,5971,5783,Miami Futbol Academy Rush,IMG,,
U14,Florida,35821,2027-04-24,10483,5952,One FC,IdeaSport SA,,
U14,Florida,35827,2027-04-24,5782,5748,Seminole United,South Florida Football Academy,,
U14,Florida,35833,2027-04-24,6135,5711,Tampa Bay United,Weston FC,,
U14,Florida,36017,2027-04-25,7235,5739,Orlando City SC,Sol SC Florida,,
U14,Florida,36214,2027-05-01,7235,10483,Orlando City SC,One FC,,
U14,Florida,36216,2027-05-01T18:00Z,5844,1863,West Florida Flames,Inter Miami CF,,
U14,Florida,36239,2027-05-02,1863,6135,Inter Miami CF,Tampa Bay United,,
U14,Florida,36241,2027-05-02,7235,5971,Orlando City SC,Miami Futbol Academy Rush,,
U14,Florida,36269,2027-05-08,5946,5971,Athletum FC Academy,Miami Futbol Academy Rush,,
U14,Florida,36275,2027-05-08,5810,5952,Jacksonville FC,IdeaSport SA,,
U14,Florida,36287,2027-05-08,5782,7235,Seminole United,Orlando City SC,,
U14,Florida,36289,2027-05-08,5748,1863,South Florida Football Academy,Inter Miami CF,,
U14,Florida,36291,2027-05-08,6135,5783,Tampa Bay United,IMG,,
U14,Florida,36281,2027-05-08T16:00Z,5982,5739,Orlando City Soccer School South,Sol SC Florida,,
U14,Florida,36297,2027-05-08T16:00Z,5711,10483,Weston FC,One FC,,
U14,Florida,36625,2027-05-15,5952,5783,IdeaSport SA,IMG,,
U14,Florida,36631,2027-05-15,5810,5748,Jacksonville FC,South Florida Football Academy,,
U14,Florida,36637,2027-05-15,5971,6135,Miami Futbol Academy Rush,Tampa Bay United,,
U14,Florida,36643,2027-05-15,10483,5844,One FC,West Florida Flames,,
U14,Florida,36649,2027-05-15,5782,5946,Seminole United,Athletum FC Academy,,
U14,Florida,36655,2027-05-15T18:00Z,5739,5711,Sol SC Florida,Weston FC,,
U14,Florida,36807,2027-05-16,5946,7235,Athletum FC Academy,Orlando City SC,,
U14,Florida,36809,2027-05-16,1863,5982,Inter Miami CF,Orlando City Soccer School South,,
U14,Florida,26203,2027-06-08T18:00Z,1863,5783,Inter Miami CF,IMG,,
U14,Florida,26413,2027-06-08T19:00Z,6135,5971,Tampa Bay United,Miami Futbol Academy Rush,,
U14,Florida,26857,2027-06-08T19:00Z,6135,5952,Tampa Bay United,IdeaSport SA,,
U14,Florida,29578,2027-06-08T20:00Z,5782,5844,Seminole United,West Florida Flames,,
U14,Florida,26839,2027-06-08T20:45Z,10483,5711,One FC,Weston FC,0,1
U14,Florida,29396,2027-06-08T22:00Z,7235,5952,Orlando City SC,IdeaSport SA,,
U14,Frontier,30049,2026-09-05T15:00Z,6393,9664,Real Salt Lake,ALBION SC Colorado,5,1
U14,Frontier,26448,2026-09-12T17:30Z,10482,6153,SGA,Dallas Hornets,1,3
U14,Frontier,26431,2026-09-12T19:00Z,6195,7149,Austin FC,AC River,5,2
U14,Frontier,26437,2026-09-12T19:00Z,6317,6338,Capital City SC,GFI Academy,1,2
U14,Frontier,26614,2026-09-13T17:00Z,6393,5924,Real Salt Lake,Houston Rangers,6,0
U14,Frontier,26608,2026-09-13T17:30Z,6348,9664,Houston Dynamo FC,ALBION SC Colorado,4,1
U14,Frontier,26603,2026-09-19T14:00Z,6195,10482,Austin FC,SGA,4,1
U14,Frontier,26869,2026-09-19T15:30Z,9664,5806,ALBION SC Colorado,FC Dallas,2,1
U14,Frontier,26877,2026-09-19T17:00Z,5924,6317,Houston Rangers,Capital City SC,6,1
U14,Frontier,26863,2026-09-19T21:00Z,7149,6338,AC River,GFI Academy,2,2
U14,Frontier,27089,2026-09-20T19:00Z,9664,9689,ALBION SC Colorado,Tulsa Greenwood SC,0,4
U14,Frontier,27313,2026-09-26T14:00Z,6393,6153,Real Salt Lake,Dallas Hornets,5,0
U14,Frontier,27301,2026-09-26T19:00Z,7149,5924,AC River,Houston Rangers,2,2
U14,Frontier,27307,2026-09-26T19:00Z,6338,10482,GFI Academy,SGA,6,0
U14,Frontier,27508,2026-09-27T15:00Z,6393,5806,Real Salt Lake,FC Dallas,1,0
U14,Frontier,33815,2026-09-27T18:00Z,6317,7149,Capital City SC,AC River,0,0
U14,Frontier,27964,2026-09-27T18:30Z,6348,10482,Houston Dynamo FC,SGA,5,0
U14,Frontier,27735,2026-10-03T16:00Z,6153,9689,Dallas Hornets,Tulsa Greenwood SC,,
U14,Frontier,27744,2026-10-03T16:30Z,6348,6393,Houston Dynamo FC,Real Salt Lake,,
U14,Frontier,27719,2026-10-03T20:00Z,9664,5924,ALBION SC Colorado,Houston Rangers,,
U14,Frontier,27725,2026-10-03T20:30Z,6195,6317,Austin FC,Capital City SC,,
U14,Frontier,27951,2026-10-04T15:00Z,9664,6338,ALBION SC Colorado,GFI Academy,,
U14,Frontier,28280,2026-10-04T18:00Z,5806,7149,FC Dallas,AC River,,
U14,Frontier,28274,2026-10-17T16:00Z,6153,10482,Dallas Hornets,SGA,,
U14,Frontier,28289,2026-10-17T17:00Z,5924,6393,Houston Rangers,Real Salt Lake,,
U14,Frontier,28283,2026-10-17T19:00Z,6338,9689,GFI Academy,Tulsa Greenwood SC,,
U14,Frontier,29207,2026-10-17T21:15Z,6317,6195,Capital City SC,Austin FC,,
U14,Frontier,28499,2026-10-18T16:00Z,6338,6393,GFI Academy,Real Salt Lake,,
U14,Frontier,28502,2026-10-18T16:00Z,5924,9689,Houston Rangers,Tulsa Greenwood SC,,
U14,Frontier,33181,2026-10-18T16:00Z,9664,7149,ALBION SC Colorado,AC River,,
U14,Frontier,28496,2026-10-18T18:00Z,5806,10482,FC Dallas,SGA,,
U14,Frontier,28754,2026-10-24T14:00Z,6153,9664,Dallas Hornets,ALBION SC Colorado,,
U14,Frontier,28765,2026-10-24T17:30Z,6348,6338,Houston Dynamo FC,GFI Academy,,
U14,Frontier,28763,2026-10-24T18:00Z,5806,6317,FC Dallas,Capital City SC,,
U14,Frontier,28776,2026-10-24T19:00Z,9689,7149,Tulsa Greenwood SC,AC River,,
U14,Frontier,29009,2026-10-25T16:00Z,9689,9664,Tulsa Greenwood SC,ALBION SC Colorado,,
U14,Frontier,28771,2026-10-25T17:00Z,6393,10482,Real Salt Lake,SGA,,
U14,Frontier,29003,2026-10-25T18:30Z,6348,5924,Houston Dynamo FC,Houston Rangers,,
U14,Frontier,29209,2026-10-31T14:00Z,6153,5924,Dallas Hornets,Houston Rangers,,
U14,Frontier,29204,2026-10-31T15:00Z,7149,6393,AC River,Real Salt Lake,,
U14,Frontier,29215,2026-10-31T19:30Z,10482,6338,SGA,GFI Academy,,
U14,Frontier,29398,2026-11-01T17:00Z,6195,6393,Austin FC,Real Salt Lake,,
U14,Frontier,31272,2026-11-01T19:00Z,6317,5806,Capital City SC,FC Dallas,,
U14,Frontier,29615,2026-11-07T15:00Z,6338,6348,GFI Academy,Houston Dynamo FC,,
U14,Frontier,29602,2026-11-07T17:00Z,9664,6153,ALBION SC Colorado,Dallas Hornets,,
U14,Frontier,29617,2026-11-07T20:00Z,5924,7149,Houston Rangers,AC River,,
U14,Frontier,29812,2026-11-08T17:00Z,9664,6317,ALBION SC Colorado,Capital City SC,,
U14,Frontier,30035,2026-11-14T18:00Z,6195,9689,Austin FC,Tulsa Greenwood SC,,
U14,Frontier,30040,2026-11-14T18:30Z,6348,7149,Houston Dynamo FC,AC River,,
U14,Frontier,30046,2026-11-14T21:00Z,5924,5806,Houston Rangers,FC Dallas,,
U14,Frontier,34016,2026-11-15T15:00Z,6317,9689,Capital City SC,Tulsa Greenwood SC,,
U14,Frontier,30273,2026-11-15T17:30Z,6348,5806,Houston Dynamo FC,FC Dallas,,
U14,Frontier,30268,2026-11-15T19:00Z,6195,6153,Austin FC,Dallas Hornets,,
U14,Frontier,30523,2026-11-21T17:00Z,6348,6195,Houston Dynamo FC,Austin FC,,
U14,Frontier,30503,2026-11-21T18:00Z,7149,10482,AC River,SGA,,
U14,Frontier,30515,2026-11-21T19:00Z,6153,6393,Dallas Hornets,Real Salt Lake,,
U14,Frontier,30509,2026-11-21T20:00Z,6317,9664,Capital City SC,ALBION SC Colorado,,
U14,Frontier,30518,2026-11-21T20:00Z,6338,5924,GFI Academy,Houston Rangers,,
U14,Frontier,30525,2026-11-21T21:00Z,9689,5806,Tulsa Greenwood SC,FC Dallas,,
U14,Frontier,30771,2026-11-22T17:00Z,10482,9664,SGA,ALBION SC Colorado,,
U14,Frontier,30777,2026-11-22T17:00Z,9689,6393,Tulsa Greenwood SC,Real Salt Lake,,
U14,Frontier,31266,2027-01-23,6195,6338,Austin FC,GFI Academy,,
U14,Frontier,31278,2027-01-23,5924,10482,Houston Rangers,SGA,,
U14,Frontier,31283,2027-01-23,9689,6348,Tulsa Greenwood SC,Houston Dynamo FC,,
U14,Frontier,31260,2027-01-23T18:00Z,7149,6153,AC River,Dallas Hornets,,
U14,Frontier,31370,2027-01-24,6195,5806,Austin FC,FC Dallas,,
U14,Frontier,31367,2027-01-24T17:00Z,9664,6393,ALBION SC Colorado,Real Salt Lake,,
U14,Frontier,31455,2027-01-30,6317,6153,Capital City SC,Dallas Hornets,,
U14,Frontier,31468,2027-01-30,5806,6338,FC Dallas,GFI Academy,,
U14,Frontier,31647,2027-02-06,6348,6317,Houston Dynamo FC,Capital City SC,,
U14,Frontier,31653,2027-02-06,10482,6195,SGA,Austin FC,,
U14,Frontier,31655,2027-02-06,9689,5924,Tulsa Greenwood SC,Houston Rangers,,
U14,Frontier,28997,2027-02-06T17:00Z,6153,5806,Dallas Hornets,FC Dallas,,
U14,Frontier,31642,2027-02-06T18:00Z,6338,7149,GFI Academy,AC River,,
U14,Frontier,31818,2027-02-13,6153,6338,Dallas Hornets,GFI Academy,,
U14,Frontier,31824,2027-02-13,6393,6317,Real Salt Lake,Capital City SC,,
U14,Frontier,31829,2027-02-13,10482,5924,SGA,Houston Rangers,,
U14,Frontier,31809,2027-02-13T16:00Z,7149,9664,AC River,ALBION SC Colorado,,
U14,Frontier,31991,2027-02-14,6195,9664,Austin FC,ALBION SC Colorado,,
U14,Frontier,32111,2027-02-20,6317,10482,Capital City SC,SGA,,
U14,Frontier,32121,2027-02-20,5806,9689,FC Dallas,Tulsa Greenwood SC,,
U14,Frontier,32124,2027-02-20,6393,6195,Real Salt Lake,Austin FC,,
U14,Frontier,32325,2027-02-21,6393,7149,Real Salt Lake,AC River,,
U14,Frontier,32545,2027-02-27,6338,6317,GFI Academy,Capital City SC,,
U14,Frontier,32550,2027-02-27,6348,9689,Houston Dynamo FC,Tulsa Greenwood SC,,
U14,Frontier,32539,2027-02-27T18:00Z,7149,6195,AC River,Austin FC,,
U14,Frontier,32749,2027-02-28,6348,6153,Houston Dynamo FC,Dallas Hornets,,
U14,Frontier,32976,2027-03-06,9664,10482,ALBION SC Colorado,SGA,,
U14,Frontier,32986,2027-03-06,5924,6153,Houston Rangers,Dallas Hornets,,
U14,Frontier,32992,2027-03-06,9689,6317,Tulsa Greenwood SC,Capital City SC,,
U14,Frontier,33408,2027-03-06T18:00Z,7149,6348,AC River,Houston Dynamo FC,,
U14,Frontier,33410,2027-03-13,6195,5924,Austin FC,Houston Rangers,,
U14,Frontier,33416,2027-03-13,6393,6338,Real Salt Lake,GFI Academy,,
U14,Frontier,33421,2027-03-13,10482,5806,SGA,FC Dallas,,
U14,Frontier,33609,2027-03-14,6195,6348,Austin FC,Houston Dynamo FC,,
U14,Frontier,33614,2027-03-14,6393,9689,Real Salt Lake,Tulsa Greenwood SC,,
U14,Frontier,33821,2027-03-20,6338,6153,GFI Academy,Dallas Hornets,,
U14,Frontier,33827,2027-03-20,5924,9664,Houston Rangers,ALBION SC Colorado,,
U14,Frontier,33832,2027-03-20,6393,6348,Real Salt Lake,Houston Dynamo FC,,
U14,Frontier,33834,2027-03-20,10482,9689,SGA,Tulsa Greenwood SC,,
U14,Frontier,34232,2027-03-27,6317,5924,Capital City SC,Houston Rangers,,
U14,Frontier,34238,2027-03-27,9689,6338,Tulsa Greenwood SC,GFI Academy,,
U14,Frontier,34543,2027-04-03,9664,6348,ALBION SC Colorado,Houston Dynamo FC,,
U14,Frontier,34545,2027-04-03,6153,6195,Dallas Hornets,Austin FC,,
U14,Frontier,34547,2027-04-03,5806,5924,FC Dallas,Houston Rangers,,
U14,Frontier,34550,2027-04-03,9689,10482,Tulsa Greenwood SC,SGA,,
U14,Frontier,34538,2027-04-03T17:00Z,7149,6317,AC River,Capital City SC,,
U14,Frontier,34766,2027-04-04,5806,6195,FC Dallas,Austin FC,,
U14,Frontier,34982,2027-04-10,6153,7149,Dallas Hornets,AC River,,
U14,Frontier,34988,2027-04-10,5806,9664,FC Dallas,ALBION SC Colorado,,
U14,Frontier,34991,2027-04-10,6338,6195,GFI Academy,Austin FC,,
U14,Frontier,34992,2027-04-10,5924,6348,Houston Rangers,Houston Dynamo FC,,
U14,Frontier,35153,2027-04-11,5806,6153,FC Dallas,Dallas Hornets,,
U14,Frontier,35378,2027-04-17,10482,6393,SGA,Real Salt Lake,,
U14,Frontier,35381,2027-04-17,9689,6195,Tulsa Greenwood SC,Austin FC,,
U14,Frontier,34022,2027-04-17T18:00Z,6338,9664,GFI Academy,ALBION SC Colorado,,
U14,Frontier,33607,2027-04-17T20:00Z,7149,5806,AC River,FC Dallas,,
U14,Frontier,35626,2027-04-18,6317,6393,Capital City SC,Real Salt Lake,,
U14,Frontier,35838,2027-04-24,6317,6348,Capital City SC,Houston Dynamo FC,,
U14,Frontier,35840,2027-04-24,5924,6338,Houston Rangers,GFI Academy,,
U14,Frontier,35846,2027-04-24,10482,7149,SGA,AC River,,
U14,Frontier,35852,2027-04-24,9689,6153,Tulsa Greenwood SC,Dallas Hornets,,
U14,Frontier,36019,2027-04-25,10482,6317,SGA,Capital City SC,,
U14,Frontier,36218,2027-05-01,9664,6195,ALBION SC Colorado,Austin FC,,
U14,Frontier,36219,2027-05-01,6153,6348,Dallas Hornets,Houston Dynamo FC,,
U14,Frontier,36221,2027-05-01T15:00Z,5806,6393,FC Dallas,Real Salt Lake,,
U14,Frontier,36303,2027-05-01T17:00Z,7149,9689,AC River,Tulsa Greenwood SC,,
U14,Frontier,36242,2027-05-02,5806,6348,FC Dallas,Houston Dynamo FC,,
U14,Frontier,36309,2027-05-08,6153,6317,Dallas Hornets,Capital City SC,,
U14,Frontier,36318,2027-05-08,5924,6195,Houston Rangers,Austin FC,,
U14,Frontier,36319,2027-05-08,10482,6348,SGA,Houston Dynamo FC,,
U14,Frontier,36315,2027-05-08T20:00Z,6338,5806,GFI Academy,FC Dallas,,
U14,Mid-America,26044,2026-09-05T14:00Z,6215,6225,SC Wave,Lou Fusz Athletic,1,2
U14,Mid-America,26042,2026-09-05T17:45Z,10498,5695,Club Ohio,Michigan Wolves,2,2
U14,Mid-America,32556,2026-09-05T19:00Z,6243,5960,Chicago FC United,Cincinnati United Soccer Club,0,2
U14,Mid-America,26036,2026-09-05T20:00Z,5978,7163,Bavarian United SC,Hoosier Premier,4,1
U14,Mid-America,26209,2026-09-06T14:00Z,5978,6225,Bavarian United SC,Lou Fusz Athletic,3,1
U14,Mid-America,26211,2026-09-06T14:00Z,5828,9658,FC Cincinnati,AC Grand Rapids,2,3
U14,Mid-America,26213,2026-09-06T16:00Z,6215,7163,SC Wave,Hoosier Premier,1,1
U14,Mid-America,32764,2026-09-06T17:00Z,6036,5960,Sockers FC Chicago,Cincinnati United Soccer Club,0,3
U14,Mid-America,32129,2026-09-06T20:00Z,6255,6001,Midwest United FC,Vardar Soccer Club,1,3
U14,Mid-America,26462,2026-09-12T13:00Z,6255,5998,Midwest United FC,Michigan Jaguars,0,4
U14,Mid-America,26454,2026-09-12T14:00Z,5828,5960,FC Cincinnati,Cincinnati United Soccer Club,2,1
U14,Mid-America,26456,2026-09-12T17:00Z,9658,6215,AC Grand Rapids,SC Wave,4,2
U14,Mid-America,33199,2026-09-12T17:15Z,6113,5695,Indy Eleven,Michigan Wolves,0,2
U14,Mid-America,26463,2026-09-12T19:30Z,10474,7203,Sporting City,St. Louis City SC,0,2
U14,Mid-America,26619,2026-09-13T14:00Z,5828,7163,FC Cincinnati,Hoosier Premier,4,2
U14,Mid-America,26625,2026-09-13T15:00Z,6255,6215,Midwest United FC,SC Wave,5,2
U14,Mid-America,26621,2026-09-13T17:15Z,6113,6001,Indy Eleven,Vardar Soccer Club,2,0
U14,Mid-America,26623,2026-09-13T18:00Z,5998,9658,Michigan Jaguars,AC Grand Rapids,1,3
U14,Mid-America,26631,2026-09-13T19:30Z,10474,6225,Sporting City,Lou Fusz Athletic,4,2
U14,Mid-America,26883,2026-09-19T14:00Z,5978,6243,Bavarian United SC,Chicago FC United,3,5
U14,Mid-America,26887,2026-09-19T14:00Z,5828,6113,FC Cincinnati,Indy Eleven,4,5
U14,Mid-America,26885,2026-09-19T19:00Z,5960,5695,Cincinnati United Soccer Club,Michigan Wolves,2,3
U14,Mid-America,27096,2026-09-20T14:00Z,5978,5989,Bavarian United SC,St. Louis Scott Gallagher,2,3
U14,Mid-America,27100,2026-09-20T14:00Z,5828,5695,FC Cincinnati,Michigan Wolves,0,4
U14,Mid-America,27098,2026-09-20T15:00Z,5960,6113,Cincinnati United Soccer Club,Indy Eleven,1,1
U14,Mid-America,27104,2026-09-20T15:00Z,9658,6255,AC Grand Rapids,Midwest United FC,2,0
U14,Mid-America,27107,2026-09-20T15:00Z,6215,7203,SC Wave,St. Louis City SC,0,7
U14,Mid-America,27106,2026-09-20T16:00Z,5998,10498,Michigan Jaguars,Club Ohio,2,2
U14,Mid-America,27102,2026-09-20T17:00Z,6225,6036,Lou Fusz Athletic,Sockers FC Chicago,1,4
U14,Mid-America,27325,2026-09-26T14:00Z,6225,7203,Lou Fusz Athletic,St. Louis City SC,0,1
U14,Mid-America,27329,2026-09-26T14:00Z,5989,6001,St. Louis Scott Gallagher,Vardar Soccer Club,2,1
U14,Mid-America,27327,2026-09-26T17:00Z,6036,10474,Sockers FC Chicago,Sporting City,1,1
U14,Mid-America,27318,2026-09-26T18:00Z,6243,5998,Chicago FC United,Michigan Jaguars,0,1
U14,Mid-America,27324,2026-09-26T21:00Z,7163,10498,Hoosier Premier,Club Ohio,1,3
U14,Mid-America,27511,2026-09-27T14:00Z,6243,10474,Chicago FC United,Sporting City,3,4
U14,Mid-America,27525,2026-09-27T16:00Z,5989,5828,St. Louis Scott Gallagher,FC Cincinnati,1,3
U14,Mid-America,27515,2026-09-27T17:00Z,6225,6001,Lou Fusz Athletic,Vardar Soccer Club,2,1
U14,Mid-America,27513,2026-09-27T17:30Z,10498,9658,Club Ohio,AC Grand Rapids,2,5
U14,Mid-America,27521,2026-09-27T18:00Z,6255,6113,Midwest United FC,Indy Eleven,3,4
U14,Mid-America,27523,2026-09-27T19:00Z,6036,5978,Sockers FC Chicago,Bavarian United SC,2,1
U14,Mid-America,30786,2026-10-03T00:00Z,5695,5998,Michigan Wolves,Michigan Jaguars,,
U14,Mid-America,27751,2026-10-03T14:00Z,5828,10498,FC Cincinnati,Club Ohio,,
U14,Mid-America,27757,2026-10-03T17:00Z,6036,9658,Sockers FC Chicago,AC Grand Rapids,,
U14,Mid-America,27749,2026-10-03T18:00Z,6243,6215,Chicago FC United,SC Wave,,
U14,Mid-America,27970,2026-10-04T14:00Z,6243,9658,Chicago FC United,AC Grand Rapids,,
U14,Mid-America,27980,2026-10-04T17:00Z,6036,5989,Sockers FC Chicago,St. Louis Scott Gallagher,,
U14,Mid-America,27978,2026-10-04T18:00Z,5695,6255,Michigan Wolves,Midwest United FC,,
U14,Mid-America,27976,2026-10-04T19:30Z,5960,10498,Cincinnati United Soccer Club,Club Ohio,,
U14,Mid-America,26046,2026-10-10T21:00Z,6001,5960,Vardar Soccer Club,Cincinnati United Soccer Club,,
U14,Mid-America,28292,2026-10-17T14:00Z,5978,6036,Bavarian United SC,Sockers FC Chicago,,
U14,Mid-America,28300,2026-10-17T18:00Z,5695,5960,Michigan Wolves,Cincinnati United Soccer Club,,
U14,Mid-America,28298,2026-10-17T19:00Z,9658,5828,AC Grand Rapids,FC Cincinnati,,
U14,Mid-America,28306,2026-10-17T19:30Z,10474,5989,Sporting City,St. Louis Scott Gallagher,,
U14,Mid-America,28309,2026-10-17T21:00Z,6001,7163,Vardar Soccer Club,Hoosier Premier,,
U14,Mid-America,28307,2026-10-17T21:30Z,7203,6243,St. Louis City SC,Chicago FC United,,
U14,Mid-America,28516,2026-10-18T13:00Z,5695,5828,Michigan Wolves,FC Cincinnati,,
U14,Mid-America,28514,2026-10-18T15:00Z,6225,6243,Lou Fusz Athletic,Chicago FC United,,
U14,Mid-America,28521,2026-10-18T15:00Z,6001,6113,Vardar Soccer Club,Indy Eleven,,
U14,Mid-America,28508,2026-10-18T16:00Z,5978,5998,Bavarian United SC,Michigan Jaguars,,
U14,Mid-America,28518,2026-10-18T16:00Z,6255,10498,Midwest United FC,Club Ohio,,
U14,Mid-America,28519,2026-10-18T20:30Z,7203,6215,St. Louis City SC,SC Wave,,
U14,Mid-America,28782,2026-10-24T15:30Z,5960,6225,Cincinnati United Soccer Club,Lou Fusz Athletic,,
U14,Mid-America,29039,2026-10-24T16:00Z,6215,5695,SC Wave,Michigan Wolves,,
U14,Mid-America,28796,2026-10-24T17:15Z,6113,6243,Indy Eleven,Chicago FC United,,
U14,Mid-America,28788,2026-10-24T17:45Z,10498,5998,Club Ohio,Michigan Jaguars,,
U14,Mid-America,28794,2026-10-24T18:00Z,7163,6255,Hoosier Premier,Midwest United FC,,
U14,Mid-America,27109,2026-10-25T13:00Z,6001,10474,Vardar Soccer Club,Sporting City,,
U14,Mid-America,29027,2026-10-25T15:00Z,7163,6243,Hoosier Premier,Chicago FC United,,
U14,Mid-America,29015,2026-10-25T15:30Z,5960,5978,Cincinnati United Soccer Club,Bavarian United SC,,
U14,Mid-America,29045,2026-10-25T16:00Z,5989,9658,St. Louis Scott Gallagher,AC Grand Rapids,,
U14,Mid-America,29033,2026-10-25T17:15Z,6113,6255,Indy Eleven,Midwest United FC,,
U14,Mid-America,29021,2026-10-25T17:45Z,10498,6225,Club Ohio,Lou Fusz Athletic,,
U14,Mid-America,29229,2026-10-31T14:00Z,5998,5828,Michigan Jaguars,FC Cincinnati,,
U14,Mid-America,29230,2026-10-31T14:00Z,5695,7203,Michigan Wolves,St. Louis City SC,,
U14,Mid-America,29227,2026-10-31T15:00Z,9658,7163,AC Grand Rapids,Hoosier Premier,,
U14,Mid-America,29221,2026-10-31T17:15Z,6113,5960,Indy Eleven,Cincinnati United Soccer Club,,
U14,Mid-America,29400,2026-11-01T18:00Z,9658,7203,AC Grand Rapids,St. Louis City SC,,
U14,Mid-America,29402,2026-11-01T19:00Z,6215,5978,SC Wave,Bavarian United SC,,
U14,Mid-America,29404,2026-11-01T22:00Z,6001,5695,Vardar Soccer Club,Michigan Wolves,,
U14,Mid-America,29629,2026-11-07T15:00Z,5828,6255,FC Cincinnati,Midwest United FC,,
U14,Mid-America,29638,2026-11-07T15:00Z,5989,7203,St. Louis Scott Gallagher,St. Louis City SC,,
U14,Mid-America,29623,2026-11-07T17:00Z,5960,6001,Cincinnati United Soccer Club,Vardar Soccer Club,,
U14,Mid-America,29633,2026-11-07T18:00Z,6113,10474,Indy Eleven,Sporting City,,
U14,Mid-America,32135,2026-11-07T20:00Z,6215,10498,SC Wave,Club Ohio,,
U14,Mid-America,29631,2026-11-07T21:00Z,7163,5998,Hoosier Premier,Michigan Jaguars,,
U14,Mid-America,32330,2026-11-08T14:00Z,5978,10498,Bavarian United SC,Club Ohio,,
U14,Mid-America,29826,2026-11-08T15:00Z,5828,6001,FC Cincinnati,Vardar Soccer Club,,
U14,Mid-America,29828,2026-11-08T17:00Z,7163,10474,Hoosier Premier,Sporting City,,
U14,Mid-America,29838,2026-11-08T17:00Z,5989,6036,St. Louis Scott Gallagher,Sockers FC Chicago,,
U14,Mid-America,29830,2026-11-08T18:15Z,6113,9658,Indy Eleven,AC Grand Rapids,,
U14,Mid-America,30062,2026-11-14T14:00Z,5998,6215,Michigan Jaguars,SC Wave,,
U14,Mid-America,30068,2026-11-14T15:00Z,5989,5978,St. Louis Scott Gallagher,Bavarian United SC,,
U14,Mid-America,30054,2026-11-14T16:45Z,10498,6036,Club Ohio,Sockers FC Chicago,,
U14,Mid-America,30060,2026-11-14T17:00Z,5828,6243,FC Cincinnati,Chicago FC United,,
U14,Mid-America,30074,2026-11-14T20:00Z,6001,6255,Vardar Soccer Club,Midwest United FC,,
U14,Mid-America,30291,2026-11-15T14:00Z,6001,6215,Vardar Soccer Club,SC Wave,,
U14,Mid-America,30276,2026-11-15T14:45Z,10498,6243,Club Ohio,Chicago FC United,,
U14,Mid-America,30282,2026-11-15T17:00Z,5828,6036,FC Cincinnati,Sockers FC Chicago,,
U14,Mid-America,30286,2026-11-15T17:00Z,5998,6113,Michigan Jaguars,Indy Eleven,,
U14,Mid-America,30289,2026-11-15T17:00Z,5989,6225,St. Louis Scott Gallagher,Lou Fusz Athletic,,
U14,Mid-America,30284,2026-11-15T20:00Z,7163,5960,Hoosier Premier,Cincinnati United Soccer Club,,
U14,Mid-America,30287,2026-11-15T21:30Z,7203,5978,St. Louis City SC,Bavarian United SC,,
U14,Mid-America,30536,2026-11-21T17:00Z,9658,10498,AC Grand Rapids,Club Ohio,,
U14,Mid-America,30542,2026-11-21T17:00Z,5998,10474,Michigan Jaguars,Sporting City,,
U14,Mid-America,30544,2026-11-21T17:00Z,6255,5695,Midwest United FC,Michigan Wolves,,
U14,Mid-America,30530,2026-11-21T18:00Z,6225,5978,Lou Fusz Athletic,Bavarian United SC,,
U14,Mid-America,30528,2026-11-21T22:00Z,7163,6113,Hoosier Premier,Indy Eleven,,
U14,Mid-America,30788,2026-11-22T15:00Z,6255,10474,Midwest United FC,Sporting City,,
U14,Mid-America,30780,2026-11-22T17:00Z,7163,6001,Hoosier Premier,Vardar Soccer Club,,
U14,Mid-America,26218,2026-11-22T21:30Z,7203,5989,St. Louis City SC,St. Louis Scott Gallagher,,
U14,Mid-America,32127,2027-02-20,5978,7203,Bavarian United SC,St. Louis City SC,,
U14,Mid-America,32141,2027-02-20,10474,6036,Sporting City,Sockers FC Chicago,,
U14,Mid-America,32336,2027-02-21,9658,5960,AC Grand Rapids,Cincinnati United Soccer Club,,
U14,Mid-America,32338,2027-02-21,5998,6255,Michigan Jaguars,Midwest United FC,,
U14,Mid-America,32344,2027-02-21,10474,6243,Sporting City,Chicago FC United,,
U14,Mid-America,32562,2027-02-27,10498,6001,Club Ohio,Vardar Soccer Club,,
U14,Mid-America,32563,2027-02-27,5828,7203,FC Cincinnati,St. Louis City SC,,
U14,Mid-America,32565,2027-02-27,9658,5998,AC Grand Rapids,Michigan Jaguars,,
U14,Mid-America,32571,2027-02-27T18:00Z,6036,6215,Sockers FC Chicago,SC Wave,,
U14,Mid-America,32755,2027-02-28,6243,6225,Chicago FC United,Lou Fusz Athletic,,
U14,Mid-America,32760,2027-02-28,10498,7203,Club Ohio,St. Louis City SC,,
U14,Mid-America,32762,2027-02-28,5695,9658,Michigan Wolves,AC Grand Rapids,,
U14,Mid-America,32998,2027-03-06,6243,6036,Chicago FC United,Sockers FC Chicago,,
U14,Mid-America,33000,2027-03-06,5960,5998,Cincinnati United Soccer Club,Michigan Jaguars,,
U14,Mid-America,33002,2027-03-06,10498,6255,Club Ohio,Midwest United FC,,
U14,Mid-America,33008,2027-03-06,6113,7163,Indy Eleven,Hoosier Premier,,
U14,Mid-America,33014,2027-03-06,10474,6215,Sporting City,SC Wave,,
U14,Mid-America,33191,2027-03-07,5828,5998,FC Cincinnati,Michigan Jaguars,,
U14,Mid-America,33193,2027-03-07,7163,9658,Hoosier Premier,AC Grand Rapids,,
U14,Mid-America,33201,2027-03-07,6225,5989,Lou Fusz Athletic,St. Louis Scott Gallagher,,
U14,Mid-America,33207,2027-03-07,10474,5978,Sporting City,Bavarian United SC,,
U14,Mid-America,29832,2027-03-07T19:00Z,5695,10498,Michigan Wolves,Club Ohio,,
U14,Mid-America,33424,2027-03-13,9658,6113,AC Grand Rapids,Indy Eleven,,
U14,Mid-America,33430,2027-03-13,5998,6001,Michigan Jaguars,Vardar Soccer Club,,
U14,Mid-America,33432,2027-03-13,6255,5828,Midwest United FC,FC Cincinnati,,
U14,Mid-America,33433,2027-03-13,7203,6036,St. Louis City SC,Sockers FC Chicago,,
U14,Mid-America,33619,2027-03-14,10498,7163,Club Ohio,Hoosier Premier,,
U14,Mid-America,33625,2027-03-14,6255,5960,Midwest United FC,Cincinnati United Soccer Club,,
U14,Mid-America,33626,2027-03-14,7203,6225,St. Louis City SC,Lou Fusz Athletic,,
U14,Mid-America,33628,2027-03-14T16:00Z,5989,6243,St. Louis Scott Gallagher,Chicago FC United,,
U14,Mid-America,33846,2027-03-20,6225,6215,Lou Fusz Athletic,SC Wave,,
U14,Mid-America,33852,2027-03-20,9658,5695,AC Grand Rapids,Michigan Wolves,,
U14,Mid-America,33840,2027-03-20T17:15Z,6113,5998,Indy Eleven,Michigan Jaguars,,
U14,Mid-America,35006,2027-03-20T18:00Z,6255,7163,Midwest United FC,Hoosier Premier,,
U14,Mid-America,34028,2027-03-21,6243,6255,Chicago FC United,Midwest United FC,,
U14,Mid-America,34034,2027-03-21,5960,10474,Cincinnati United Soccer Club,Sporting City,,
U14,Mid-America,34036,2027-03-21,10498,5828,Club Ohio,FC Cincinnati,,
U14,Mid-America,34038,2027-03-21,9658,6001,AC Grand Rapids,Vardar Soccer Club,,
U14,Mid-America,34040,2027-03-21,5695,7163,Michigan Wolves,Hoosier Premier,,
U14,Mid-America,34042,2027-03-21T16:00Z,5989,6215,St. Louis Scott Gallagher,SC Wave,,
U14,Mid-America,34256,2027-03-27,9658,6225,AC Grand Rapids,Lou Fusz Athletic,,
U14,Mid-America,34262,2027-03-27,5998,6036,Michigan Jaguars,Sockers FC Chicago,,
U14,Mid-America,34274,2027-03-27,6001,5828,Vardar Soccer Club,FC Cincinnati,,
U14,Mid-America,34254,2027-03-27T17:15Z,6113,10498,Indy Eleven,Club Ohio,,
U14,Mid-America,34556,2027-04-03,6243,5978,Chicago FC United,Bavarian United SC,,
U14,Mid-America,34562,2027-04-03,6225,7163,Lou Fusz Athletic,Hoosier Premier,,
U14,Mid-America,34568,2027-04-03,5998,5960,Michigan Jaguars,Cincinnati United Soccer Club,,
U14,Mid-America,34578,2027-04-03,6036,5695,Sockers FC Chicago,Michigan Wolves,,
U14,Mid-America,34584,2027-04-03,10474,10498,Sporting City,Club Ohio,,
U14,Mid-America,34585,2027-04-03,7203,6113,St. Louis City SC,Indy Eleven,,
U14,Mid-America,34768,2027-04-04,6243,5989,Chicago FC United,St. Louis Scott Gallagher,,
U14,Mid-America,34774,2027-04-04,6225,6113,Lou Fusz Athletic,Indy Eleven,,
U14,Mid-America,34784,2027-04-04,6036,6001,Sockers FC Chicago,Vardar Soccer Club,,
U14,Mid-America,34789,2027-04-04,7203,7163,St. Louis City SC,Hoosier Premier,,
U14,Mid-America,34244,2027-04-04T14:00Z,5978,6215,Bavarian United SC,SC Wave,,
U14,Mid-America,34998,2027-04-10,6225,10474,Lou Fusz Athletic,Sporting City,,
U14,Mid-America,35000,2027-04-10,5695,6113,Michigan Wolves,Indy Eleven,,
U14,Mid-America,35012,2027-04-10,6215,5828,SC Wave,FC Cincinnati,,
U14,Mid-America,35158,2027-04-11,10498,5960,Club Ohio,Cincinnati United Soccer Club,,
U14,Mid-America,35164,2027-04-11,5998,5695,Michigan Jaguars,Michigan Wolves,,
U14,Mid-America,35170,2027-04-11,6255,9658,Midwest United FC,AC Grand Rapids,,
U14,Mid-America,35176,2027-04-11,6215,6036,SC Wave,Sockers FC Chicago,,
U14,Mid-America,35183,2027-04-11,6001,7203,Vardar Soccer Club,St. Louis City SC,,
U14,Mid-America,35156,2027-04-11T14:00Z,5978,5828,Bavarian United SC,FC Cincinnati,,
U14,Mid-America,35182,2027-04-11T16:00Z,5989,10474,St. Louis Scott Gallagher,Sporting City,,
U14,Mid-America,35383,2027-04-17,5960,6215,Cincinnati United Soccer Club,SC Wave,,
U14,Mid-America,35389,2027-04-17,7163,5989,Hoosier Premier,St. Louis Scott Gallagher,,
U14,Mid-America,35395,2027-04-17,6113,6036,Indy Eleven,Sockers FC Chicago,,
U14,Mid-America,35401,2027-04-17,6225,5998,Lou Fusz Athletic,Michigan Jaguars,,
U14,Mid-America,35407,2027-04-17,5695,5978,Michigan Wolves,Bavarian United SC,,
U14,Mid-America,35412,2027-04-17,7203,6255,St. Louis City SC,Midwest United FC,,
U14,Mid-America,35414,2027-04-17,6001,6243,Vardar Soccer Club,Chicago FC United,,
U14,Mid-America,35629,2027-04-18,5960,5828,Cincinnati United Soccer Club,FC Cincinnati,,
U14,Mid-America,35631,2027-04-18,7163,6036,Hoosier Premier,Sockers FC Chicago,,
U14,Mid-America,35643,2027-04-18,6225,6255,Lou Fusz Athletic,Midwest United FC,,
U14,Mid-America,35649,2027-04-18,5695,6243,Michigan Wolves,Chicago FC United,,
U14,Mid-America,35658,2027-04-18,7203,5998,St. Louis City SC,Michigan Jaguars,,
U14,Mid-America,35660,2027-04-18,6001,5978,Vardar Soccer Club,Bavarian United SC,,
U14,Mid-America,35637,2027-04-18T17:15Z,6113,5989,Indy Eleven,St. Louis Scott Gallagher,,
U14,Mid-America,35858,2027-04-24,5960,9658,Cincinnati United Soccer Club,AC Grand Rapids,,
U14,Mid-America,35864,2027-04-24,5998,7163,Michigan Jaguars,Hoosier Premier,,
U14,Mid-America,35869,2027-04-24,6036,7203,Sockers FC Chicago,St. Louis City SC,,
U14,Mid-America,36025,2027-04-24T14:00Z,5978,10474,Bavarian United SC,Sporting City,,
U14,Mid-America,36051,2027-04-24T16:00Z,6215,5989,SC Wave,St. Louis Scott Gallagher,,
U14,Mid-America,36027,2027-04-25,5960,6255,Cincinnati United Soccer Club,Midwest United FC,,
U14,Mid-America,36033,2027-04-25,10498,6113,Club Ohio,Indy Eleven,,
U14,Mid-America,36039,2027-04-25,5828,6225,FC Cincinnati,Lou Fusz Athletic,,
U14,Mid-America,36045,2027-04-25,5695,6001,Michigan Wolves,Vardar Soccer Club,,
U14,Mid-America,36057,2027-04-25,6036,6243,Sockers FC Chicago,Chicago FC United,,
U14,Mid-America,29232,2027-04-25T16:00Z,6215,10474,SC Wave,Sporting City,,
U14,Mid-America,36225,2027-05-01,10474,5695,Sporting City,Michigan Wolves,,
U14,Mid-America,36223,2027-05-01T17:15Z,6113,5828,Indy Eleven,FC Cincinnati,,
U14,Mid-America,36244,2027-05-02,7163,5828,Hoosier Premier,FC Cincinnati,,
U14,Mid-America,36246,2027-05-02,10474,9658,Sporting City,AC Grand Rapids,,
U14,Mid-America,32143,2027-05-02T16:00Z,5989,5695,St. Louis Scott Gallagher,Michigan Wolves,,
U14,Mid-America,36320,2027-05-08,6243,7203,Chicago FC United,St. Louis City SC,,
U14,Mid-America,36322,2027-05-08,5960,7163,Cincinnati United Soccer Club,Hoosier Premier,,
U14,Mid-America,36328,2027-05-08,9658,5978,AC Grand Rapids,Bavarian United SC,,
U14,Mid-America,36334,2027-05-08,5998,5989,Michigan Jaguars,St. Louis Scott Gallagher,,
U14,Mid-America,36340,2027-05-08,5695,6225,Michigan Wolves,Lou Fusz Athletic,,
U14,Mid-America,36346,2027-05-08,6255,6036,Midwest United FC,Sockers FC Chicago,,
U14,Mid-America,36356,2027-05-08,10474,5828,Sporting City,FC Cincinnati,,
U14,Mid-America,36358,2027-05-08,6001,10498,Vardar Soccer Club,Club Ohio,,
U14,Mid-America,34268,2027-05-09T18:00Z,6255,5989,Midwest United FC,St. Louis Scott Gallagher,,
U14,Mid-America,36667,2027-05-15,7163,5695,Hoosier Premier,Michigan Wolves,,
U14,Mid-America,36673,2027-05-15,6215,6243,SC Wave,Chicago FC United,,
U14,Mid-America,36678,2027-05-15,7203,10474,St. Louis City SC,Sporting City,,
U14,Mid-America,36686,2027-05-15,6001,5998,Vardar Soccer Club,Michigan Jaguars,,
U14,Mid-America,36661,2027-05-15T14:00Z,5978,6113,Bavarian United SC,Indy Eleven,,
U14,Mid-America,36680,2027-05-15T16:00Z,5989,5960,St. Louis Scott Gallagher,Cincinnati United Soccer Club,,
U14,Mid-America,36821,2027-05-16,6215,6113,SC Wave,Indy Eleven,,
U14,Mid-America,36827,2027-05-16,6036,6225,Sockers FC Chicago,Lou Fusz Athletic,,
U14,Mid-America,36832,2027-05-16,7203,5960,St. Louis City SC,Cincinnati United Soccer Club,,
U14,Mid-America,36840,2027-05-16,6001,9658,Vardar Soccer Club,AC Grand Rapids,,
U14,Mid-America,36811,2027-05-16T16:00Z,5978,6255,Bavarian United SC,Midwest United FC,,
U14,Mid-America,36834,2027-05-16T16:00Z,5989,10498,St. Louis Scott Gallagher,Club Ohio,,
U14,Mid-Atlantic,26081,2026-09-05T16:00Z,7169,6110,Keystone FC,Beadling SC,0,1
U14,Mid-Atlantic,26260,2026-09-06T12:00Z,10462,6110,Penn Rising XI,Beadling SC,4,0
U14,Mid-Atlantic,26257,2026-09-06T14:00Z,7169,6080,Keystone FC,Alexandria SA,0,3
U14,Mid-Atlantic,26262,2026-09-06T14:00Z,9646,6141,The Football Academy,Players Development Academy,3,0
U14,Mid-Atlantic,26259,2026-09-06T16:00Z,5888,5662,PA Classics,Real Futbol Academy,0,3
U14,Mid-Atlantic,26253,2026-09-06T16:30Z,6181,6087,Bethesda SC,Sporting Athletic Club,2,2
U14,Mid-Atlantic,26079,2026-09-12T14:00Z,5877,5883,Cedar Stars Academy Monmouth,Philadelphia Union,0,7
U14,Mid-Atlantic,26565,2026-09-12T17:00Z,5677,10462,FC DELCO,Penn Rising XI,4,1
U14,Mid-Atlantic,26563,2026-09-12T18:00Z,6235,6141,Baltimore Armour,Players Development Academy,2,1
U14,Mid-Atlantic,26701,2026-09-13T14:00Z,5877,5888,Cedar Stars Academy Monmouth,PA Classics,6,1
U14,Mid-Atlantic,26749,2026-09-13T14:00Z,5883,5662,Philadelphia Union,Real Futbol Academy,2,0
U14,Mid-Atlantic,26750,2026-09-13T14:00Z,6087,6159,Sporting Athletic Club,Springfield SYC,3,1
U14,Mid-Atlantic,26254,2026-09-13T15:45Z,5677,9670,FC DELCO,Northern Virginia Alliance,1,0
U14,Mid-Atlantic,26698,2026-09-13T16:00Z,6080,6181,Alexandria SA,Bethesda SC,6,0
U14,Mid-Atlantic,26673,2026-09-13T18:00Z,7169,9646,Keystone FC,The Football Academy,0,4
U14,Mid-Atlantic,27013,2026-09-19T16:00Z,10487,5888,Coppermine SC,PA Classics,1,0
U14,Mid-Atlantic,27011,2026-09-19T17:30Z,6269,5877,Achilles FC,Cedar Stars Academy Monmouth,0,5
U14,Mid-Atlantic,27022,2026-09-19T18:00Z,6087,5677,Sporting Athletic Club,FC DELCO,0,5
U14,Mid-Atlantic,26916,2026-09-19T21:45Z,6159,6181,Springfield SYC,Bethesda SC,0,1
U14,Mid-Atlantic,27211,2026-09-20T14:00Z,6087,5877,Sporting Athletic Club,Cedar Stars Academy Monmouth,3,4
U14,Mid-Atlantic,27208,2026-09-20T16:00Z,6141,5883,Players Development Academy,Philadelphia Union,0,7
U14,Mid-Atlantic,27206,2026-09-20T16:15Z,9670,6235,Northern Virginia Alliance,Baltimore Armour,4,0
U14,Mid-Atlantic,28120,2026-09-20T17:00Z,9646,10462,The Football Academy,Penn Rising XI,3,0
U14,Mid-Atlantic,27203,2026-09-20T19:00Z,10487,5677,Coppermine SC,FC DELCO,1,2
U14,Mid-Atlantic,27209,2026-09-20T19:00Z,5662,7169,Real Futbol Academy,Keystone FC,4,1
U14,Mid-Atlantic,27201,2026-09-20T20:00Z,6110,6080,Beadling SC,Alexandria SA,1,2
U14,Mid-Atlantic,27554,2026-09-26T15:00Z,5888,10462,PA Classics,Penn Rising XI,0,3
U14,Mid-Atlantic,27558,2026-09-26T15:00Z,9646,5662,The Football Academy,Real Futbol Academy,3,1
U14,Mid-Atlantic,27557,2026-09-26T16:30Z,6159,6235,Springfield SYC,Baltimore Armour,1,0
U14,Mid-Atlantic,27556,2026-09-26T17:00Z,6087,10487,Sporting Athletic Club,Coppermine SC,1,1
U14,Mid-Atlantic,27552,2026-09-26T18:00Z,7169,6141,Keystone FC,Players Development Academy,1,3
U14,Mid-Atlantic,27549,2026-09-26T21:00Z,6080,5883,Alexandria SA,Philadelphia Union,0,6
U14,Mid-Atlantic,27796,2026-09-27T18:00Z,6110,9670,Beadling SC,Northern Virginia Alliance,0,6
U14,Mid-Atlantic,34283,2026-09-27T18:00Z,6080,6087,Alexandria SA,Sporting Athletic Club,1,2
U14,Mid-Atlantic,33884,2026-10-03T13:00Z,9670,6159,Northern Virginia Alliance,Springfield SYC,,
U14,Mid-Atlantic,28110,2026-10-03T15:00Z,6110,5888,Beadling SC,PA Classics,,
U14,Mid-Atlantic,28016,2026-10-03T16:00Z,6141,6269,Players Development Academy,Achilles FC,,
U14,Mid-Atlantic,31916,2026-10-03T18:15Z,6235,7169,Baltimore Armour,Keystone FC,,
U14,Mid-Atlantic,28013,2026-10-03T18:30Z,6080,10487,Alexandria SA,Coppermine SC,,
U14,Mid-Atlantic,28014,2026-10-03T19:00Z,5677,6181,FC DELCO,Bethesda SC,,
U14,Mid-Atlantic,28117,2026-10-04T15:30Z,5662,6269,Real Futbol Academy,Achilles FC,,
U14,Mid-Atlantic,28109,2026-10-04T16:00Z,6235,9670,Baltimore Armour,Northern Virginia Alliance,,
U14,Mid-Atlantic,28119,2026-10-04T16:00Z,6159,6087,Springfield SYC,Sporting Athletic Club,,
U14,Mid-Atlantic,28115,2026-10-04T17:00Z,5883,6181,Philadelphia Union,Bethesda SC,,
U14,Mid-Atlantic,28114,2026-10-04T18:00Z,7169,5877,Keystone FC,Cedar Stars Academy Monmouth,,
U14,Mid-Atlantic,27207,2026-10-04T19:00Z,10462,9646,Penn Rising XI,The Football Academy,,
U14,Mid-Atlantic,28811,2026-10-17T14:00Z,6087,7169,Sporting Athletic Club,Keystone FC,,
U14,Mid-Atlantic,28552,2026-10-17T15:00Z,6110,6269,Beadling SC,Achilles FC,,
U14,Mid-Atlantic,28555,2026-10-17T16:00Z,5888,5877,PA Classics,Cedar Stars Academy Monmouth,,
U14,Mid-Atlantic,28557,2026-10-17T20:00Z,5662,6235,Real Futbol Academy,Baltimore Armour,,
U14,Mid-Atlantic,28653,2026-10-18T14:00Z,5883,6235,Philadelphia Union,Baltimore Armour,,
U14,Mid-Atlantic,28556,2026-10-18T15:00Z,10462,5677,Penn Rising XI,FC DELCO,,
U14,Mid-Atlantic,28654,2026-10-18T16:00Z,6141,9646,Players Development Academy,The Football Academy,,
U14,Mid-Atlantic,32358,2026-10-18T16:00Z,6110,6159,Beadling SC,Springfield SYC,,
U14,Mid-Atlantic,28655,2026-10-18T17:00Z,5662,6181,Real Futbol Academy,Bethesda SC,,
U14,Mid-Atlantic,28647,2026-10-18T18:00Z,6080,9670,Alexandria SA,Northern Virginia Alliance,,
U14,Mid-Atlantic,29050,2026-10-24T15:00Z,9670,6141,Northern Virginia Alliance,Players Development Academy,,
U14,Mid-Atlantic,29260,2026-10-24T15:00Z,9646,5888,The Football Academy,PA Classics,,
U14,Mid-Atlantic,28953,2026-10-24T17:00Z,6181,10487,Bethesda SC,Coppermine SC,,
U14,Mid-Atlantic,28952,2026-10-24T18:00Z,6235,6087,Baltimore Armour,Sporting Athletic Club,,
U14,Mid-Atlantic,29255,2026-10-25T13:00Z,6110,5883,Beadling SC,Philadelphia Union,,
U14,Mid-Atlantic,29258,2026-10-25T15:00Z,9670,10462,Northern Virginia Alliance,Penn Rising XI,,
U14,Mid-Atlantic,26078,2026-10-25T16:00Z,6235,10487,Baltimore Armour,Coppermine SC,,
U14,Mid-Atlantic,29253,2026-10-25T18:00Z,6080,6141,Alexandria SA,Players Development Academy,,
U14,Mid-Atlantic,29256,2026-10-25T18:30Z,5677,7169,FC DELCO,Keystone FC,,
U14,Mid-Atlantic,29259,2026-10-25T20:00Z,5662,5877,Real Futbol Academy,Cedar Stars Academy Monmouth,,
U14,Mid-Atlantic,29445,2026-10-31T14:00Z,5883,9646,Philadelphia Union,The Football Academy,,
U14,Mid-Atlantic,29442,2026-10-31T15:00Z,5877,9670,Cedar Stars Academy Monmouth,Northern Virginia Alliance,,
U14,Mid-Atlantic,29655,2026-11-01T15:00Z,5888,5883,PA Classics,Philadelphia Union,,
U14,Mid-Atlantic,29659,2026-11-01T15:00Z,6159,10487,Springfield SYC,Coppermine SC,,
U14,Mid-Atlantic,29650,2026-11-01T16:30Z,6110,6181,Beadling SC,Bethesda SC,,
U14,Mid-Atlantic,29657,2026-11-01T16:30Z,5662,9670,Real Futbol Academy,Northern Virginia Alliance,,
U14,Mid-Atlantic,29649,2026-11-01T17:00Z,6080,6235,Alexandria SA,Baltimore Armour,,
U14,Mid-Atlantic,29648,2026-11-01T18:00Z,6269,6087,Achilles FC,Sporting Athletic Club,,
U14,Mid-Atlantic,29656,2026-11-01T19:00Z,6141,5677,Players Development Academy,FC DELCO,,
U14,Mid-Atlantic,34288,2026-11-07T15:00Z,7169,9670,Keystone FC,Northern Virginia Alliance,,
U14,Mid-Atlantic,29878,2026-11-07T16:00Z,6181,9646,Bethesda SC,The Football Academy,,
U14,Mid-Atlantic,29917,2026-11-07T17:15Z,5883,6269,Philadelphia Union,Achilles FC,,
U14,Mid-Atlantic,29918,2026-11-07T19:00Z,6141,5877,Players Development Academy,Cedar Stars Academy Monmouth,,
U14,Mid-Atlantic,30104,2026-11-08T15:00Z,7169,5662,Keystone FC,Real Futbol Academy,,
U14,Mid-Atlantic,30097,2026-11-08T16:00Z,6181,10462,Bethesda SC,Penn Rising XI,,
U14,Mid-Atlantic,29877,2026-11-08T17:00Z,6235,6110,Baltimore Armour,Beadling SC,,
U14,Mid-Atlantic,30188,2026-11-08T17:00Z,6087,6080,Sporting Athletic Club,Alexandria SA,,
U14,Mid-Atlantic,30189,2026-11-08T17:15Z,6159,5888,Springfield SYC,PA Classics,,
U14,Mid-Atlantic,30102,2026-11-08T19:30Z,5677,6269,FC DELCO,Achilles FC,,
U14,Mid-Atlantic,30343,2026-11-14T17:00Z,10487,6080,Coppermine SC,Alexandria SA,,
U14,Mid-Atlantic,30344,2026-11-14T19:00Z,6141,5888,Players Development Academy,PA Classics,,
U14,Mid-Atlantic,30567,2026-11-14T23:00Z,5662,10462,Real Futbol Academy,Penn Rising XI,,
U14,Mid-Atlantic,30346,2026-11-15T14:30Z,9646,6235,The Football Academy,Baltimore Armour,,
U14,Mid-Atlantic,30418,2026-11-15T14:30Z,5677,6235,FC DELCO,Baltimore Armour,,
U14,Mid-Atlantic,30315,2026-11-15T16:00Z,5877,7169,Cedar Stars Academy Monmouth,Keystone FC,,
U14,Mid-Atlantic,26261,2026-11-15T17:00Z,6159,6269,Springfield SYC,Achilles FC,,
U14,Mid-Atlantic,30565,2026-11-15T18:00Z,9670,6181,Northern Virginia Alliance,Bethesda SC,,
U14,Mid-Atlantic,32709,2026-11-15T18:00Z,6110,6087,Beadling SC,Sporting Athletic Club,,
U14,Mid-Atlantic,30803,2026-11-20T23:00Z,10462,6141,Penn Rising XI,Players Development Academy,,
U14,Mid-Atlantic,30804,2026-11-21T15:00Z,5883,7169,Philadelphia Union,Keystone FC,,
U14,Mid-Atlantic,30800,2026-11-21T17:00Z,10487,6235,Coppermine SC,Baltimore Armour,,
U14,Mid-Atlantic,34869,2026-11-22T15:00Z,5883,5677,Philadelphia Union,FC DELCO,,
U14,Mid-Atlantic,30877,2026-11-22T16:00Z,6110,5877,Beadling SC,Cedar Stars Academy Monmouth,,
U14,Mid-Atlantic,28649,2026-11-22T17:00Z,10487,6159,Coppermine SC,Springfield SYC,,
U14,Mid-Atlantic,30885,2026-11-23T00:00Z,5888,9646,PA Classics,The Football Academy,,
U14,Mid-Atlantic,30568,2027-01-30T17:00Z,6087,6110,Sporting Athletic Club,Beadling SC,,
U14,Mid-Atlantic,31915,2027-02-13,6080,6269,Alexandria SA,Achilles FC,,
U14,Mid-Atlantic,31997,2027-02-13,5888,5677,PA Classics,FC DELCO,,
U14,Mid-Atlantic,31998,2027-02-13,6159,9670,Springfield SYC,Northern Virginia Alliance,,
U14,Mid-Atlantic,32059,2027-02-14,10487,6110,Coppermine SC,Beadling SC,,
U14,Mid-Atlantic,33131,2027-02-14T14:00Z,9670,6269,Northern Virginia Alliance,Achilles FC,,
U14,Mid-Atlantic,32061,2027-02-14T15:00Z,6087,5883,Sporting Athletic Club,Philadelphia Union,,
U14,Mid-Atlantic,32001,2027-02-14T16:00Z,10462,5877,Penn Rising XI,Cedar Stars Academy Monmouth,,
U14,Mid-Atlantic,32060,2027-02-14T19:00Z,6141,5662,Players Development Academy,Real Futbol Academy,,
U14,Mid-Atlantic,32359,2027-02-20,6181,6080,Bethesda SC,Alexandria SA,,
U14,Mid-Atlantic,32362,2027-02-20,7169,10487,Keystone FC,Coppermine SC,,
U14,Mid-Atlantic,30884,2027-02-20T17:00Z,9670,6087,Northern Virginia Alliance,Sporting Athletic Club,,
U14,Mid-Atlantic,32448,2027-02-21,6235,6269,Baltimore Armour,Achilles FC,,
U14,Mid-Atlantic,32449,2027-02-21,5877,6141,Cedar Stars Academy Monmouth,Players Development Academy,,
U14,Mid-Atlantic,32451,2027-02-21,10462,10487,Penn Rising XI,Coppermine SC,,
U14,Mid-Atlantic,32453,2027-02-21,5662,5888,Real Futbol Academy,PA Classics,,
U14,Mid-Atlantic,32456,2027-02-21,9646,5677,The Football Academy,FC DELCO,,
U14,Mid-Atlantic,32455,2027-02-21T17:00Z,6087,9670,Sporting Athletic Club,Northern Virginia Alliance,,
U14,Mid-Atlantic,32707,2027-02-27,6269,9646,Achilles FC,The Football Academy,,
U14,Mid-Atlantic,32711,2027-02-27,5677,5662,FC DELCO,Real Futbol Academy,,
U14,Mid-Atlantic,32717,2027-02-27T18:00Z,5883,6141,Philadelphia Union,Players Development Academy,,
U14,Mid-Atlantic,27550,2027-02-28,6181,6269,Bethesda SC,Achilles FC,,
U14,Mid-Atlantic,32817,2027-02-28,6080,6159,Alexandria SA,Springfield SYC,,
U14,Mid-Atlantic,32820,2027-02-28,10487,6181,Coppermine SC,Bethesda SC,,
U14,Mid-Atlantic,32867,2027-02-28,5888,6235,PA Classics,Baltimore Armour,,
U14,Mid-Atlantic,32868,2027-02-28T16:00Z,10462,7169,Penn Rising XI,Keystone FC,,
U14,Mid-Atlantic,33051,2027-03-06,6080,5677,Alexandria SA,FC DELCO,,
U14,Mid-Atlantic,33132,2027-03-06,6141,10487,Players Development Academy,Coppermine SC,,
U14,Mid-Atlantic,33133,2027-03-06,6159,5662,Springfield SYC,Real Futbol Academy,,
U14,Mid-Atlantic,33134,2027-03-06,9646,6110,The Football Academy,Beadling SC,,
U14,Mid-Atlantic,32869,2027-03-06T20:45Z,5883,5877,Philadelphia Union,Cedar Stars Academy Monmouth,,
U14,Mid-Atlantic,33303,2027-03-07,6080,5662,Alexandria SA,Real Futbol Academy,,
U14,Mid-Atlantic,33304,2027-03-07,5877,6181,Cedar Stars Academy Monmouth,Bethesda SC,,
U14,Mid-Atlantic,33305,2027-03-07,7169,5888,Keystone FC,PA Classics,,
U14,Mid-Atlantic,33308,2027-03-07,6141,6110,Players Development Academy,Beadling SC,,
U14,Mid-Atlantic,33310,2027-03-07,6159,5677,Springfield SYC,FC DELCO,,
U14,Mid-Atlantic,33311,2027-03-07,9646,10487,The Football Academy,Coppermine SC,,
U14,Mid-Atlantic,33307,2027-03-07T20:45Z,5883,10462,Philadelphia Union,Penn Rising XI,,
U14,Mid-Atlantic,33444,2027-03-13,6181,6110,Bethesda SC,Beadling SC,,
U14,Mid-Atlantic,33667,2027-03-13,5677,5888,FC DELCO,PA Classics,,
U14,Mid-Atlantic,33669,2027-03-13T15:00Z,6087,6269,Sporting Athletic Club,Achilles FC,,
U14,Mid-Atlantic,30101,2027-03-13T17:00Z,10487,9670,Coppermine SC,Northern Virginia Alliance,,
U14,Mid-Atlantic,33879,2027-03-14,6235,6080,Baltimore Armour,Alexandria SA,,
U14,Mid-Atlantic,33881,2027-03-14,5877,10462,Cedar Stars Academy Monmouth,Penn Rising XI,,
U14,Mid-Atlantic,33938,2027-03-14,5662,9646,Real Futbol Academy,The Football Academy,,
U14,Mid-Atlantic,33937,2027-03-14T14:00Z,6141,7169,Players Development Academy,Keystone FC,,
U14,Mid-Atlantic,26697,2027-03-14T15:00Z,6269,6110,Achilles FC,Beadling SC,,
U14,Mid-Atlantic,34068,2027-03-20,6269,10487,Achilles FC,Coppermine SC,,
U14,Mid-Atlantic,34069,2027-03-20,6181,6235,Bethesda SC,Baltimore Armour,,
U14,Mid-Atlantic,34071,2027-03-20,5677,5877,FC DELCO,Cedar Stars Academy Monmouth,,
U14,Mid-Atlantic,34074,2027-03-20,7169,6159,Keystone FC,Springfield SYC,,
U14,Mid-Atlantic,34077,2027-03-20,5888,6141,PA Classics,Players Development Academy,,
U14,Mid-Atlantic,34078,2027-03-20T14:00Z,5883,9670,Philadelphia Union,Northern Virginia Alliance,,
U14,Mid-Atlantic,34284,2027-03-21,6110,5662,Beadling SC,Real Futbol Academy,,
U14,Mid-Atlantic,34290,2027-03-21,10462,6159,Penn Rising XI,Springfield SYC,,
U14,Mid-Atlantic,34291,2027-03-21,9646,5883,The Football Academy,Philadelphia Union,,
U14,Mid-Atlantic,34431,2027-03-27,5877,9646,Cedar Stars Academy Monmouth,The Football Academy,,
U14,Mid-Atlantic,34435,2027-03-27,7169,5883,Keystone FC,Philadelphia Union,,
U14,Mid-Atlantic,34438,2027-03-27,5888,6269,PA Classics,Achilles FC,,
U14,Mid-Atlantic,34441,2027-03-27,5662,5677,Real Futbol Academy,FC DELCO,,
U14,Mid-Atlantic,34444,2027-03-27,6159,6080,Springfield SYC,Alexandria SA,,
U14,Mid-Atlantic,34439,2027-03-27T14:00Z,6141,10462,Players Development Academy,Penn Rising XI,,
U14,Mid-Atlantic,34443,2027-03-27T14:00Z,6087,6181,Sporting Athletic Club,Bethesda SC,,
U14,Mid-Atlantic,34429,2027-03-27T16:00Z,6110,6235,Beadling SC,Baltimore Armour,,
U14,Mid-Atlantic,34708,2027-04-03,9646,6080,The Football Academy,Alexandria SA,,
U14,Mid-Atlantic,34437,2027-04-03T16:00Z,9670,10487,Northern Virginia Alliance,Coppermine SC,,
U14,Mid-Atlantic,34707,2027-04-03T18:00Z,6141,6087,Players Development Academy,Sporting Athletic Club,,
U14,Mid-Atlantic,34860,2027-04-04,6235,6181,Baltimore Armour,Bethesda SC,,
U14,Mid-Atlantic,34862,2027-04-04,5877,6080,Cedar Stars Academy Monmouth,Alexandria SA,,
U14,Mid-Atlantic,34863,2027-04-04,10487,6269,Coppermine SC,Achilles FC,,
U14,Mid-Atlantic,34867,2027-04-04,5888,7169,PA Classics,Keystone FC,,
U14,Mid-Atlantic,34871,2027-04-04,9646,6087,The Football Academy,Sporting Athletic Club,,
U14,Mid-Atlantic,30880,2027-04-04T14:00Z,5677,5883,FC DELCO,Philadelphia Union,,
U14,Mid-Atlantic,34868,2027-04-04T15:00Z,10462,5662,Penn Rising XI,Real Futbol Academy,,
U14,Mid-Atlantic,35125,2027-04-10,6181,9670,Bethesda SC,Northern Virginia Alliance,,
U14,Mid-Atlantic,35129,2027-04-10,6141,6159,Players Development Academy,Springfield SYC,,
U14,Mid-Atlantic,35130,2027-04-10,5662,5883,Real Futbol Academy,Philadelphia Union,,
U14,Mid-Atlantic,35270,2027-04-11,6269,6235,Achilles FC,Baltimore Armour,,
U14,Mid-Atlantic,35271,2027-04-11,6080,6110,Alexandria SA,Beadling SC,,
U14,Mid-Atlantic,35272,2027-04-11,5877,6159,Cedar Stars Academy Monmouth,Springfield SYC,,
U14,Mid-Atlantic,35273,2027-04-11,10487,6087,Coppermine SC,Sporting Athletic Club,,
U14,Mid-Atlantic,35274,2027-04-11,5677,9646,FC DELCO,The Football Academy,,
U14,Mid-Atlantic,35276,2027-04-11,7169,10462,Keystone FC,Penn Rising XI,,
U14,Mid-Atlantic,35277,2027-04-11T14:00Z,5883,5888,Philadelphia Union,PA Classics,,
U14,Mid-Atlantic,34866,2027-04-11T18:00Z,9670,6110,Northern Virginia Alliance,Beadling SC,,
U14,Mid-Atlantic,35457,2027-04-17,6269,7169,Achilles FC,Keystone FC,,
U14,Mid-Atlantic,35458,2027-04-17,6080,5888,Alexandria SA,PA Classics,,
U14,Mid-Atlantic,35459,2027-04-17,6235,10462,Baltimore Armour,Penn Rising XI,,
U14,Mid-Atlantic,35460,2027-04-17,6181,6141,Bethesda SC,Players Development Academy,,
U14,Mid-Atlantic,35554,2027-04-17,10487,5877,Coppermine SC,Cedar Stars Academy Monmouth,,
U14,Mid-Atlantic,35557,2027-04-17,6159,5883,Springfield SYC,Philadelphia Union,,
U14,Mid-Atlantic,35556,2027-04-17T16:00Z,6087,5662,Sporting Athletic Club,Real Futbol Academy,,
U14,Mid-Atlantic,35555,2027-04-17T17:00Z,9670,9646,Northern Virginia Alliance,The Football Academy,,
U14,Mid-Atlantic,35744,2027-04-18,6269,10462,Achilles FC,Penn Rising XI,,
U14,Mid-Atlantic,35745,2027-04-18,6235,5877,Baltimore Armour,Cedar Stars Academy Monmouth,,
U14,Mid-Atlantic,35746,2027-04-18,6110,5677,Beadling SC,FC DELCO,,
U14,Mid-Atlantic,35747,2027-04-18,6181,7169,Bethesda SC,Keystone FC,,
U14,Mid-Atlantic,35750,2027-04-18,10487,5662,Coppermine SC,Real Futbol Academy,,
U14,Mid-Atlantic,35755,2027-04-18,6159,9646,Springfield SYC,The Football Academy,,
U14,Mid-Atlantic,35753,2027-04-18T17:00Z,9670,5888,Northern Virginia Alliance,PA Classics,,
U14,Mid-Atlantic,35996,2027-04-24,6110,10487,Beadling SC,Coppermine SC,,
U14,Mid-Atlantic,36064,2027-04-24,5888,6087,PA Classics,Sporting Athletic Club,,
U14,Mid-Atlantic,36066,2027-04-24,9646,7169,The Football Academy,Keystone FC,,
U14,Mid-Atlantic,36065,2027-04-24T15:00Z,10462,6080,Penn Rising XI,Alexandria SA,,
U14,Mid-Atlantic,36157,2027-04-25,6269,9670,Achilles FC,Northern Virginia Alliance,,
U14,Mid-Atlantic,36158,2027-04-25,6235,6159,Baltimore Armour,Springfield SYC,,
U14,Mid-Atlantic,36159,2027-04-25,5877,5662,Cedar Stars Academy Monmouth,Real Futbol Academy,,
U14,Mid-Atlantic,36160,2027-04-25,5677,6141,FC DELCO,Players Development Academy,,
U14,Mid-Atlantic,36232,2027-04-25,5888,6181,PA Classics,Bethesda SC,,
U14,Mid-Atlantic,36233,2027-04-25T15:00Z,10462,6087,Penn Rising XI,Sporting Athletic Club,,
U14,Mid-Atlantic,36402,2027-05-01,10487,5883,Coppermine SC,Philadelphia Union,,
U14,Mid-Atlantic,30709,2027-05-02,6269,6080,Achilles FC,Alexandria SA,,
U14,Mid-Atlantic,36406,2027-05-02T14:00Z,10462,5883,Penn Rising XI,Philadelphia Union,,
U14,Mid-Atlantic,36533,2027-05-08,6269,6181,Achilles FC,Bethesda SC,,
U14,Mid-Atlantic,36538,2027-05-08,7169,5677,Keystone FC,FC DELCO,,
U14,Mid-Atlantic,36542,2027-05-08,5662,6141,Real Futbol Academy,Players Development Academy,,
U14,Mid-Atlantic,36544,2027-05-08,6159,6110,Springfield SYC,Beadling SC,,
U14,Mid-Atlantic,36545,2027-05-08,9646,5877,The Football Academy,Cedar Stars Academy Monmouth,,
U14,Mid-Atlantic,36543,2027-05-08T14:00Z,6087,6235,Sporting Athletic Club,Baltimore Armour,,
U14,Mid-Atlantic,36539,2027-05-08T17:00Z,9670,6080,Northern Virginia Alliance,Alexandria SA,,
U14,Mid-Atlantic,36540,2027-05-09T15:00Z,10462,5888,Penn Rising XI,PA Classics,,
U14,Mid-Atlantic,30878,2027-06-01,6181,6159,Bethesda SC,Springfield SYC,,
U14,Mid-Atlantic,30417,2027-06-06,6269,6159,Achilles FC,Springfield SYC,,
U14,Mid-Atlantic,27798,2027-06-08T14:00Z,5877,5677,Cedar Stars Academy Monmouth,FC DELCO,,
U14,Northeast,26090,2026-09-05T16:00Z,5656,6103,FC Westchester,TSF Academy,4,1
U14,Northeast,26095,2026-09-05T16:00Z,5940,5741,New York SC,Bayside FC,7,0
U14,Northeast,26270,2026-09-05T16:15Z,6185,6067,Beachside of Connecticut,Cedar Stars Academy Bergen,1,1
U14,Northeast,26284,2026-09-06T14:45Z,6025,5822,Intercontinental Football Academy of New England,Metropolitan Oval,1,5
U14,Northeast,26278,2026-09-06T15:00Z,6290,6019,FA Euro New York,Seacoast United,1,5
U14,Northeast,26294,2026-09-06T16:00Z,5940,10468,New York SC,The Island FC East,6,0
U14,Northeast,26292,2026-09-06T17:00Z,5644,5708,New York City FC,Blau Weiss Gottschee,12,1
U14,Northeast,26272,2026-09-06T17:30Z,7161,7172,Downtown United Soccer Club,The Island FC West,2,1
U14,Northeast,26290,2026-09-06T19:00Z,6191,7158,Ironbound Soccer Club,Connecticut United FC,3,2
U14,Northeast,26711,2026-09-13T15:00Z,5822,7161,Metropolitan Oval,Downtown United Soccer Club,3,1
U14,Northeast,26717,2026-09-13T15:00Z,6029,6019,NEFC,Seacoast United,2,0
U14,Northeast,26703,2026-09-13T16:00Z,6185,7172,Beachside of Connecticut,The Island FC West,3,2
U14,Northeast,26709,2026-09-13T19:00Z,6191,5940,Ironbound Soccer Club,New York SC,2,2
U14,Northeast,26957,2026-09-19T14:45Z,5940,6029,New York SC,NEFC,2,1
U14,Northeast,26933,2026-09-19T15:00Z,6290,5761,FA Euro New York,FC Greater Boston Bolts,2,2
U14,Northeast,26939,2026-09-19T19:00Z,5656,7161,FC Westchester,Downtown United Soccer Club,6,1
U14,Northeast,27167,2026-09-20T14:30Z,7158,5822,Connecticut United FC,Metropolitan Oval,1,0
U14,Northeast,27157,2026-09-20T14:45Z,5741,6185,Bayside FC,Beachside of Connecticut,2,7
U14,Northeast,27173,2026-09-20T15:00Z,6290,5936,FA Euro New York,Valeo Futbol Club,1,2
U14,Northeast,27179,2026-09-20T17:00Z,5656,6029,FC Westchester,NEFC,1,0
U14,Northeast,27163,2026-09-20T22:00Z,5708,5644,Blau Weiss Gottschee,New York City FC,0,7
U14,Northeast,27577,2026-09-27T15:00Z,6067,6191,Cedar Stars Academy Bergen,Ironbound Soccer Club,3,0
U14,Northeast,27585,2026-09-27T15:00Z,5822,5708,Metropolitan Oval,Blau Weiss Gottschee,2,3
U14,Northeast,27595,2026-09-27T20:00Z,5936,6029,Valeo Futbol Club,NEFC,2,2
U14,Northeast,27802,2026-10-03T14:00Z,7161,6185,Downtown United Soccer Club,Beachside of Connecticut,,
U14,Northeast,27814,2026-10-03T19:00Z,6191,10468,Ironbound Soccer Club,The Island FC East,,
U14,Northeast,27820,2026-10-03T20:00Z,5644,5656,New York City FC,FC Westchester,,
U14,Northeast,27808,2026-10-03T21:45Z,6025,6290,Intercontinental Football Academy of New England,FA Euro New York,,
U14,Northeast,28063,2026-10-04T13:00Z,7172,5656,The Island FC West,FC Westchester,,
U14,Northeast,27826,2026-10-04T14:00Z,6103,7158,TSF Academy,Connecticut United FC,,
U14,Northeast,28069,2026-10-04T15:00Z,6029,5761,NEFC,FC Greater Boston Bolts,,
U14,Northeast,28051,2026-10-04T16:30Z,6067,6019,Cedar Stars Academy Bergen,Seacoast United,,
U14,Northeast,28073,2026-10-04T18:00Z,5644,7161,New York City FC,Downtown United Soccer Club,,
U14,Northeast,28057,2026-10-04T19:00Z,6191,5822,Ironbound Soccer Club,Metropolitan Oval,,
U14,Northeast,28043,2026-10-04T21:00Z,5741,5936,Bayside FC,Valeo Futbol Club,,
U14,Northeast,28045,2026-10-04T21:00Z,5708,5940,Blau Weiss Gottschee,New York SC,,
U14,Northeast,28335,2026-10-11T15:00Z,5741,5656,Bayside FC,FC Westchester,,
U14,Northeast,28349,2026-10-17T14:45Z,5761,5822,FC Greater Boston Bolts,Metropolitan Oval,,
U14,Northeast,28341,2026-10-17T16:00Z,6185,5940,Beachside of Connecticut,New York SC,,
U14,Northeast,28366,2026-10-17T17:00Z,5936,7161,Valeo Futbol Club,Downtown United Soccer Club,,
U14,Northeast,28360,2026-10-17T20:00Z,6103,6025,TSF Academy,Intercontinental Football Academy of New England,,
U14,Northeast,28583,2026-10-18T14:30Z,7158,6025,Connecticut United FC,Intercontinental Football Academy of New England,,
U14,Northeast,28591,2026-10-18T14:45Z,5761,7161,FC Greater Boston Bolts,Downtown United Soccer Club,,
U14,Northeast,28589,2026-10-18T15:00Z,6290,10468,FA Euro New York,The Island FC East,,
U14,Northeast,28605,2026-10-18T15:00Z,6029,5822,NEFC,Metropolitan Oval,,
U14,Northeast,28614,2026-10-18T19:30Z,6019,5656,Seacoast United,FC Westchester,,
U14,Northeast,28603,2026-10-18T20:00Z,7172,5708,The Island FC West,Blau Weiss Gottschee,,
U14,Northeast,28597,2026-10-18T21:00Z,6191,6067,Ironbound Soccer Club,Cedar Stars Academy Bergen,,
U14,Northeast,29091,2026-10-24T13:00Z,6029,7158,NEFC,Connecticut United FC,,
U14,Northeast,28839,2026-10-24T14:00Z,7172,6067,The Island FC West,Cedar Stars Academy Bergen,,
U14,Northeast,28866,2026-10-24T14:15Z,10468,5936,The Island FC East,Valeo Futbol Club,,
U14,Northeast,28845,2026-10-24T15:00Z,6025,5741,Intercontinental Football Academy of New England,Bayside FC,,
U14,Northeast,28847,2026-10-24T15:00Z,5822,6019,Metropolitan Oval,Seacoast United,,
U14,Northeast,30113,2026-10-24T20:00Z,5644,6191,New York City FC,Ironbound Soccer Club,,
U14,Northeast,29077,2026-10-25T12:00Z,7161,6019,Downtown United Soccer Club,Seacoast United,,
U14,Northeast,28853,2026-10-25T13:00Z,6029,6290,NEFC,FA Euro New York,,
U14,Northeast,28864,2026-10-25T14:00Z,6103,6185,TSF Academy,Beachside of Connecticut,,
U14,Northeast,29083,2026-10-25T14:00Z,5656,6191,FC Westchester,Ironbound Soccer Club,,
U14,Northeast,29085,2026-10-25T16:00Z,5822,5936,Metropolitan Oval,Valeo Futbol Club,,
U14,Northeast,29071,2026-10-25T16:15Z,6067,5708,Cedar Stars Academy Bergen,Blau Weiss Gottschee,,
U14,Northeast,29097,2026-10-25T18:00Z,5644,10468,New York City FC,The Island FC East,,
U14,Northeast,29275,2026-10-31T13:00Z,5708,7161,Blau Weiss Gottschee,Downtown United Soccer Club,,
U14,Northeast,29283,2026-10-31T18:00Z,6025,5644,Intercontinental Football Academy of New England,New York City FC,,
U14,Northeast,29277,2026-10-31T19:30Z,6290,6103,FA Euro New York,TSF Academy,,
U14,Northeast,29285,2026-10-31T22:00Z,7172,5822,The Island FC West,Metropolitan Oval,,
U14,Northeast,29464,2026-11-01T15:45Z,5940,6185,New York SC,Beachside of Connecticut,,
U14,Northeast,29450,2026-11-01T16:00Z,5741,6029,Bayside FC,NEFC,,
U14,Northeast,29458,2026-11-01T16:00Z,6025,6191,Intercontinental Football Academy of New England,Ironbound Soccer Club,,
U14,Northeast,29452,2026-11-01T17:00Z,7158,6067,Connecticut United FC,Cedar Stars Academy Bergen,,
U14,Northeast,29476,2026-11-01T18:00Z,5936,5656,Valeo Futbol Club,FC Westchester,,
U14,Northeast,30374,2026-11-01T21:00Z,5644,7172,New York City FC,The Island FC West,,
U14,Northeast,29470,2026-11-01T21:30Z,6019,5761,Seacoast United,FC Greater Boston Bolts,,
U14,Northeast,29889,2026-11-07T14:30Z,7161,5822,Downtown United Soccer Club,Metropolitan Oval,,
U14,Northeast,29682,2026-11-07T16:00Z,6025,5936,Intercontinental Football Academy of New England,Valeo Futbol Club,,
U14,Northeast,29680,2026-11-07T19:00Z,5656,6067,FC Westchester,Cedar Stars Academy Bergen,,
U14,Northeast,29665,2026-11-07T19:30Z,7158,5741,Connecticut United FC,Bayside FC,,
U14,Northeast,29674,2026-11-08T03:45Z,5761,6029,FC Greater Boston Bolts,NEFC,,
U14,Northeast,29688,2026-11-08T15:00Z,10468,5644,The Island FC East,New York City FC,,
U14,Northeast,29898,2026-11-08T15:00Z,6103,5940,TSF Academy,New York SC,,
U14,Northeast,29891,2026-11-08T18:00Z,6191,5741,Ironbound Soccer Club,Bayside FC,,
U14,Northeast,29883,2026-11-08T22:00Z,5708,7172,Blau Weiss Gottschee,The Island FC West,,
U14,Northeast,30111,2026-11-14T14:00Z,5822,6290,Metropolitan Oval,FA Euro New York,,
U14,Northeast,30109,2026-11-14T17:00Z,6067,7158,Cedar Stars Academy Bergen,Connecticut United FC,,
U14,Northeast,30366,2026-11-14T17:00Z,6185,5656,Beachside of Connecticut,FC Westchester,,
U14,Northeast,30120,2026-11-14T17:15Z,6019,5936,Seacoast United,Valeo Futbol Club,,
U14,Northeast,30122,2026-11-14T21:00Z,6103,7161,TSF Academy,Downtown United Soccer Club,,
U14,Northeast,30360,2026-11-15T14:00Z,5741,6025,Bayside FC,Intercontinental Football Academy of New England,,
U14,Northeast,30376,2026-11-15T15:30Z,5940,5761,New York SC,FC Greater Boston Bolts,,
U14,Northeast,30382,2026-11-15T19:00Z,6103,10468,TSF Academy,The Island FC East,,
U14,Northeast,30368,2026-11-15T22:00Z,5708,6191,Blau Weiss Gottschee,Ironbound Soccer Club,,
U14,Northeast,30596,2026-11-21T14:00Z,7172,6025,The Island FC West,Intercontinental Football Academy of New England,,
U14,Northeast,30612,2026-11-21T15:15Z,10468,6067,The Island FC East,Cedar Stars Academy Bergen,,
U14,Northeast,30588,2026-11-21T15:30Z,7158,6191,Connecticut United FC,Ironbound Soccer Club,,
U14,Northeast,30594,2026-11-21T15:45Z,5761,6019,FC Greater Boston Bolts,Seacoast United,,
U14,Northeast,30621,2026-11-21T19:00Z,5936,5708,Valeo Futbol Club,Blau Weiss Gottschee,,
U14,Northeast,30602,2026-11-21T20:00Z,6029,5741,NEFC,Bayside FC,,
U14,Northeast,30610,2026-11-21T21:00Z,5644,6185,New York City FC,Beachside of Connecticut,,
U14,Northeast,30848,2026-11-22T15:15Z,10468,5656,The Island FC East,FC Westchester,,
U14,Northeast,30836,2026-11-22T16:00Z,6290,7161,FA Euro New York,Downtown United Soccer Club,,
U14,Northeast,30854,2026-11-22T16:00Z,5936,5940,Valeo Futbol Club,New York SC,,
U14,Northeast,30844,2026-11-22T19:00Z,5644,6067,New York City FC,Cedar Stars Academy Bergen,,
U14,Northeast,32167,2027-02-20,7161,6029,Downtown United Soccer Club,NEFC,,
U14,Northeast,32173,2027-02-20,5761,6067,FC Greater Boston Bolts,Cedar Stars Academy Bergen,,
U14,Northeast,32179,2027-02-20,5656,6290,FC Westchester,FA Euro New York,,
U14,Northeast,32185,2027-02-20,6025,6185,Intercontinental Football Academy of New England,Beachside of Connecticut,,
U14,Northeast,32202,2027-02-20,6019,7158,Seacoast United,Connecticut United FC,,
U14,Northeast,26945,2027-02-20T13:30Z,7172,10468,The Island FC West,The Island FC East,,
U14,Northeast,32395,2027-02-21,5708,10468,Blau Weiss Gottschee,The Island FC East,,
U14,Northeast,32397,2027-02-21,5761,6185,FC Greater Boston Bolts,Beachside of Connecticut,,
U14,Northeast,32403,2027-02-21,6025,6067,Intercontinental Football Academy of New England,Cedar Stars Academy Bergen,,
U14,Northeast,32415,2027-02-21,7172,6029,The Island FC West,NEFC,,
U14,Northeast,32423,2027-02-21,5644,5822,New York City FC,Metropolitan Oval,,
U14,Northeast,32425,2027-02-21,5940,6103,New York SC,TSF Academy,,
U14,Northeast,32409,2027-02-21T20:00Z,6191,5936,Ironbound Soccer Club,Valeo Futbol Club,,
U14,Northeast,32616,2027-02-27,6025,5761,Intercontinental Football Academy of New England,FC Greater Boston Bolts,,
U14,Northeast,32627,2027-02-27,5940,5822,New York SC,Metropolitan Oval,,
U14,Northeast,32633,2027-02-27,6019,7172,Seacoast United,The Island FC West,,
U14,Northeast,32611,2027-02-27T18:00Z,5741,5644,Bayside FC,New York City FC,,
U14,Northeast,32822,2027-02-28,6185,7158,Beachside of Connecticut,Connecticut United FC,,
U14,Northeast,32828,2027-02-28,6067,5656,Cedar Stars Academy Bergen,FC Westchester,,
U14,Northeast,32834,2027-02-28,6290,5708,FA Euro New York,Blau Weiss Gottschee,,
U14,Northeast,32839,2027-02-28,6019,5644,Seacoast United,New York City FC,,
U14,Northeast,32841,2027-02-28,6103,6191,TSF Academy,Ironbound Soccer Club,,
U14,Northeast,32843,2027-02-28,10468,7161,The Island FC East,Downtown United Soccer Club,,
U14,Northeast,32845,2027-02-28,5936,7172,Valeo Futbol Club,The Island FC West,,
U14,Northeast,33056,2027-03-06,5708,6103,Blau Weiss Gottschee,TSF Academy,,
U14,Northeast,33062,2027-03-06,6067,6290,Cedar Stars Academy Bergen,FA Euro New York,,
U14,Northeast,33068,2027-03-06,7158,5940,Connecticut United FC,New York SC,,
U14,Northeast,33070,2027-03-06,6191,7161,Ironbound Soccer Club,Downtown United Soccer Club,,
U14,Northeast,33259,2027-03-07,5656,6185,FC Westchester,Beachside of Connecticut,,
U14,Northeast,33265,2027-03-07,7172,6103,The Island FC West,TSF Academy,,
U14,Northeast,33273,2027-03-07,6029,6025,NEFC,Intercontinental Football Academy of New England,,
U14,Northeast,33279,2027-03-07,5936,5761,Valeo Futbol Club,FC Greater Boston Bolts,,
U14,Northeast,33271,2027-03-07T16:00Z,5822,10468,Metropolitan Oval,The Island FC East,,
U14,Northeast,33249,2027-03-07T22:00Z,5741,6019,Bayside FC,Seacoast United,,
U14,Northeast,33462,2027-03-13,6185,6029,Beachside of Connecticut,NEFC,,
U14,Northeast,33468,2027-03-13,5761,5644,FC Greater Boston Bolts,New York City FC,,
U14,Northeast,33478,2027-03-13,6103,6019,TSF Academy,Seacoast United,,
U14,Northeast,33484,2027-03-13,10468,7172,The Island FC East,The Island FC West,,
U14,Northeast,33673,2027-03-14,5708,5822,Blau Weiss Gottschee,Metropolitan Oval,,
U14,Northeast,33675,2027-03-14,7158,5656,Connecticut United FC,FC Westchester,,
U14,Northeast,33677,2027-03-14,7161,6290,Downtown United Soccer Club,FA Euro New York,,
U14,Northeast,33681,2027-03-14,6191,6019,Ironbound Soccer Club,Seacoast United,,
U14,Northeast,33687,2027-03-14,5940,6067,New York SC,Cedar Stars Academy Bergen,,
U14,Northeast,33689,2027-03-14,6103,6029,TSF Academy,NEFC,,
U14,Northeast,33695,2027-03-14,5936,5741,Valeo Futbol Club,Bayside FC,,
U14,Northeast,33886,2027-03-20,6103,6067,TSF Academy,Cedar Stars Academy Bergen,,
U14,Northeast,33888,2027-03-20,6290,5741,FA Euro New York,Bayside FC,,
U14,Northeast,33894,2027-03-20T15:00Z,5822,5644,Metropolitan Oval,New York City FC,,
U14,Northeast,34088,2027-03-21,7161,5708,Downtown United Soccer Club,Blau Weiss Gottschee,,
U14,Northeast,34094,2027-03-21,6290,5644,FA Euro New York,New York City FC,,
U14,Northeast,34096,2027-03-21,5761,5936,FC Greater Boston Bolts,Valeo Futbol Club,,
U14,Northeast,34102,2027-03-21,6191,6185,Ironbound Soccer Club,Beachside of Connecticut,,
U14,Northeast,34104,2027-03-21,7172,7158,The Island FC West,Connecticut United FC,,
U14,Northeast,34110,2027-03-21,6029,10468,NEFC,The Island FC East,,
U14,Northeast,34116,2027-03-21,5940,5656,New York SC,FC Westchester,,
U14,Northeast,34118,2027-03-21,6019,6025,Seacoast United,Intercontinental Football Academy of New England,,
U14,Northeast,32191,2027-03-21T15:00Z,5822,5741,Metropolitan Oval,Bayside FC,,
U14,Northeast,34326,2027-03-27,7158,6185,Connecticut United FC,Beachside of Connecticut,,
U14,Northeast,34328,2027-03-27,6290,6191,FA Euro New York,Ironbound Soccer Club,,
U14,Northeast,34334,2027-03-27,5656,5708,FC Westchester,Blau Weiss Gottschee,,
U14,Northeast,34340,2027-03-27,6025,6029,Intercontinental Football Academy of New England,NEFC,,
U14,Northeast,34342,2027-03-27,7172,7161,The Island FC West,Downtown United Soccer Club,,
U14,Northeast,34344,2027-03-27,6019,5940,Seacoast United,New York SC,,
U14,Northeast,34350,2027-03-27,6103,5936,TSF Academy,Valeo Futbol Club,,
U14,Northeast,34356,2027-03-27,10468,5822,The Island FC East,Metropolitan Oval,,
U14,Northeast,34324,2027-03-27T21:00Z,5741,5761,Bayside FC,FC Greater Boston Bolts,,
U14,Northeast,34619,2027-04-03,6185,6019,Beachside of Connecticut,Seacoast United,,
U14,Northeast,34625,2027-04-03,5708,6290,Blau Weiss Gottschee,FA Euro New York,,
U14,Northeast,34631,2027-04-03,5656,7158,FC Westchester,Connecticut United FC,,
U14,Northeast,34837,2027-04-03T15:00Z,5822,7172,Metropolitan Oval,The Island FC West,,
U14,Northeast,34613,2027-04-03T21:00Z,5741,6103,Bayside FC,TSF Academy,,
U14,Northeast,34819,2027-04-04,6067,6029,Cedar Stars Academy Bergen,NEFC,,
U14,Northeast,34825,2027-04-04,7161,10468,Downtown United Soccer Club,The Island FC East,,
U14,Northeast,34831,2027-04-04,5761,6103,FC Greater Boston Bolts,TSF Academy,,
U14,Northeast,34843,2027-04-04,5940,6191,New York SC,Ironbound Soccer Club,,
U14,Northeast,34851,2027-04-04,5936,6025,Valeo Futbol Club,Intercontinental Football Academy of New England,,
U14,Northeast,35044,2027-04-10,5708,5741,Blau Weiss Gottschee,Bayside FC,,
U14,Northeast,35052,2027-04-10,7161,6025,Downtown United Soccer Club,Intercontinental Football Academy of New England,,
U14,Northeast,35058,2027-04-10,5656,5761,FC Westchester,FC Greater Boston Bolts,,
U14,Northeast,35064,2027-04-10,5644,5940,New York City FC,New York SC,,
U14,Northeast,35215,2027-04-11,5708,6025,Blau Weiss Gottschee,Intercontinental Football Academy of New England,,
U14,Northeast,35221,2027-04-11,6067,6185,Cedar Stars Academy Bergen,Beachside of Connecticut,,
U14,Northeast,35227,2027-04-11,7158,5761,Connecticut United FC,FC Greater Boston Bolts,,
U14,Northeast,35233,2027-04-11,7161,5644,Downtown United Soccer Club,New York City FC,,
U14,Northeast,35235,2027-04-11,6290,5822,FA Euro New York,Metropolitan Oval,,
U14,Northeast,35249,2027-04-11,7172,5940,The Island FC West,New York SC,,
U14,Northeast,35255,2027-04-11,6029,5936,NEFC,Valeo Futbol Club,,
U14,Northeast,35261,2027-04-11,10468,5741,The Island FC East,Bayside FC,,
U14,Northeast,35243,2027-04-11T19:00Z,6191,6103,Ironbound Soccer Club,TSF Academy,,
U14,Northeast,35462,2027-04-17,6185,5936,Beachside of Connecticut,Valeo Futbol Club,,
U14,Northeast,35471,2027-04-17,7158,6290,Connecticut United FC,FA Euro New York,,
U14,Northeast,35477,2027-04-17,5761,5741,FC Greater Boston Bolts,Bayside FC,,
U14,Northeast,35489,2027-04-17,6029,5708,NEFC,Blau Weiss Gottschee,,
U14,Northeast,35501,2027-04-17,6019,10468,Seacoast United,The Island FC East,,
U14,Northeast,35722,2027-04-17T15:00Z,5822,5656,Metropolitan Oval,FC Westchester,,
U14,Northeast,35483,2027-04-17T19:00Z,6191,7172,Ironbound Soccer Club,The Island FC West,,
U14,Northeast,35698,2027-04-18,6185,6290,Beachside of Connecticut,FA Euro New York,,
U14,Northeast,35704,2027-04-18,6067,5940,Cedar Stars Academy Bergen,New York SC,,
U14,Northeast,35710,2027-04-18,7158,5936,Connecticut United FC,Valeo Futbol Club,,
U14,Northeast,35716,2027-04-18,6025,10468,Intercontinental Football Academy of New England,The Island FC East,,
U14,Northeast,35730,2027-04-18,6019,5708,Seacoast United,Blau Weiss Gottschee,,
U14,Northeast,35736,2027-04-18,6103,5644,TSF Academy,New York City FC,,
U14,Northeast,35908,2027-04-24,5656,6025,FC Westchester,Intercontinental Football Academy of New England,,
U14,Northeast,35914,2027-04-24,7172,5761,The Island FC West,FC Greater Boston Bolts,,
U14,Northeast,35899,2027-04-24T14:45Z,5741,7161,Bayside FC,Downtown United Soccer Club,,
U14,Northeast,36093,2027-04-25,5741,6067,Bayside FC,Cedar Stars Academy Bergen,,
U14,Northeast,36099,2027-04-25,6185,6191,Beachside of Connecticut,Ironbound Soccer Club,,
U14,Northeast,36105,2027-04-25,5708,5761,Blau Weiss Gottschee,FC Greater Boston Bolts,,
U14,Northeast,36111,2027-04-25,7158,6103,Connecticut United FC,TSF Academy,,
U14,Northeast,36119,2027-04-25,7172,5644,The Island FC West,New York City FC,,
U14,Northeast,36123,2027-04-25,5940,6025,New York SC,Intercontinental Football Academy of New England,,
U14,Northeast,36129,2027-04-25,6019,6029,Seacoast United,NEFC,,
U14,Northeast,36135,2027-04-25,10468,6290,The Island FC East,FA Euro New York,,
U14,Northeast,36231,2027-05-01,5936,5644,Valeo Futbol Club,New York City FC,,
U14,Northeast,36250,2027-05-02,6029,5644,NEFC,New York City FC,,
U14,Northeast,36408,2027-05-08,6185,5708,Beachside of Connecticut,Blau Weiss Gottschee,,
U14,Northeast,36417,2027-05-08,6067,5936,Cedar Stars Academy Bergen,Valeo Futbol Club,,
U14,Northeast,36425,2027-05-08,6025,6019,Intercontinental Football Academy of New England,Seacoast United,,
U14,Northeast,36431,2027-05-08,6191,5656,Ironbound Soccer Club,FC Westchester,,
U14,Northeast,36437,2027-05-08,7172,6290,The Island FC West,FA Euro New York,,
U14,Northeast,36452,2027-05-08,5940,7158,New York SC,Connecticut United FC,,
U14,Northeast,36460,2027-05-08,10468,5761,The Island FC East,FC Greater Boston Bolts,,
U14,Northeast,36443,2027-05-08T17:00Z,5822,6103,Metropolitan Oval,TSF Academy,,
U14,Northeast,36742,2027-05-15,7161,6067,Downtown United Soccer Club,Cedar Stars Academy Bergen,,
U14,Northeast,36748,2027-05-15,6290,5940,FA Euro New York,New York SC,,
U14,Northeast,36754,2027-05-15,5761,6191,FC Greater Boston Bolts,Ironbound Soccer Club,,
U14,Northeast,36760,2027-05-15,5822,6185,Metropolitan Oval,Beachside of Connecticut,,
U14,Northeast,36766,2027-05-15,10468,7158,The Island FC East,Connecticut United FC,,
U14,Northeast,36775,2027-05-15,5936,6019,Valeo Futbol Club,Seacoast United,,
U14,Northeast,36864,2027-05-16,5708,7158,Blau Weiss Gottschee,Connecticut United FC,,
U14,Northeast,36870,2027-05-16,7161,5940,Downtown United Soccer Club,New York SC,,
U14,Northeast,36878,2027-05-16,5822,6067,Metropolitan Oval,Cedar Stars Academy Bergen,,
U14,Northeast,36884,2027-05-16,6029,6191,NEFC,Ironbound Soccer Club,,
U14,Northeast,36890,2027-05-16,5644,6290,New York City FC,FA Euro New York,,
U14,Northeast,36894,2027-05-16,6103,5656,TSF Academy,FC Westchester,,
U14,Northeast,36900,2027-05-16,10468,6185,The Island FC East,Beachside of Connecticut,,
U14,Northeast,36858,2027-05-16T14:45Z,5741,7172,Bayside FC,The Island FC West,,
U14,Northeast,26722,2027-06-08T14:00Z,6103,6067,TSF Academy,Cedar Stars Academy Bergen,,
U14,Northeast,27363,2027-06-08T14:00Z,7161,7158,Downtown United Soccer Club,Connecticut United FC,,
U14,Northeast,26494,2027-06-08T14:15Z,10468,5708,The Island FC East,Blau Weiss Gottschee,2,0
U14,Northeast,27371,2027-06-08T14:45Z,5761,6025,FC Greater Boston Bolts,Intercontinental Football Academy of New England,,
U14,Northeast,27571,2027-06-08T16:00Z,6185,6103,Beachside of Connecticut,TSF Academy,,
U14,Northeast,27593,2027-06-08T16:15Z,6019,5741,Seacoast United,Bayside FC,,
U14,Northeast,27579,2027-06-08T18:00Z,5656,5940,FC Westchester,New York SC,,
U14,Northeast,27591,2027-06-08T18:00Z,5644,7158,New York City FC,Connecticut United FC,,
U14,Northeast,27369,2027-06-08T19:00Z,6290,7172,FA Euro New York,The Island FC West,,
U14,Northwest,26144,2026-09-05T19:00Z,6208,6119,Silicon Valley Soccer Academy,ALBION SC Merced,4,0
U14,Northwest,26121,2026-09-06T00:00Z,5833,6309,Lamorinda Soccer Club,Sacramento United,3,0
U14,Northwest,26127,2026-09-06T00:00Z,6281,5908,Modesto Ajax United,Woodside Soccer Club Crush,4,0
U14,Northwest,26546,2026-09-12T18:00Z,5908,5897,Woodside Soccer Club Crush,San Francisco Glens SC,0,3
U14,Northwest,26523,2026-09-12T22:00Z,5930,5772,De Anza Force,The Town FC Academy,0,2
U14,Northwest,26511,2026-09-13T00:00Z,6119,5833,ALBION SC Merced,Lamorinda Soccer Club,1,2
U14,Northwest,26517,2026-09-13T00:00Z,5904,6208,Atletico Santa Rosa,Silicon Valley Soccer Academy,2,2
U14,Northwest,26535,2026-09-13T00:00Z,6309,5962,Sacramento United,Ballistic United,1,3
U14,Northwest,26540,2026-09-13T00:30Z,6015,6281,San Jose Earthquakes,Modesto Ajax United,1,1
U14,Northwest,26978,2026-09-19T18:00Z,5962,5930,Ballistic United,De Anza Force,2,2
U14,Northwest,26990,2026-09-19T18:00Z,6281,5904,Modesto Ajax United,Atletico Santa Rosa,0,0
U14,Northwest,26998,2026-09-19T19:00Z,6208,5919,Silicon Valley Soccer Academy,Sacramento Republic FC,1,3
U14,Northwest,26995,2026-09-19T20:00Z,6309,6015,Sacramento United,San Jose Earthquakes,0,5
U14,Northwest,27004,2026-09-19T20:00Z,5772,5908,The Town FC Academy,Woodside Soccer Club Crush,4,0
U14,Northwest,26972,2026-09-20T00:00Z,6119,5897,ALBION SC Merced,San Francisco Glens SC,2,2
U14,Northwest,26984,2026-09-20T02:00Z,5730,5833,FC Bay Area Surf,Lamorinda Soccer Club,5,3
U14,Northwest,26529,2026-09-21T00:00Z,5919,5730,Sacramento Republic FC,FC Bay Area Surf,6,0
U14,Northwest,27402,2026-09-26T20:45Z,5897,6281,San Francisco Glens SC,Modesto Ajax United,2,3
U14,Northwest,27384,2026-09-27T00:00Z,6119,6208,ALBION SC Merced,Silicon Valley Soccer Academy,3,3
U14,Northwest,27396,2026-09-27T00:00Z,5833,5930,Lamorinda Soccer Club,De Anza Force,0,2
U14,Northwest,27407,2026-09-27T00:30Z,6015,5962,San Jose Earthquakes,Ballistic United,1,1
U14,Northwest,27413,2026-09-27T00:30Z,5772,6309,The Town FC Academy,Sacramento United,1,1
U14,Northwest,27390,2026-09-27T02:00Z,5904,5730,Atletico Santa Rosa,FC Bay Area Surf,4,0
U14,Northwest,27848,2026-10-03T16:00Z,5930,5904,De Anza Force,Atletico Santa Rosa,,
U14,Northwest,27842,2026-10-03T18:00Z,5962,5919,Ballistic United,Sacramento Republic FC,,
U14,Northwest,27874,2026-10-03T18:00Z,5908,6309,Woodside Soccer Club Crush,Sacramento United,,
U14,Northwest,27862,2026-10-03T19:00Z,6208,6015,Silicon Valley Soccer Academy,San Jose Earthquakes,,
U14,Northwest,27865,2026-10-03T20:00Z,5772,5897,The Town FC Academy,San Francisco Glens SC,,
U14,Northwest,27854,2026-10-04T00:00Z,5833,6119,Lamorinda Soccer Club,ALBION SC Merced,,
U14,Northwest,28378,2026-10-17T16:00Z,5962,6015,Ballistic United,San Jose Earthquakes,,
U14,Northwest,28408,2026-10-17T18:00Z,5908,5904,Woodside Soccer Club Crush,Atletico Santa Rosa,,
U14,Northwest,28387,2026-10-18T00:00Z,5833,5897,Lamorinda Soccer Club,San Francisco Glens SC,,
U14,Northwest,28393,2026-10-18T00:00Z,6281,5930,Modesto Ajax United,De Anza Force,,
U14,Northwest,28399,2026-10-18T00:00Z,5919,5772,Sacramento Republic FC,The Town FC Academy,,
U14,Northwest,28381,2026-10-19T00:00Z,5730,6208,FC Bay Area Surf,Silicon Valley Soccer Academy,,
U14,Northwest,28887,2026-10-24T16:00Z,5930,5897,De Anza Force,San Francisco Glens SC,,
U14,Northwest,28919,2026-10-24T18:00Z,5908,6281,Woodside Soccer Club Crush,Modesto Ajax United,,
U14,Northwest,28913,2026-10-24T23:50Z,5772,5962,The Town FC Academy,Ballistic United,,
U14,Northwest,28899,2026-10-25T00:00Z,6309,6119,Sacramento United,ALBION SC Merced,,
U14,Northwest,28904,2026-10-25T00:30Z,6015,5919,San Jose Earthquakes,Sacramento Republic FC,,
U14,Northwest,28893,2026-10-25T02:00Z,5833,5730,Lamorinda Soccer Club,FC Bay Area Surf,,
U14,Northwest,29312,2026-10-31T18:00Z,5962,6309,Ballistic United,Sacramento United,,
U14,Northwest,29324,2026-10-31T18:00Z,6281,5919,Modesto Ajax United,Sacramento Republic FC,,
U14,Northwest,29338,2026-10-31T19:00Z,6208,5833,Silicon Valley Soccer Academy,Lamorinda Soccer Club,,
U14,Northwest,29318,2026-10-31T20:00Z,5930,5730,De Anza Force,FC Bay Area Surf,,
U14,Northwest,29330,2026-10-31T20:45Z,5897,5904,San Francisco Glens SC,Atletico Santa Rosa,,
U14,Northwest,29335,2026-10-31T22:30Z,6015,5908,San Jose Earthquakes,Woodside Soccer Club Crush,,
U14,Northwest,29306,2026-11-01T00:00Z,6119,5772,ALBION SC Merced,The Town FC Academy,,
U14,Northwest,29710,2026-11-07T17:00Z,5930,6015,De Anza Force,San Jose Earthquakes,,
U14,Northwest,29705,2026-11-07T19:00Z,5962,5908,Ballistic United,Woodside Soccer Club Crush,,
U14,Northwest,29719,2026-11-08T01:00Z,5833,5904,Lamorinda Soccer Club,Atletico Santa Rosa,,
U14,Northwest,29728,2026-11-08T01:00Z,5919,6208,Sacramento Republic FC,Silicon Valley Soccer Academy,,
U14,Northwest,29734,2026-11-08T01:00Z,6309,6281,Sacramento United,Modesto Ajax United,,
U14,Northwest,29713,2026-11-09T01:00Z,5730,6119,FC Bay Area Surf,ALBION SC Merced,,
U14,Northwest,30180,2026-11-14T19:00Z,5908,5730,Woodside Soccer Club Crush,FC Bay Area Surf,,
U14,Northwest,30174,2026-11-14T20:00Z,6208,5772,Silicon Valley Soccer Academy,The Town FC Academy,,
U14,Northwest,30161,2026-11-14T23:20Z,5897,5930,San Francisco Glens SC,De Anza Force,,
U14,Northwest,30143,2026-11-15T01:00Z,5904,6281,Atletico Santa Rosa,Modesto Ajax United,,
U14,Northwest,30149,2026-11-15T01:00Z,5919,5962,Sacramento Republic FC,Ballistic United,,
U14,Northwest,30155,2026-11-15T01:00Z,6309,5833,Sacramento United,Lamorinda Soccer Club,,
U14,Northwest,30166,2026-11-15T01:30Z,6015,6119,San Jose Earthquakes,ALBION SC Merced,,
U14,Northwest,35098,2026-11-15T19:00Z,6015,5897,San Jose Earthquakes,San Francisco Glens SC,,
U14,Northwest,30652,2026-11-21T19:00Z,5962,5833,Ballistic United,Lamorinda Soccer Club,,
U14,Northwest,30640,2026-11-22T01:00Z,6119,5908,ALBION SC Merced,Woodside Soccer Club Crush,,
U14,Northwest,30646,2026-11-22T01:00Z,5904,5772,Atletico Santa Rosa,The Town FC Academy,,
U14,Northwest,30658,2026-11-22T01:00Z,6281,5897,Modesto Ajax United,San Francisco Glens SC,,
U14,Northwest,30664,2026-11-22T01:00Z,5919,5930,Sacramento Republic FC,De Anza Force,,
U14,Northwest,30670,2026-11-22T01:00Z,6309,6208,Sacramento United,Silicon Valley Soccer Academy,,
U14,Northwest,30868,2026-11-22T19:30Z,6015,5730,San Jose Earthquakes,FC Bay Area Surf,,
U14,Northwest,30971,2027-01-09,5930,6309,De Anza Force,Sacramento United,,
U14,Northwest,30977,2027-01-09,6281,6119,Modesto Ajax United,ALBION SC Merced,,
U14,Northwest,30991,2027-01-09,6015,5772,San Jose Earthquakes,The Town FC Academy,,
U14,Northwest,31000,2027-01-09,6208,5904,Silicon Valley Soccer Academy,Atletico Santa Rosa,,
U14,Northwest,31085,2027-01-16,6119,5930,ALBION SC Merced,De Anza Force,,
U14,Northwest,31091,2027-01-16,6281,5833,Modesto Ajax United,Lamorinda Soccer Club,,
U14,Northwest,31100,2027-01-16,5897,5919,San Francisco Glens SC,Sacramento Republic FC,,
U14,Northwest,31109,2027-01-16,5772,5730,The Town FC Academy,FC Bay Area Surf,,
U14,Northwest,31118,2027-01-16T19:00Z,5908,6208,Woodside Soccer Club Crush,Silicon Valley Soccer Academy,,
U14,Northwest,31171,2027-01-17,5904,6015,Atletico Santa Rosa,San Jose Earthquakes,,
U14,Northwest,31285,2027-01-23,5962,6119,Ballistic United,ALBION SC Merced,,
U14,Northwest,31291,2027-01-23,5930,5833,De Anza Force,Lamorinda Soccer Club,,
U14,Northwest,31297,2027-01-23,5730,6281,FC Bay Area Surf,Modesto Ajax United,,
U14,Northwest,31303,2027-01-23,6309,5908,Sacramento United,Woodside Soccer Club Crush,,
U14,Northwest,31312,2027-01-23,6208,5897,Silicon Valley Soccer Academy,San Francisco Glens SC,,
U14,Northwest,31318,2027-01-23,5772,5904,The Town FC Academy,Atletico Santa Rosa,,
U14,Northwest,31372,2027-01-24,5919,6015,Sacramento Republic FC,San Jose Earthquakes,,
U14,Northwest,31471,2027-01-30,5904,6119,Atletico Santa Rosa,ALBION SC Merced,,
U14,Northwest,31477,2027-01-30,5962,5897,Ballistic United,San Francisco Glens SC,,
U14,Northwest,31483,2027-01-30,5930,5908,De Anza Force,Woodside Soccer Club Crush,,
U14,Northwest,31495,2027-01-30,6309,5730,Sacramento United,FC Bay Area Surf,,
U14,Northwest,31500,2027-01-30,6015,6208,San Jose Earthquakes,Silicon Valley Soccer Academy,,
U14,Northwest,31503,2027-01-30,5772,6281,The Town FC Academy,Modesto Ajax United,,
U14,Northwest,31489,2027-01-31T01:00Z,5833,5919,Lamorinda Soccer Club,Sacramento Republic FC,,
U14,Northwest,31661,2027-02-06,5730,5772,FC Bay Area Surf,The Town FC Academy,,
U14,Northwest,31667,2027-02-06,6281,5962,Modesto Ajax United,Ballistic United,,
U14,Northwest,31676,2027-02-06,5897,5833,San Francisco Glens SC,Lamorinda Soccer Club,,
U14,Northwest,31681,2027-02-06,6015,6309,San Jose Earthquakes,Sacramento United,,
U14,Northwest,31693,2027-02-06T19:00Z,5908,5919,Woodside Soccer Club Crush,Sacramento Republic FC,,
U14,Northwest,31858,2027-02-13,5904,6309,Atletico Santa Rosa,Sacramento United,,
U14,Northwest,31864,2027-02-13,5930,5962,De Anza Force,Ballistic United,,
U14,Northwest,31870,2027-02-13,5919,6281,Sacramento Republic FC,Modesto Ajax United,,
U14,Northwest,31879,2027-02-13,6208,5730,Silicon Valley Soccer Academy,FC Bay Area Surf,,
U14,Northwest,31884,2027-02-13,5772,6015,The Town FC Academy,San Jose Earthquakes,,
U14,Northwest,31890,2027-02-13T19:00Z,5908,6119,Woodside Soccer Club Crush,ALBION SC Merced,,
U14,Northwest,32211,2027-02-20,6119,5919,ALBION SC Merced,Sacramento Republic FC,,
U14,Northwest,32217,2027-02-20,5962,5904,Ballistic United,Atletico Santa Rosa,,
U14,Northwest,32223,2027-02-20,5730,5908,FC Bay Area Surf,Woodside Soccer Club Crush,,
U14,Northwest,32235,2027-02-20,6281,6208,Modesto Ajax United,Silicon Valley Soccer Academy,,
U14,Northwest,32241,2027-02-20,6309,5897,Sacramento United,San Francisco Glens SC,,
U14,Northwest,32246,2027-02-20,6015,5930,San Jose Earthquakes,De Anza Force,,
U14,Northwest,32229,2027-02-21T01:00Z,5833,5772,Lamorinda Soccer Club,The Town FC Academy,,
U14,Northwest,32645,2027-02-27,6119,5730,ALBION SC Merced,FC Bay Area Surf,,
U14,Northwest,32651,2027-02-27,5904,5908,Atletico Santa Rosa,Woodside Soccer Club Crush,,
U14,Northwest,32657,2027-02-27,5962,6208,Ballistic United,Silicon Valley Soccer Academy,,
U14,Northwest,32663,2027-02-27,5930,6281,De Anza Force,Modesto Ajax United,,
U14,Northwest,32671,2027-02-27,5919,6309,Sacramento Republic FC,Sacramento United,,
U14,Northwest,32677,2027-02-27,5897,5772,San Francisco Glens SC,The Town FC Academy,,
U14,Northwest,32682,2027-02-27,6015,5833,San Jose Earthquakes,Lamorinda Soccer Club,,
U14,Northwest,26141,2027-02-28T20:00Z,5897,6015,San Francisco Glens SC,San Jose Earthquakes,,
U14,Northwest,33088,2027-03-06,5730,5919,FC Bay Area Surf,Sacramento Republic FC,,
U14,Northwest,33100,2027-03-06,5897,6309,San Francisco Glens SC,Sacramento United,,
U14,Northwest,33105,2027-03-06,6015,5904,San Jose Earthquakes,Atletico Santa Rosa,,
U14,Northwest,33114,2027-03-06,6208,5930,Silicon Valley Soccer Academy,De Anza Force,,
U14,Northwest,33120,2027-03-06,5772,6119,The Town FC Academy,ALBION SC Merced,,
U14,Northwest,33126,2027-03-06T19:00Z,5908,5962,Woodside Soccer Club Crush,Ballistic United,,
U14,Northwest,33094,2027-03-07T01:00Z,5833,6281,Lamorinda Soccer Club,Modesto Ajax United,,
U14,Northwest,33493,2027-03-13,5904,5962,Atletico Santa Rosa,Ballistic United,,
U14,Northwest,33499,2027-03-13,5930,6119,De Anza Force,ALBION SC Merced,,
U14,Northwest,33504,2027-03-13,5833,6015,Lamorinda Soccer Club,San Jose Earthquakes,,
U14,Northwest,33507,2027-03-13,6281,5730,Modesto Ajax United,FC Bay Area Surf,,
U14,Northwest,33513,2027-03-13,5919,5908,Sacramento Republic FC,Woodside Soccer Club Crush,,
U14,Northwest,33519,2027-03-13,6309,5772,Sacramento United,The Town FC Academy,,
U14,Northwest,33525,2027-03-13,5897,6208,San Francisco Glens SC,Silicon Valley Soccer Academy,,
U14,Northwest,33902,2027-03-20,6119,6309,ALBION SC Merced,Sacramento United,,
U14,Northwest,33908,2027-03-20,5904,5919,Atletico Santa Rosa,Sacramento Republic FC,,
U14,Northwest,33914,2027-03-20,5730,5897,FC Bay Area Surf,San Francisco Glens SC,,
U14,Northwest,33920,2027-03-20,6208,6281,Silicon Valley Soccer Academy,Modesto Ajax United,,
U14,Northwest,33926,2027-03-20,5772,5930,The Town FC Academy,De Anza Force,,
U14,Northwest,33932,2027-03-20T18:00Z,5908,5833,Woodside Soccer Club Crush,Lamorinda Soccer Club,,
U14,Northwest,30986,2027-03-21,5897,5962,San Francisco Glens SC,Ballistic United,,
U14,Northwest,34378,2027-03-27,5962,5772,Ballistic United,The Town FC Academy,,
U14,Northwest,34384,2027-03-27,5730,5904,FC Bay Area Surf,Atletico Santa Rosa,,
U14,Northwest,34390,2027-03-27,5919,5833,Sacramento Republic FC,Lamorinda Soccer Club,,
U14,Northwest,34396,2027-03-27,5897,6119,San Francisco Glens SC,ALBION SC Merced,,
U14,Northwest,34402,2027-03-27,6208,6309,Silicon Valley Soccer Academy,Sacramento United,,
U14,Northwest,34408,2027-03-27T18:00Z,5908,5930,Woodside Soccer Club Crush,De Anza Force,,
U14,Northwest,34639,2027-04-03,6119,5962,ALBION SC Merced,Ballistic United,,
U14,Northwest,34645,2027-04-03,5930,5919,De Anza Force,Sacramento Republic FC,,
U14,Northwest,34656,2027-04-03,6281,6015,Modesto Ajax United,San Jose Earthquakes,,
U14,Northwest,34659,2027-04-03,6309,5904,Sacramento United,Atletico Santa Rosa,,
U14,Northwest,34665,2027-04-03,5897,5730,San Francisco Glens SC,FC Bay Area Surf,,
U14,Northwest,34671,2027-04-03,5772,6208,The Town FC Academy,Silicon Valley Soccer Academy,,
U14,Northwest,34651,2027-04-04T00:00Z,5833,5908,Lamorinda Soccer Club,Woodside Soccer Club Crush,,
U14,Northwest,35075,2027-04-10,5904,5833,Atletico Santa Rosa,Lamorinda Soccer Club,,
U14,Northwest,35081,2027-04-10,5730,5930,FC Bay Area Surf,De Anza Force,,
U14,Northwest,35087,2027-04-10,6281,6309,Modesto Ajax United,Sacramento United,,
U14,Northwest,35093,2027-04-10,5919,6119,Sacramento Republic FC,ALBION SC Merced,,
U14,Northwest,35101,2027-04-10,6208,5962,Silicon Valley Soccer Academy,Ballistic United,,
U14,Northwest,35107,2027-04-10T18:00Z,5908,5772,Woodside Soccer Club Crush,The Town FC Academy,,
U14,Northwest,35508,2027-04-17,6119,6015,ALBION SC Merced,San Jose Earthquakes,,
U14,Northwest,35511,2027-04-17,5904,5930,Atletico Santa Rosa,De Anza Force,,
U14,Northwest,35517,2027-04-17,5962,6281,Ballistic United,Modesto Ajax United,,
U14,Northwest,35523,2027-04-17,5730,6309,FC Bay Area Surf,Sacramento United,,
U14,Northwest,35535,2027-04-17,5897,5908,San Francisco Glens SC,Woodside Soccer Club Crush,,
U14,Northwest,35541,2027-04-17,5772,5919,The Town FC Academy,Sacramento Republic FC,,
U14,Northwest,35529,2027-04-18T00:00Z,5833,6208,Lamorinda Soccer Club,Silicon Valley Soccer Academy,,
U14,Northwest,35925,2027-04-24,6119,6281,ALBION SC Merced,Modesto Ajax United,,
U14,Northwest,35931,2027-04-24,5904,5897,Atletico Santa Rosa,San Francisco Glens SC,,
U14,Northwest,35937,2027-04-24,5962,5730,Ballistic United,FC Bay Area Surf,,
U14,Northwest,35943,2027-04-24,5930,6208,De Anza Force,Silicon Valley Soccer Academy,,
U14,Northwest,35949,2027-04-24,6309,5919,Sacramento United,Sacramento Republic FC,,
U14,Northwest,35955,2027-04-24,5772,5833,The Town FC Academy,Lamorinda Soccer Club,,
U14,Northwest,35960,2027-04-24T18:00Z,5908,6015,Woodside Soccer Club Crush,San Jose Earthquakes,,
U14,Northwest,26115,2027-05-01,5730,5962,FC Bay Area Surf,Ballistic United,,
U14,Northwest,36466,2027-05-08,6119,5904,ALBION SC Merced,Atletico Santa Rosa,,
U14,Northwest,36471,2027-05-08,5730,6015,FC Bay Area Surf,San Jose Earthquakes,,
U14,Northwest,36480,2027-05-08,6281,5772,Modesto Ajax United,The Town FC Academy,,
U14,Northwest,36486,2027-05-08,5919,5897,Sacramento Republic FC,San Francisco Glens SC,,
U14,Northwest,36492,2027-05-08,6309,5930,Sacramento United,De Anza Force,,
U14,Northwest,36498,2027-05-08,6208,5908,Silicon Valley Soccer Academy,Woodside Soccer Club Crush,,
U14,Northwest,36474,2027-05-09T00:00Z,5833,5962,Lamorinda Soccer Club,Ballistic United,,
U14,Northwest,26136,2027-05-15T16:00Z,5919,5904,Sacramento Republic FC,Atletico Santa Rosa,,
U14,Southeast,26080,2026-09-05T15:00Z,9687,6061,Huntsville City FC,Queen City Mutiny FC,5,3
U14,Southeast,36247,2026-09-05T16:00Z,6273,8866,Triangle United Soccer Association,Chattanooga FC,1,2
U14,Southeast,26252,2026-09-06T14:00Z,5700,9652,Atlanta United,Charlotte Independence Soccer Club,3,2
U14,Southeast,26256,2026-09-06T15:00Z,6013,6099,Inter Atlanta FC,AFC Lightning,3,0
U14,Southeast,26258,2026-09-06T18:00Z,5836,6061,Nashville United Soccer Academy (NUSA Next),Queen City Mutiny FC,1,2
U14,Southeast,26562,2026-09-12T15:00Z,5700,6258,Atlanta United,Wake FC,6,1
U14,Southeast,26564,2026-09-12T17:00Z,9652,5754,Charlotte Independence Soccer Club,KSA,3,0
U14,Southeast,29879,2026-09-12T18:00Z,8866,5871,Chattanooga FC,Hoover-Vestavia Soccer,5,0
U14,Southeast,26746,2026-09-13T13:00Z,9652,6099,Charlotte Independence Soccer Club,AFC Lightning,5,2
U14,Southeast,26699,2026-09-13T15:00Z,5700,6013,Atlanta United,Inter Atlanta FC,2,1
U14,Southeast,26748,2026-09-13T15:00Z,6144,6258,Lanier Soccer Association,Wake FC,1,3
U14,Southeast,26700,2026-09-13T17:00Z,7155,6061,Carolina Core FC,Queen City Mutiny FC,4,1
U14,Southeast,26747,2026-09-13T17:00Z,5871,6320,Hoover-Vestavia Soccer,Southern Soccer Academy,0,1
U14,Southeast,36917,2026-09-19T12:00Z,6013,6273,Inter Atlanta FC,Triangle United Soccer Association,7,0
U14,Southeast,27021,2026-09-19T13:00Z,6320,5836,Southern Soccer Academy,Nashville United Soccer Academy (NUSA Next),1,0
U14,Southeast,27010,2026-09-19T15:00Z,6099,7155,AFC Lightning,Carolina Core FC,2,2
U14,Southeast,27012,2026-09-19T15:00Z,9652,5700,Charlotte Independence Soccer Club,Atlanta United,0,4
U14,Southeast,27014,2026-09-19T16:00Z,5754,8866,KSA,Chattanooga FC,2,1
U14,Southeast,27204,2026-09-20T14:00Z,5754,7155,KSA,Carolina Core FC,0,5
U14,Southeast,27210,2026-09-20T15:00Z,6320,8866,Southern Soccer Academy,Chattanooga FC,0,6
U14,Southeast,36798,2026-09-20T16:00Z,6099,6273,AFC Lightning,Triangle United Soccer Association,5,2
U14,Southeast,30805,2026-09-20T17:30Z,6061,9652,Queen City Mutiny FC,Charlotte Independence Soccer Club,1,2
U14,Southeast,27553,2026-09-26T13:00Z,6144,9652,Lanier Soccer Association,Charlotte Independence Soccer Club,2,4
U14,Southeast,27551,2026-09-26T15:00Z,7155,5871,Carolina Core FC,Hoover-Vestavia Soccer,10,0
U14,Southeast,27559,2026-09-26T17:00Z,6258,6320,Wake FC,Southern Soccer Academy,5,0
U14,Southeast,27555,2026-09-26T21:30Z,6061,6013,Queen City Mutiny FC,Inter Atlanta FC,2,2
U14,Southeast,27797,2026-09-27T15:00Z,7155,6013,Carolina Core FC,Inter Atlanta FC,0,1
U14,Southeast,27880,2026-09-27T15:00Z,6273,5871,Triangle United Soccer Association,Hoover-Vestavia Soccer,5,1
U14,Southeast,27799,2026-09-27T17:00Z,9687,8866,Huntsville City FC,Chattanooga FC,1,4
U14,Southeast,27800,2026-09-27T18:00Z,5836,5754,Nashville United Soccer Academy (NUSA Next),KSA,0,1
U14,Southeast,27879,2026-09-27T19:00Z,6061,6099,Queen City Mutiny FC,AFC Lightning,1,2
U14,Southeast,28010,2026-10-03T17:00Z,5700,7155,Atlanta United,Carolina Core FC,,
U14,Southeast,28108,2026-10-04T15:00Z,5700,6099,Atlanta United,AFC Lightning,,
U14,Southeast,28116,2026-10-04T15:00Z,6061,9687,Queen City Mutiny FC,Huntsville City FC,,
U14,Southeast,28113,2026-10-04T17:00Z,6013,6258,Inter Atlanta FC,Wake FC,,
U14,Southeast,28118,2026-10-04T17:00Z,6320,5754,Southern Soccer Academy,KSA,,
U14,Southeast,28111,2026-10-04T18:00Z,8866,6144,Chattanooga FC,Lanier Soccer Association,,
U14,Southeast,28554,2026-10-17T14:00Z,9687,9652,Huntsville City FC,Charlotte Independence Soccer Club,,
U14,Southeast,28656,2026-10-17T17:00Z,6320,5871,Southern Soccer Academy,Hoover-Vestavia Soccer,,
U14,Southeast,28553,2026-10-17T18:00Z,8866,6013,Chattanooga FC,Inter Atlanta FC,,
U14,Southeast,28551,2026-10-17T19:00Z,6099,6258,AFC Lightning,Wake FC,,
U14,Southeast,35278,2026-10-18T13:00Z,6320,6258,Southern Soccer Academy,Wake FC,,
U14,Southeast,28650,2026-10-18T16:00Z,9687,6013,Huntsville City FC,Inter Atlanta FC,,
U14,Southeast,28648,2026-10-18T17:00Z,8866,7155,Chattanooga FC,Carolina Core FC,,
U14,Southeast,28652,2026-10-18T17:00Z,5836,5700,Nashville United Soccer Academy (NUSA Next),Atlanta United,,
U14,Southeast,28651,2026-10-18T18:00Z,5754,6144,KSA,Lanier Soccer Association,,
U14,Southeast,34440,2026-10-18T19:00Z,6061,6273,Queen City Mutiny FC,Triangle United Soccer Association,,
U14,Southeast,28950,2026-10-24T15:00Z,6099,5836,AFC Lightning,Nashville United Soccer Academy (NUSA Next),,
U14,Southeast,28951,2026-10-24T15:00Z,5700,6320,Atlanta United,Southern Soccer Academy,,
U14,Southeast,28954,2026-10-24T17:00Z,9652,8866,Charlotte Independence Soccer Club,Chattanooga FC,,
U14,Southeast,29051,2026-10-24T17:00Z,6258,9687,Wake FC,Huntsville City FC,,
U14,Southeast,28955,2026-10-24T18:00Z,5754,6061,KSA,Queen City Mutiny FC,,
U14,Southeast,29261,2026-10-25T13:00Z,6258,8866,Wake FC,Chattanooga FC,,
U14,Southeast,29252,2026-10-25T14:00Z,6099,6061,AFC Lightning,Queen City Mutiny FC,,
U14,Southeast,27202,2026-10-25T15:00Z,9652,9687,Charlotte Independence Soccer Club,Huntsville City FC,,
U14,Southeast,29254,2026-10-25T15:00Z,5700,6144,Atlanta United,Lanier Soccer Association,,
U14,Southeast,29257,2026-10-25T15:00Z,6013,5836,Inter Atlanta FC,Nashville United Soccer Academy (NUSA Next),,
U14,Southeast,29446,2026-10-31T13:00Z,6320,6273,Southern Soccer Academy,Triangle United Soccer Association,,
U14,Southeast,29444,2026-10-31T15:00Z,6013,7155,Inter Atlanta FC,Carolina Core FC,,
U14,Southeast,29443,2026-10-31T17:00Z,5871,9652,Hoover-Vestavia Soccer,Charlotte Independence Soccer Club,,
U14,Southeast,29653,2026-11-01T14:00Z,6144,6099,Lanier Soccer Association,AFC Lightning,,
U14,Southeast,29658,2026-11-01T14:00Z,6320,7155,Southern Soccer Academy,Carolina Core FC,,
U14,Southeast,29651,2026-11-01T16:00Z,6013,9652,Inter Atlanta FC,Charlotte Independence Soccer Club,,
U14,Southeast,29654,2026-11-01T18:00Z,5836,8866,Nashville United Soccer Academy (NUSA Next),Chattanooga FC,,
U14,Southeast,29652,2026-11-01T19:00Z,5754,6273,KSA,Triangle United Soccer Association,,
U14,Southeast,30103,2026-11-07T01:00Z,9687,5871,Huntsville City FC,Hoover-Vestavia Soccer,,
U14,Southeast,27341,2026-11-07T14:00Z,6273,6258,Triangle United Soccer Association,Wake FC,,
U14,Southeast,29915,2026-11-07T14:00Z,6144,6320,Lanier Soccer Association,Southern Soccer Academy,,
U14,Southeast,29876,2026-11-07T16:00Z,5700,6061,Atlanta United,Queen City Mutiny FC,,
U14,Southeast,29916,2026-11-07T17:00Z,5836,6013,Nashville United Soccer Academy (NUSA Next),Inter Atlanta FC,,
U14,Southeast,30098,2026-11-08T16:00Z,7155,6273,Carolina Core FC,Triangle United Soccer Association,,
U14,Southeast,30100,2026-11-08T16:00Z,8866,5700,Chattanooga FC,Atlanta United,,
U14,Southeast,30096,2026-11-08T17:00Z,6099,5754,AFC Lightning,KSA,,
U14,Southeast,29514,2026-11-08T20:00Z,6061,6258,Queen City Mutiny FC,Wake FC,,
U14,Southeast,30345,2026-11-14T14:00Z,6320,9687,Southern Soccer Academy,Huntsville City FC,,
U14,Southeast,30347,2026-11-14T16:00Z,6273,9652,Triangle United Soccer Association,Charlotte Independence Soccer Club,,
U14,Southeast,30342,2026-11-14T18:00Z,6099,8866,AFC Lightning,Chattanooga FC,,
U14,Southeast,30220,2026-11-14T20:00Z,6258,5836,Wake FC,Nashville United Soccer Academy (NUSA Next),,
U14,Southeast,30416,2026-11-15T15:00Z,6099,9687,AFC Lightning,Huntsville City FC,,
U14,Southeast,30419,2026-11-15T16:00Z,6013,5871,Inter Atlanta FC,Hoover-Vestavia Soccer,,
U14,Southeast,30564,2026-11-15T16:00Z,6144,5700,Lanier Soccer Association,Atlanta United,,
U14,Southeast,32057,2026-11-15T16:00Z,9652,5836,Charlotte Independence Soccer Club,Nashville United Soccer Academy (NUSA Next),,
U14,Southeast,30566,2026-11-15T18:00Z,6061,5754,Queen City Mutiny FC,KSA,,
U14,Southeast,30802,2026-11-21,5836,6273,Nashville United Soccer Academy (NUSA Next),Triangle United Soccer Association,,
U14,Southeast,33312,2026-11-21T18:00Z,6258,9652,Wake FC,Charlotte Independence Soccer Club,,
U14,Southeast,30801,2026-11-21T21:00Z,9687,6144,Huntsville City FC,Lanier Soccer Association,,
U14,Southeast,30882,2026-11-22T17:00Z,5754,6013,KSA,Inter Atlanta FC,,
U14,Southeast,30886,2026-11-22T18:00Z,6258,7155,Wake FC,Carolina Core FC,,
U14,Southeast,30883,2026-11-22T19:00Z,5836,6144,Nashville United Soccer Academy (NUSA Next),Lanier Soccer Association,,
U14,Southeast,30881,2026-11-22T20:00Z,5871,6099,Hoover-Vestavia Soccer,AFC Lightning,,
U14,Southeast,30879,2027-01-30,8866,6320,Chattanooga FC,Southern Soccer Academy,,
U14,Southeast,26263,2027-01-30T16:00Z,6258,6273,Wake FC,Triangle United Soccer Association,,
U14,Southeast,28011,2027-02-06,8866,6273,Chattanooga FC,Triangle United Soccer Association,,
U14,Southeast,35131,2027-02-07T14:00Z,6320,9652,Southern Soccer Academy,Charlotte Independence Soccer Club,,
U14,Southeast,31917,2027-02-13,7155,6320,Carolina Core FC,Southern Soccer Academy,,
U14,Southeast,31999,2027-02-13,6273,6144,Triangle United Soccer Association,Lanier Soccer Association,,
U14,Southeast,31918,2027-02-13T18:00Z,5871,5700,Hoover-Vestavia Soccer,Atlanta United,,
U14,Southeast,32002,2027-02-13T22:00Z,6258,6013,Wake FC,Inter Atlanta FC,,
U14,Southeast,32056,2027-02-14,7155,6144,Carolina Core FC,Lanier Soccer Association,,
U14,Southeast,32058,2027-02-14,8866,6061,Chattanooga FC,Queen City Mutiny FC,,
U14,Southeast,32062,2027-02-14,6273,6320,Triangle United Soccer Association,Southern Soccer Academy,,
U14,Southeast,32063,2027-02-14,6258,5754,Wake FC,KSA,,
U14,Southeast,34433,2027-02-18T00:30Z,5871,9687,Hoover-Vestavia Soccer,Huntsville City FC,,
U14,Southeast,32361,2027-02-20,6013,9687,Inter Atlanta FC,Huntsville City FC,,
U14,Southeast,32363,2027-02-20T15:00Z,5836,6258,Nashville United Soccer Academy (NUSA Next),Wake FC,,
U14,Southeast,32360,2027-02-20T18:00Z,9652,5871,Charlotte Independence Soccer Club,Hoover-Vestavia Soccer,,
U14,Southeast,32450,2027-02-21,5754,6099,KSA,AFC Lightning,,
U14,Southeast,32457,2027-02-21,6273,7155,Triangle United Soccer Association,Carolina Core FC,,
U14,Southeast,32447,2027-02-21T14:00Z,5700,9687,Atlanta United,Huntsville City FC,,
U14,Southeast,32454,2027-02-21T14:00Z,6320,6144,Southern Soccer Academy,Lanier Soccer Association,,
U14,Southeast,32452,2027-02-21T16:00Z,6061,5871,Queen City Mutiny FC,Hoover-Vestavia Soccer,,
U14,Southeast,26082,2027-02-21T17:00Z,5836,7155,Nashville United Soccer Academy (NUSA Next),Carolina Core FC,,
U14,Southeast,32716,2027-02-27,6144,5754,Lanier Soccer Association,KSA,,
U14,Southeast,32708,2027-02-27T16:00Z,5700,5836,Atlanta United,Nashville United Soccer Academy (NUSA Next),,
U14,Southeast,32710,2027-02-27T16:00Z,9652,6320,Charlotte Independence Soccer Club,Southern Soccer Academy,,
U14,Southeast,32715,2027-02-27T20:00Z,5871,6273,Hoover-Vestavia Soccer,Triangle United Soccer Association,,
U14,Southeast,32819,2027-02-28,7155,6258,Carolina Core FC,Wake FC,,
U14,Southeast,32816,2027-02-28T16:00Z,6099,6013,AFC Lightning,Inter Atlanta FC,,
U14,Southeast,32818,2027-02-28T16:00Z,5700,6273,Atlanta United,Triangle United Soccer Association,,
U14,Southeast,32866,2027-02-28T18:00Z,5871,8866,Hoover-Vestavia Soccer,Chattanooga FC,,
U14,Southeast,26255,2027-03-06,9687,7155,Huntsville City FC,Carolina Core FC,,
U14,Southeast,33052,2027-03-06,8866,5754,Chattanooga FC,KSA,,
U14,Southeast,33135,2027-03-06,6273,6099,Triangle United Soccer Association,AFC Lightning,,
U14,Southeast,33054,2027-03-06T16:00Z,6013,6061,Inter Atlanta FC,Queen City Mutiny FC,,
U14,Southeast,33053,2027-03-06T20:00Z,5871,6144,Hoover-Vestavia Soccer,Lanier Soccer Association,,
U14,Southeast,33309,2027-03-07T14:00Z,6320,6061,Southern Soccer Academy,Queen City Mutiny FC,,
U14,Southeast,33306,2027-03-07T18:00Z,5836,9687,Nashville United Soccer Academy (NUSA Next),Huntsville City FC,,
U14,Southeast,36161,2027-03-07T18:00Z,5871,7155,Hoover-Vestavia Soccer,Carolina Core FC,,
U14,Southeast,30099,2027-03-07T20:00Z,9652,6258,Charlotte Independence Soccer Club,Wake FC,,
U14,Southeast,33668,2027-03-13,6061,6144,Queen City Mutiny FC,Lanier Soccer Association,,
U14,Southeast,33720,2027-03-13,6273,5836,Triangle United Soccer Association,Nashville United Soccer Academy (NUSA Next),,
U14,Southeast,33664,2027-03-13T16:00Z,6099,6320,AFC Lightning,Southern Soccer Academy,,
U14,Southeast,33665,2027-03-13T16:00Z,5700,5871,Atlanta United,Hoover-Vestavia Soccer,,
U14,Southeast,33666,2027-03-13T18:00Z,9652,6013,Charlotte Independence Soccer Club,Inter Atlanta FC,,
U14,Southeast,33880,2027-03-14,7155,5836,Carolina Core FC,Nashville United Soccer Academy (NUSA Next),,
U14,Southeast,33882,2027-03-14,9652,6144,Charlotte Independence Soccer Club,Lanier Soccer Association,,
U14,Southeast,33883,2027-03-14,5754,9687,KSA,Huntsville City FC,,
U14,Southeast,33939,2027-03-14,6273,6013,Triangle United Soccer Association,Inter Atlanta FC,,
U14,Southeast,33878,2027-03-14T13:00Z,5700,8866,Atlanta United,Chattanooga FC,,
U14,Southeast,28812,2027-03-20,6273,6061,Triangle United Soccer Association,Queen City Mutiny FC,,
U14,Southeast,34070,2027-03-20,8866,9652,Chattanooga FC,Charlotte Independence Soccer Club,,
U14,Southeast,34072,2027-03-20,5871,5754,Hoover-Vestavia Soccer,KSA,,
U14,Southeast,34073,2027-03-20,9687,6273,Huntsville City FC,Triangle United Soccer Association,,
U14,Southeast,34075,2027-03-20T13:00Z,6144,7155,Lanier Soccer Association,Carolina Core FC,,
U14,Southeast,34076,2027-03-20T16:00Z,5836,6099,Nashville United Soccer Academy (NUSA Next),AFC Lightning,,
U14,Southeast,34285,2027-03-21,8866,6099,Chattanooga FC,AFC Lightning,,
U14,Southeast,34287,2027-03-21,6013,6320,Inter Atlanta FC,Southern Soccer Academy,,
U14,Southeast,34289,2027-03-21T14:00Z,5836,9652,Nashville United Soccer Academy (NUSA Next),Charlotte Independence Soccer Club,,
U14,Southeast,34286,2027-03-21T17:00Z,9687,5700,Huntsville City FC,Atlanta United,,
U14,Southeast,34292,2027-03-21T19:00Z,6258,6061,Wake FC,Queen City Mutiny FC,,
U14,Southeast,34430,2027-03-27,7155,9652,Carolina Core FC,Charlotte Independence Soccer Club,,
U14,Southeast,34432,2027-03-27,8866,6258,Chattanooga FC,Wake FC,,
U14,Southeast,34434,2027-03-27,5754,5836,KSA,Nashville United Soccer Academy (NUSA Next),,
U14,Southeast,34436,2027-03-27T13:00Z,6144,6013,Lanier Soccer Association,Inter Atlanta FC,,
U14,Southeast,34442,2027-03-27T13:00Z,6320,6099,Southern Soccer Academy,AFC Lightning,,
U14,Southeast,34706,2027-04-03,7155,8866,Carolina Core FC,Chattanooga FC,,
U14,Southeast,34709,2027-04-03,6273,5754,Triangle United Soccer Association,KSA,,
U14,Southeast,35558,2027-04-03T15:00Z,6258,5700,Wake FC,Atlanta United,,
U14,Southeast,34861,2027-04-04,7155,5754,Carolina Core FC,KSA,,
U14,Southeast,34865,2027-04-04,9687,5836,Huntsville City FC,Nashville United Soccer Academy (NUSA Next),,
U14,Southeast,34870,2027-04-04,6061,8866,Queen City Mutiny FC,Chattanooga FC,,
U14,Southeast,34872,2027-04-04,6273,5700,Triangle United Soccer Association,Atlanta United,,
U14,Southeast,34859,2027-04-04T15:00Z,6099,6144,AFC Lightning,Lanier Soccer Association,,
U14,Southeast,34864,2027-04-04T15:00Z,5871,6013,Hoover-Vestavia Soccer,Inter Atlanta FC,,
U14,Southeast,35126,2027-04-10,6013,6144,Inter Atlanta FC,Lanier Soccer Association,,
U14,Southeast,35127,2027-04-10,5754,6258,KSA,Wake FC,,
U14,Southeast,35132,2027-04-10,6273,9687,Triangle United Soccer Association,Huntsville City FC,,
U14,Southeast,29118,2027-04-10T13:00Z,7155,9687,Carolina Core FC,Huntsville City FC,,
U14,Southeast,35124,2027-04-10T15:00Z,6099,5700,AFC Lightning,Atlanta United,,
U14,Southeast,35128,2027-04-10T18:00Z,5836,5871,Nashville United Soccer Academy (NUSA Next),Hoover-Vestavia Soccer,,
U14,Southeast,35275,2027-04-11,5754,9652,KSA,Charlotte Independence Soccer Club,,
U14,Southeast,35280,2027-04-11,6061,7155,Queen City Mutiny FC,Carolina Core FC,,
U14,Southeast,28015,2027-04-11T15:00Z,5871,6258,Hoover-Vestavia Soccer,Wake FC,,
U14,Southeast,35552,2027-04-17,7155,6099,Carolina Core FC,AFC Lightning,,
U14,Southeast,35553,2027-04-17,8866,9687,Chattanooga FC,Huntsville City FC,,
U14,Southeast,35563,2027-04-17T17:00Z,6144,6273,Lanier Soccer Association,Triangle United Soccer Association,,
U14,Southeast,35748,2027-04-18,7155,5700,Carolina Core FC,Atlanta United,,
U14,Southeast,35751,2027-04-18,5754,5871,KSA,Hoover-Vestavia Soccer,,
U14,Southeast,35752,2027-04-18T13:00Z,6144,5836,Lanier Soccer Association,Nashville United Soccer Academy (NUSA Next),,
U14,Southeast,35754,2027-04-18T13:00Z,6320,6013,Southern Soccer Academy,Inter Atlanta FC,,
U14,Southeast,35756,2027-04-18T15:00Z,6258,6099,Wake FC,AFC Lightning,,
U14,Southeast,35749,2027-04-18T17:00Z,9652,6061,Charlotte Independence Soccer Club,Queen City Mutiny FC,,
U14,Southeast,36062,2027-04-24,9687,6258,Huntsville City FC,Wake FC,,
U14,Southeast,35995,2027-04-24T13:00Z,6099,9652,AFC Lightning,Charlotte Independence Soccer Club,,
U14,Southeast,35997,2027-04-24T16:00Z,5871,6061,Hoover-Vestavia Soccer,Queen City Mutiny FC,,
U14,Southeast,36063,2027-04-24T18:00Z,5836,6320,Nashville United Soccer Academy (NUSA Next),Southern Soccer Academy,,
U14,Southeast,36162,2027-04-25,9687,6320,Huntsville City FC,Southern Soccer Academy,,
U14,Southeast,36226,2027-04-25,6013,5754,Inter Atlanta FC,KSA,,
U14,Southeast,36227,2027-04-25T13:00Z,6144,6061,Lanier Soccer Association,Queen City Mutiny FC,,
U14,Southeast,31996,2027-05-01,9687,6099,Huntsville City FC,AFC Lightning,,
U14,Southeast,36403,2027-05-01,5754,5700,KSA,Atlanta United,,
U14,Southeast,36509,2027-05-02T13:00Z,6320,5700,Southern Soccer Academy,Atlanta United,,
U14,Southeast,36535,2027-05-08,8866,5836,Chattanooga FC,Nashville United Soccer Academy (NUSA Next),,
U14,Southeast,36536,2027-05-08,9687,5754,Huntsville City FC,KSA,,
U14,Southeast,36537,2027-05-08,6013,5700,Inter Atlanta FC,Atlanta United,,
U14,Southeast,36541,2027-05-08,6061,6320,Queen City Mutiny FC,Southern Soccer Academy,,
U14,Southeast,36534,2027-05-08T17:00Z,9652,6273,Charlotte Independence Soccer Club,Triangle United Soccer Association,,
U14,Southeast,36504,2027-05-08T19:00Z,6099,5871,AFC Lightning,Hoover-Vestavia Soccer,,
U14,Southeast,36546,2027-05-08T19:00Z,6258,6144,Wake FC,Lanier Soccer Association,,
U14,Southeast,36799,2027-05-15,6013,8866,Inter Atlanta FC,Chattanooga FC,,
U14,Southeast,36845,2027-05-15,6061,5836,Queen City Mutiny FC,Nashville United Soccer Academy (NUSA Next),,
U14,Southeast,36800,2027-05-15T13:00Z,6144,9687,Lanier Soccer Association,Huntsville City FC,,
U14,Southeast,36846,2027-05-15T17:00Z,6258,5871,Wake FC,Hoover-Vestavia Soccer,,
U14,Southeast,36918,2027-05-16,5754,6320,KSA,Southern Soccer Academy,,
U14,Southeast,36920,2027-05-16,6061,5700,Queen City Mutiny FC,Atlanta United,,
U14,Southeast,36919,2027-05-16T13:00Z,6144,8866,Lanier Soccer Association,Chattanooga FC,,
U14,Southeast,36916,2027-05-16T17:00Z,9652,7155,Charlotte Independence Soccer Club,Carolina Core FC,,
U14,Southeast,26077,2027-06-08T15:00Z,5700,5754,Atlanta United,KSA,3,0
U14,Southeast,28112,2027-06-08T15:00Z,5871,5836,Hoover-Vestavia Soccer,Nashville United Soccer Academy (NUSA Next),,
U14,Southeast,27205,2027-06-08T21:00Z,6144,5871,Lanier Soccer Association,Hoover-Vestavia Soccer,,
U14,Southwest,26184,2026-09-05T16:00Z,5900,6266,LA Galaxy,Los Angeles Football Club,5,1
U14,Southwest,26360,2026-09-05T16:00Z,6292,6345,Santa Barbara Soccer Club,Los Angeles Sports Club,0,2
U14,Southwest,26176,2026-09-05T17:45Z,6056,6193,City SC - San Diego,RSL Arizona Mesa,13,1
U14,Southwest,26174,2026-09-05T18:00Z,5668,5801,Chula Vista FC,Las Vegas Sports Academy,6,2
U14,Southwest,26178,2026-09-05T18:00Z,6166,6172,FC Golden State Force,SC Del Sol,5,3
U14,Southwest,26188,2026-09-05T18:00Z,11116,6010,San Diego FC,RSL Arizona,3,4
U14,Southwest,26348,2026-09-06T16:00Z,6283,5801,ALBION SC San Diego,Las Vegas Sports Academy,1,3
U14,Southwest,26354,2026-09-06T16:00Z,5900,6046,LA Galaxy,Strikers FC,1,1
U14,Southwest,26352,2026-09-06T18:00Z,6056,5778,City SC - San Diego,Albion SC Las Vegas,5,1
U14,Southwest,26362,2026-09-06T18:00Z,5816,6093,Total Futbol Academy,SoCal Reds FC,1,0
U14,Southwest,26356,2026-09-06T23:30Z,6121,6328,Los Angeles Bulls Soccer Club,Ventura County Fusion,4,2
U14,Southwest,26574,2026-09-12T16:00Z,5900,6039,LA Galaxy,Albion SC Los Angeles,1,1
U14,Southwest,26576,2026-09-12T16:00Z,5801,5860,Las Vegas Sports Academy,Phoenix Rising FC,4,2
U14,Southwest,26572,2026-09-12T18:00Z,6166,5816,FC Golden State Force,Total Futbol Academy,2,2
U14,Southwest,26578,2026-09-12T23:45Z,6328,6093,Ventura County Fusion,SoCal Reds FC,0,3
U14,Southwest,26790,2026-09-13T01:30Z,5853,11116,City SC Southwest,San Diego FC,0,7
U14,Southwest,26792,2026-09-13T16:00Z,5900,6292,LA Galaxy,Santa Barbara Soccer Club,6,0
U14,Southwest,26782,2026-09-13T18:00Z,5778,5860,Albion SC Las Vegas,Phoenix Rising FC,2,0
U14,Southwest,26784,2026-09-13T18:00Z,6056,5954,City SC - San Diego,LA Surf Soccer Club,3,3
U14,Southwest,26794,2026-09-13T18:00Z,6266,6010,Los Angeles Football Club,RSL Arizona,1,5
U14,Southwest,26797,2026-09-13T18:00Z,6345,6193,Los Angeles Sports Club,RSL Arizona Mesa,10,0
U14,Southwest,26803,2026-09-13T18:00Z,6046,6121,Strikers FC,Los Angeles Bulls Soccer Club,7,0
U14,Southwest,27050,2026-09-19T17:30Z,5954,6283,LA Surf Soccer Club,ALBION SC San Diego,6,1
U14,Southwest,27038,2026-09-19T17:45Z,5853,6121,City SC Southwest,Los Angeles Bulls Soccer Club,0,1
U14,Southwest,27044,2026-09-19T18:00Z,6166,5860,FC Golden State Force,Phoenix Rising FC,4,0
U14,Southwest,27056,2026-09-19T18:00Z,6010,6056,RSL Arizona,City SC - San Diego,2,1
U14,Southwest,27058,2026-09-19T18:00Z,11116,6292,San Diego FC,Santa Barbara Soccer Club,2,0
U14,Southwest,27034,2026-09-19T20:00Z,5778,6172,Albion SC Las Vegas,SC Del Sol,3,3
U14,Southwest,27036,2026-09-19T20:00Z,6039,5816,Albion SC Los Angeles,Total Futbol Academy,1,3
U14,Southwest,27223,2026-09-20T15:30Z,5853,6046,City SC Southwest,Strikers FC,0,2
U14,Southwest,27217,2026-09-20T16:00Z,5668,6292,Chula Vista FC,Santa Barbara Soccer Club,4,3
U14,Southwest,27235,2026-09-20T16:00Z,5801,6172,Las Vegas Sports Academy,SC Del Sol,4,2
U14,Southwest,27229,2026-09-20T18:00Z,6166,6283,FC Golden State Force,ALBION SC San Diego,0,0
U14,Southwest,27237,2026-09-20T18:00Z,5954,5860,LA Surf Soccer Club,Phoenix Rising FC,6,1
U14,Southwest,27243,2026-09-20T18:00Z,6193,6056,RSL Arizona Mesa,City SC - San Diego,0,5
U14,Southwest,27247,2026-09-20T18:00Z,6093,6266,SoCal Reds FC,Los Angeles Football Club,4,3
U14,Southwest,27469,2026-09-26T15:30Z,6121,6172,Los Angeles Bulls Soccer Club,SC Del Sol,2,3
U14,Southwest,27475,2026-09-26T16:00Z,5900,6266,LA Galaxy,Los Angeles Football Club,3,3
U14,Southwest,27477,2026-09-26T17:45Z,5954,11116,LA Surf Soccer Club,San Diego FC,3,7
U14,Southwest,27457,2026-09-26T18:00Z,5778,6056,Albion SC Las Vegas,City SC - San Diego,1,0
U14,Southwest,27479,2026-09-26T18:00Z,6010,6345,RSL Arizona,Los Angeles Sports Club,4,0
U14,Southwest,27485,2026-09-26T18:00Z,6093,5853,SoCal Reds FC,City SC Southwest,3,2
U14,Southwest,27491,2026-09-26T18:00Z,6046,6193,Strikers FC,RSL Arizona Mesa,10,0
U14,Southwest,27661,2026-09-27T15:00Z,5860,6345,Phoenix Rising FC,Los Angeles Sports Club,1,3
U14,Southwest,27649,2026-09-27T15:30Z,6121,6193,Los Angeles Bulls Soccer Club,RSL Arizona Mesa,7,0
U14,Southwest,27641,2026-09-27T16:00Z,6283,6328,ALBION SC San Diego,Ventura County Fusion,9,0
U14,Southwest,27635,2026-09-27T18:00Z,5778,6039,Albion SC Las Vegas,Albion SC Los Angeles,3,1
U14,Southwest,27667,2026-09-27T18:00Z,6292,5900,Santa Barbara Soccer Club,LA Galaxy,0,3
U14,Southwest,27669,2026-09-27T18:00Z,6093,6172,SoCal Reds FC,SC Del Sol,1,1
U14,Southwest,27677,2026-09-27T18:00Z,5816,6166,Total Futbol Academy,FC Golden State Force,0,1
U14,Southwest,27647,2026-09-27T20:00Z,5801,6056,Las Vegas Sports Academy,City SC - San Diego,0,6
U14,Southwest,27655,2026-09-28T01:15Z,5954,5853,LA Surf Soccer Club,City SC Southwest,4,0
U14,Southwest,27908,2026-10-03T16:00Z,6283,6046,ALBION SC San Diego,Strikers FC,,
U14,Southwest,27918,2026-10-03T18:00Z,5860,5778,Phoenix Rising FC,Albion SC Las Vegas,,
U14,Southwest,27924,2026-10-03T18:00Z,5816,5954,Total Futbol Academy,LA Surf Soccer Club,,
U14,Southwest,28459,2026-10-03T18:00Z,11116,5801,San Diego FC,Las Vegas Sports Academy,,
U14,Southwest,29150,2026-10-03T18:00Z,6266,6328,Los Angeles Football Club,Ventura County Fusion,,
U14,Southwest,27914,2026-10-03T20:00Z,5853,6010,City SC Southwest,RSL Arizona,,
U14,Southwest,28135,2026-10-03T20:00Z,6039,6292,Albion SC Los Angeles,Santa Barbara Soccer Club,,
U14,Southwest,27916,2026-10-04T00:00Z,6345,6093,Los Angeles Sports Club,SoCal Reds FC,,
U14,Southwest,28143,2026-10-04T17:45Z,6056,6010,City SC - San Diego,RSL Arizona,,
U14,Southwest,28137,2026-10-04T18:00Z,5668,6046,Chula Vista FC,Strikers FC,,
U14,Southwest,28149,2026-10-04T18:00Z,6266,6121,Los Angeles Football Club,Los Angeles Bulls Soccer Club,,
U14,Southwest,28151,2026-10-04T18:00Z,6193,5778,RSL Arizona Mesa,Albion SC Las Vegas,,
U14,Southwest,28209,2026-10-10T20:00Z,6266,5900,Los Angeles Football Club,LA Galaxy,,
U14,Southwest,26186,2026-10-10T23:45Z,5954,6039,LA Surf Soccer Club,Albion SC Los Angeles,,
U14,Southwest,28231,2026-10-11T16:00Z,5900,6039,LA Galaxy,Albion SC Los Angeles,,
U14,Southwest,27463,2026-10-11T17:45Z,5668,6328,Chula Vista FC,Ventura County Fusion,,
U14,Southwest,28443,2026-10-17T16:00Z,5900,6283,LA Galaxy,ALBION SC San Diego,,
U14,Southwest,28461,2026-10-17T16:00Z,6292,6056,Santa Barbara Soccer Club,City SC - San Diego,,
U14,Southwest,28445,2026-10-17T18:00Z,6266,6093,Los Angeles Football Club,SoCal Reds FC,,
U14,Southwest,28447,2026-10-17T18:00Z,6345,6172,Los Angeles Sports Club,SC Del Sol,,
U14,Southwest,28453,2026-10-17T18:00Z,5954,6010,LA Surf Soccer Club,RSL Arizona,,
U14,Southwest,28467,2026-10-17T18:00Z,6046,5778,Strikers FC,Albion SC Las Vegas,,
U14,Southwest,28473,2026-10-17T18:00Z,5816,5668,Total Futbol Academy,Chula Vista FC,,
U14,Southwest,28676,2026-10-17T18:00Z,6193,5860,RSL Arizona Mesa,Phoenix Rising FC,,
U14,Southwest,28670,2026-10-18T11:45Z,5954,5668,LA Surf Soccer Club,Chula Vista FC,,
U14,Southwest,28660,2026-10-18T17:30Z,5853,5801,City SC Southwest,Las Vegas Sports Academy,,
U14,Southwest,28662,2026-10-18T18:00Z,6166,6121,FC Golden State Force,Los Angeles Bulls Soccer Club,,
U14,Southwest,28664,2026-10-18T18:00Z,6345,5778,Los Angeles Sports Club,Albion SC Las Vegas,,
U14,Southwest,28678,2026-10-18T18:00Z,6292,6172,Santa Barbara Soccer Club,SC Del Sol,,
U14,Southwest,28684,2026-10-18T18:00Z,6046,6010,Strikers FC,RSL Arizona,,
U14,Southwest,28690,2026-10-18T18:00Z,5816,6283,Total Futbol Academy,ALBION SC San Diego,,
U14,Southwest,28658,2026-10-18T22:00Z,6039,6328,Albion SC Los Angeles,Ventura County Fusion,,
U14,Southwest,28957,2026-10-24T16:00Z,5801,6166,Las Vegas Sports Academy,FC Golden State Force,,
U14,Southwest,28969,2026-10-24T18:00Z,6292,6266,Santa Barbara Soccer Club,Los Angeles Football Club,,
U14,Southwest,29146,2026-10-24T18:00Z,11116,6056,San Diego FC,City SC - San Diego,,
U14,Southwest,28965,2026-10-24T19:00Z,6345,5900,Los Angeles Sports Club,LA Galaxy,,
U14,Southwest,28972,2026-10-24T20:00Z,6093,5954,SoCal Reds FC,LA Surf Soccer Club,,
U14,Southwest,28967,2026-10-24T21:00Z,6172,6283,SC Del Sol,ALBION SC San Diego,,
U14,Southwest,28963,2026-10-24T23:30Z,6121,6039,Los Angeles Bulls Soccer Club,Albion SC Los Angeles,,
U14,Southwest,29138,2026-10-25T18:00Z,5778,6166,Albion SC Las Vegas,FC Golden State Force,,
U14,Southwest,29148,2026-10-25T18:00Z,6046,5816,Strikers FC,Total Futbol Academy,,
U14,Southwest,29144,2026-10-25T20:00Z,5860,6283,Phoenix Rising FC,ALBION SC San Diego,,
U14,Southwest,29364,2026-10-31T16:00Z,5801,5668,Las Vegas Sports Academy,Chula Vista FC,,
U14,Southwest,29376,2026-10-31T17:30Z,6193,5853,RSL Arizona Mesa,City SC Southwest,,
U14,Southwest,29372,2026-10-31T17:45Z,5954,6292,LA Surf Soccer Club,Santa Barbara Soccer Club,,
U14,Southwest,29370,2026-10-31T18:00Z,6266,6046,Los Angeles Football Club,Strikers FC,,
U14,Southwest,29374,2026-10-31T20:30Z,6010,11116,RSL Arizona,San Diego FC,,
U14,Southwest,29378,2026-10-31T21:00Z,6172,6328,SC Del Sol,Ventura County Fusion,,
U14,Southwest,29520,2026-11-01T17:00Z,5778,5668,Albion SC Las Vegas,Chula Vista FC,,
U14,Southwest,29524,2026-11-01T17:00Z,5860,6328,Phoenix Rising FC,Ventura County Fusion,,
U14,Southwest,29532,2026-11-01T18:00Z,6172,5853,SC Del Sol,City SC Southwest,,
U14,Southwest,29522,2026-11-01T19:00Z,6166,6039,FC Golden State Force,Albion SC Los Angeles,,
U14,Southwest,29530,2026-11-01T19:00Z,6193,11116,RSL Arizona Mesa,San Diego FC,,
U14,Southwest,29540,2026-11-01T19:00Z,5816,6121,Total Futbol Academy,Los Angeles Bulls Soccer Club,,
U14,Southwest,29534,2026-11-02T01:00Z,6093,6345,SoCal Reds FC,Los Angeles Sports Club,,
U14,Southwest,29766,2026-11-07T17:00Z,6283,6010,ALBION SC San Diego,RSL Arizona,,
U14,Southwest,29768,2026-11-07T17:00Z,5900,5853,LA Galaxy,City SC Southwest,,
U14,Southwest,29776,2026-11-07T19:00Z,6266,6166,Los Angeles Football Club,FC Golden State Force,,
U14,Southwest,29778,2026-11-07T19:00Z,11116,6093,San Diego FC,SoCal Reds FC,,
U14,Southwest,29780,2026-11-07T19:00Z,6292,5801,Santa Barbara Soccer Club,Las Vegas Sports Academy,,
U14,Southwest,29786,2026-11-07T19:00Z,5816,5860,Total Futbol Academy,Phoenix Rising FC,,
U14,Southwest,29792,2026-11-07T19:00Z,6328,6193,Ventura County Fusion,RSL Arizona Mesa,,
U14,Southwest,29948,2026-11-07T21:00Z,6039,6046,Albion SC Los Angeles,Strikers FC,,
U14,Southwest,29770,2026-11-07T23:25Z,6121,5778,Los Angeles Bulls Soccer Club,Albion SC Las Vegas,,
U14,Southwest,29956,2026-11-08T16:30Z,6121,5860,Los Angeles Bulls Soccer Club,Phoenix Rising FC,,
U14,Southwest,26350,2026-11-08T18:45Z,5668,6010,Chula Vista FC,RSL Arizona,,
U14,Southwest,29950,2026-11-08T19:00Z,6056,6093,City SC - San Diego,SoCal Reds FC,,
U14,Southwest,29964,2026-11-08T19:00Z,6292,6193,Santa Barbara Soccer Club,RSL Arizona Mesa,,
U14,Southwest,29976,2026-11-08T19:00Z,6328,5801,Ventura County Fusion,Las Vegas Sports Academy,,
U14,Southwest,29970,2026-11-08T21:00Z,5816,5853,Total Futbol Academy,City SC Southwest,,
U14,Southwest,29962,2026-11-09T01:00Z,6345,5954,Los Angeles Sports Club,LA Surf Soccer Club,,
U14,Southwest,30226,2026-11-14T19:00Z,5668,5778,Chula Vista FC,Albion SC Las Vegas,,
U14,Southwest,30234,2026-11-14T19:00Z,5900,5816,LA Galaxy,Total Futbol Academy,,
U14,Southwest,30236,2026-11-14T19:00Z,6010,5801,RSL Arizona,Las Vegas Sports Academy,,
U14,Southwest,30238,2026-11-14T19:00Z,11116,6345,San Diego FC,Los Angeles Sports Club,,
U14,Southwest,30246,2026-11-14T19:00Z,6046,6266,Strikers FC,Los Angeles Football Club,,
U14,Southwest,30232,2026-11-14T21:15Z,6056,5860,City SC - San Diego,Phoenix Rising FC,,
U14,Southwest,30240,2026-11-14T22:00Z,6093,6283,SoCal Reds FC,ALBION SC San Diego,,
U14,Southwest,30436,2026-11-15T18:00Z,6172,5801,SC Del Sol,Las Vegas Sports Academy,,
U14,Southwest,30427,2026-11-15T18:30Z,5853,6345,City SC Southwest,Los Angeles Sports Club,,
U14,Southwest,30446,2026-11-15T18:45Z,6328,6121,Ventura County Fusion,Los Angeles Bulls Soccer Club,,
U14,Southwest,30433,2026-11-15T19:00Z,5954,6266,LA Surf Soccer Club,Los Angeles Football Club,,
U14,Southwest,30444,2026-11-15T19:00Z,6292,6166,Santa Barbara Soccer Club,FC Golden State Force,,
U14,Southwest,30421,2026-11-15T23:00Z,6039,6283,Albion SC Los Angeles,ALBION SC San Diego,,
U14,Southwest,30457,2026-11-19T03:15Z,6283,11116,ALBION SC San Diego,San Diego FC,,
U14,Southwest,30726,2026-11-21T17:00Z,5801,5954,Las Vegas Sports Academy,LA Surf Soccer Club,,
U14,Southwest,30736,2026-11-21T18:30Z,5860,5900,Phoenix Rising FC,LA Galaxy,,
U14,Southwest,30442,2026-11-21T19:00Z,11116,5778,San Diego FC,Albion SC Las Vegas,,
U14,Southwest,30720,2026-11-21T19:00Z,5853,6172,City SC Southwest,SC Del Sol,,
U14,Southwest,30734,2026-11-21T19:00Z,6266,6345,Los Angeles Football Club,Los Angeles Sports Club,,
U14,Southwest,30738,2026-11-21T19:00Z,6010,5668,RSL Arizona,Chula Vista FC,,
U14,Southwest,30744,2026-11-21T19:00Z,6193,6093,RSL Arizona Mesa,SoCal Reds FC,,
U14,Southwest,30714,2026-11-21T21:00Z,5778,6283,Albion SC Las Vegas,ALBION SC San Diego,,
U14,Southwest,30732,2026-11-22T00:30Z,6121,6292,Los Angeles Bulls Soccer Club,Santa Barbara Soccer Club,,
U14,Southwest,30746,2026-11-22T19:00Z,6046,6166,Strikers FC,FC Golden State Force,,
U14,Southwest,30898,2026-11-22T19:00Z,5778,5954,Albion SC Las Vegas,LA Surf Soccer Club,,
U14,Southwest,30904,2026-11-22T19:00Z,6056,6172,City SC - San Diego,SC Del Sol,,
U14,Southwest,30906,2026-11-22T19:00Z,5801,6283,Las Vegas Sports Academy,ALBION SC San Diego,,
U14,Southwest,30912,2026-11-22T19:00Z,6266,6039,Los Angeles Football Club,Albion SC Los Angeles,,
U14,Southwest,30914,2026-11-22T19:00Z,5860,5668,Phoenix Rising FC,Chula Vista FC,,
U14,Southwest,30916,2026-11-22T19:00Z,6010,6093,RSL Arizona,SoCal Reds FC,,
U14,Southwest,30922,2026-11-22T19:00Z,6193,5900,RSL Arizona Mesa,LA Galaxy,,
U14,Southwest,30924,2026-11-22T19:00Z,5816,6328,Total Futbol Academy,Ventura County Fusion,,
U14,Southwest,31009,2027-01-09,6039,6345,Albion SC Los Angeles,Los Angeles Sports Club,,
U14,Southwest,31011,2027-01-09,5900,11116,LA Galaxy,San Diego FC,,
U14,Southwest,31028,2027-01-10,6166,6292,FC Golden State Force,Santa Barbara Soccer Club,,
U14,Southwest,31040,2027-01-10,5816,6046,Total Futbol Academy,Strikers FC,,
U14,Southwest,31046,2027-01-10,6328,5900,Ventura County Fusion,LA Galaxy,,
U14,Southwest,31124,2027-01-16,5778,5853,Albion SC Las Vegas,City SC Southwest,,
U14,Southwest,31130,2027-01-16,5900,6093,LA Galaxy,SoCal Reds FC,,
U14,Southwest,31134,2027-01-16,6266,5668,Los Angeles Football Club,Chula Vista FC,,
U14,Southwest,31137,2027-01-16,5954,6046,LA Surf Soccer Club,Strikers FC,,
U14,Southwest,31139,2027-01-16,5860,6039,Phoenix Rising FC,Albion SC Los Angeles,,
U14,Southwest,31145,2027-01-16,6193,6166,RSL Arizona Mesa,FC Golden State Force,,
U14,Southwest,31147,2027-01-16,6172,6056,SC Del Sol,City SC - San Diego,,
U14,Southwest,31132,2027-01-16T18:00Z,5801,11116,Las Vegas Sports Academy,San Diego FC,,
U14,Southwest,31174,2027-01-17,5778,11116,Albion SC Las Vegas,San Diego FC,,
U14,Southwest,31180,2027-01-17,5900,6121,LA Galaxy,Los Angeles Bulls Soccer Club,,
U14,Southwest,31188,2027-01-17,6266,6283,Los Angeles Football Club,ALBION SC San Diego,,
U14,Southwest,31191,2027-01-17,6345,6328,Los Angeles Sports Club,Ventura County Fusion,,
U14,Southwest,31197,2027-01-17,5860,6056,Phoenix Rising FC,City SC - San Diego,,
U14,Southwest,31203,2027-01-17,6010,6166,RSL Arizona,FC Golden State Force,,
U14,Southwest,31209,2027-01-17,6193,6039,RSL Arizona Mesa,Albion SC Los Angeles,,
U14,Southwest,31211,2027-01-17,6292,5816,Santa Barbara Soccer Club,Total Futbol Academy,,
U14,Southwest,31034,2027-01-17T12:45Z,5954,6093,LA Surf Soccer Club,SoCal Reds FC,,
U14,Southwest,31337,2027-01-23,6266,5900,Los Angeles Football Club,LA Galaxy,,
U14,Southwest,31339,2027-01-23,6010,6292,RSL Arizona,Santa Barbara Soccer Club,,
U14,Southwest,31345,2027-01-23,6193,5954,RSL Arizona Mesa,LA Surf Soccer Club,,
U14,Southwest,31347,2027-01-23,6172,5668,SC Del Sol,Chula Vista FC,,
U14,Southwest,31349,2027-01-23T19:00Z,11116,6283,San Diego FC,ALBION SC San Diego,,
U14,Southwest,31375,2027-01-24,6166,6328,FC Golden State Force,Ventura County Fusion,,
U14,Southwest,31381,2027-01-24,5860,6292,Phoenix Rising FC,Santa Barbara Soccer Club,,
U14,Southwest,31387,2027-01-24,6193,5668,RSL Arizona Mesa,Chula Vista FC,,
U14,Southwest,31389,2027-01-24,6172,5954,SC Del Sol,LA Surf Soccer Club,,
U14,Southwest,31395,2027-01-24,6093,6121,SoCal Reds FC,Los Angeles Bulls Soccer Club,,
U14,Southwest,31397,2027-01-24,6046,6345,Strikers FC,Los Angeles Sports Club,,
U14,Southwest,31399,2027-01-24,5816,6039,Total Futbol Academy,Albion SC Los Angeles,,
U14,Southwest,31182,2027-01-24T19:00Z,5801,5853,Las Vegas Sports Academy,City SC Southwest,,
U14,Southwest,31515,2027-01-30,6283,5778,ALBION SC San Diego,Albion SC Las Vegas,,
U14,Southwest,31521,2027-01-30,6039,5801,Albion SC Los Angeles,Las Vegas Sports Academy,,
U14,Southwest,31527,2027-01-30,6166,5954,FC Golden State Force,LA Surf Soccer Club,,
U14,Southwest,31529,2027-01-30,6266,11116,Los Angeles Football Club,San Diego FC,,
U14,Southwest,31531,2027-01-30,6345,5816,Los Angeles Sports Club,Total Futbol Academy,,
U14,Southwest,31533,2027-01-30,6046,6056,Strikers FC,City SC - San Diego,,
U14,Southwest,31539,2027-01-30,6328,6010,Ventura County Fusion,RSL Arizona,,
U14,Southwest,31567,2027-01-31,6283,6193,ALBION SC San Diego,RSL Arizona Mesa,,
U14,Southwest,31569,2027-01-31,6039,6010,Albion SC Los Angeles,RSL Arizona,,
U14,Southwest,31575,2027-01-31,5853,5778,City SC Southwest,Albion SC Las Vegas,,
U14,Southwest,31581,2027-01-31,6121,6056,Los Angeles Bulls Soccer Club,City SC - San Diego,,
U14,Southwest,31587,2027-01-31,6172,5900,SC Del Sol,LA Galaxy,,
U14,Southwest,31589,2027-01-31,6292,6093,Santa Barbara Soccer Club,SoCal Reds FC,,
U14,Southwest,31591,2027-01-31,6046,5801,Strikers FC,Las Vegas Sports Academy,,
U14,Southwest,31597,2027-01-31,6328,11116,Ventura County Fusion,San Diego FC,,
U14,Southwest,31708,2027-02-06,5900,6166,LA Galaxy,FC Golden State Force,,
U14,Southwest,31710,2027-02-06,6266,5860,Los Angeles Football Club,Phoenix Rising FC,,
U14,Southwest,31713,2027-02-06,6010,6172,RSL Arizona,SC Del Sol,,
U14,Southwest,31715,2027-02-06,6093,5668,SoCal Reds FC,Chula Vista FC,,
U14,Southwest,31721,2027-02-06,6046,6292,Strikers FC,Santa Barbara Soccer Club,,
U14,Southwest,31761,2027-02-06T19:00Z,11116,5853,San Diego FC,City SC Southwest,,
U14,Southwest,31743,2027-02-07,6283,6056,ALBION SC San Diego,City SC - San Diego,,
U14,Southwest,31745,2027-02-07,5900,5668,LA Galaxy,Chula Vista FC,,
U14,Southwest,31747,2027-02-07,6121,5816,Los Angeles Bulls Soccer Club,Total Futbol Academy,,
U14,Southwest,31753,2027-02-07,6345,6039,Los Angeles Sports Club,Albion SC Los Angeles,,
U14,Southwest,31759,2027-02-07,5954,6328,LA Surf Soccer Club,Ventura County Fusion,,
U14,Southwest,31763,2027-02-07,6093,5860,SoCal Reds FC,Phoenix Rising FC,,
U14,Southwest,31920,2027-02-13,6039,6266,Albion SC Los Angeles,Los Angeles Football Club,,
U14,Southwest,31923,2027-02-13,5668,6283,Chula Vista FC,ALBION SC San Diego,,
U14,Southwest,31925,2027-02-13,6056,5853,City SC - San Diego,City SC Southwest,,
U14,Southwest,31929,2027-02-13,6345,6166,Los Angeles Sports Club,FC Golden State Force,,
U14,Southwest,31931,2027-02-13,5954,6121,LA Surf Soccer Club,Los Angeles Bulls Soccer Club,,
U14,Southwest,31933,2027-02-13,6010,6193,RSL Arizona,RSL Arizona Mesa,,
U14,Southwest,31935,2027-02-13,6172,5860,SC Del Sol,Phoenix Rising FC,,
U14,Southwest,31937,2027-02-13,6093,6046,SoCal Reds FC,Strikers FC,,
U14,Southwest,31939,2027-02-13,5816,5900,Total Futbol Academy,LA Galaxy,,
U14,Southwest,31941,2027-02-13,6328,6292,Ventura County Fusion,Santa Barbara Soccer Club,,
U14,Southwest,27060,2027-02-14,6328,6345,Ventura County Fusion,Los Angeles Sports Club,,
U14,Southwest,32281,2027-02-20,6283,6345,ALBION SC San Diego,Los Angeles Sports Club,,
U14,Southwest,32287,2027-02-20,5900,6010,LA Galaxy,RSL Arizona,,
U14,Southwest,32289,2027-02-20,6121,6166,Los Angeles Bulls Soccer Club,FC Golden State Force,,
U14,Southwest,32295,2027-02-20,6266,6292,Los Angeles Football Club,Santa Barbara Soccer Club,,
U14,Southwest,32297,2027-02-20,5860,11116,Phoenix Rising FC,San Diego FC,,
U14,Southwest,32299,2027-02-20,6172,6039,SC Del Sol,Albion SC Los Angeles,,
U14,Southwest,32305,2027-02-20,6046,5954,Strikers FC,LA Surf Soccer Club,,
U14,Southwest,32468,2027-02-21,5668,6345,Chula Vista FC,Los Angeles Sports Club,,
U14,Southwest,32474,2027-02-21,6266,5853,Los Angeles Football Club,City SC Southwest,,
U14,Southwest,32477,2027-02-21,6172,11116,SC Del Sol,San Diego FC,,
U14,Southwest,32479,2027-02-21,6093,6328,SoCal Reds FC,Ventura County Fusion,,
U14,Southwest,32485,2027-02-21,5816,6010,Total Futbol Academy,RSL Arizona,,
U14,Southwest,31927,2027-02-21T17:00Z,5801,5778,Las Vegas Sports Academy,Albion SC Las Vegas,,
U14,Southwest,32722,2027-02-27,6056,6266,City SC - San Diego,Los Angeles Football Club,,
U14,Southwest,32725,2027-02-27,5853,5668,City SC Southwest,Chula Vista FC,,
U14,Southwest,32727,2027-02-27,5900,6328,LA Galaxy,Ventura County Fusion,,
U14,Southwest,32729,2027-02-27T19:00Z,5801,6193,Las Vegas Sports Academy,RSL Arizona Mesa,,
U14,Southwest,32894,2027-02-28,5778,6193,Albion SC Las Vegas,RSL Arizona Mesa,,
U14,Southwest,32900,2027-02-28,6283,6172,ALBION SC San Diego,SC Del Sol,,
U14,Southwest,32906,2027-02-28,6166,6046,FC Golden State Force,Strikers FC,,
U14,Southwest,32912,2027-02-28,5900,5954,LA Galaxy,LA Surf Soccer Club,,
U14,Southwest,32914,2027-02-28,6121,6093,Los Angeles Bulls Soccer Club,SoCal Reds FC,,
U14,Southwest,32920,2027-02-28,6292,6039,Santa Barbara Soccer Club,Albion SC Los Angeles,,
U14,Southwest,32926,2027-02-28,5816,6345,Total Futbol Academy,Los Angeles Sports Club,,
U14,Southwest,33152,2027-03-06,5900,5801,LA Galaxy,Las Vegas Sports Academy,,
U14,Southwest,33154,2027-03-06,6345,6056,Los Angeles Sports Club,City SC - San Diego,,
U14,Southwest,33160,2027-03-06,6010,5853,RSL Arizona,City SC Southwest,,
U14,Southwest,33166,2027-03-06,6328,6046,Ventura County Fusion,Strikers FC,,
U14,Southwest,33318,2027-03-07,6039,6121,Albion SC Los Angeles,Los Angeles Bulls Soccer Club,,
U14,Southwest,33324,2027-03-07,5668,11116,Chula Vista FC,San Diego FC,,
U14,Southwest,33326,2027-03-07,6266,5816,Los Angeles Football Club,Total Futbol Academy,,
U14,Southwest,33328,2027-03-07,6345,5801,Los Angeles Sports Club,Las Vegas Sports Academy,,
U14,Southwest,33334,2027-03-07,5954,6166,LA Surf Soccer Club,FC Golden State Force,,
U14,Southwest,33340,2027-03-07,5860,5853,Phoenix Rising FC,City SC Southwest,,
U14,Southwest,33342,2027-03-07,6193,6172,RSL Arizona Mesa,SC Del Sol,,
U14,Southwest,33344,2027-03-07,6292,6046,Santa Barbara Soccer Club,Strikers FC,,
U14,Southwest,33352,2027-03-07,6328,6056,Ventura County Fusion,City SC - San Diego,,
U14,Southwest,33547,2027-03-13,6039,5668,Albion SC Los Angeles,Chula Vista FC,,
U14,Southwest,33553,2027-03-13,6056,5801,City SC - San Diego,Las Vegas Sports Academy,,
U14,Southwest,33559,2027-03-13,6166,5853,FC Golden State Force,City SC Southwest,,
U14,Southwest,33565,2027-03-13,6266,6328,Los Angeles Football Club,Ventura County Fusion,,
U14,Southwest,33567,2027-03-13,6010,6121,RSL Arizona,Los Angeles Bulls Soccer Club,,
U14,Southwest,33573,2027-03-13,6172,5778,SC Del Sol,Albion SC Las Vegas,,
U14,Southwest,33581,2027-03-13,6046,6093,Strikers FC,SoCal Reds FC,,
U14,Southwest,33587,2027-03-13,5816,6292,Total Futbol Academy,Santa Barbara Soccer Club,,
U14,Southwest,33579,2027-03-13T19:00Z,11116,5860,San Diego FC,Phoenix Rising FC,,
U14,Southwest,33745,2027-03-14,6283,5860,ALBION SC San Diego,Phoenix Rising FC,,
U14,Southwest,33751,2027-03-14,6039,5853,Albion SC Los Angeles,City SC Southwest,,
U14,Southwest,33757,2027-03-14,6166,5668,FC Golden State Force,Chula Vista FC,,
U14,Southwest,33763,2027-03-14,5900,6345,LA Galaxy,Los Angeles Sports Club,,
U14,Southwest,33765,2027-03-14,6266,5954,Los Angeles Football Club,LA Surf Soccer Club,,
U14,Southwest,33767,2027-03-14,6010,5778,RSL Arizona,Albion SC Las Vegas,,
U14,Southwest,33974,2027-03-20,5778,5816,Albion SC Las Vegas,Total Futbol Academy,,
U14,Southwest,33980,2027-03-20,5668,6056,Chula Vista FC,City SC - San Diego,,
U14,Southwest,33982,2027-03-20,5853,6283,City SC Southwest,ALBION SC San Diego,,
U14,Southwest,33984,2027-03-20,6166,6093,FC Golden State Force,SoCal Reds FC,,
U14,Southwest,33986,2027-03-20,5860,6010,Phoenix Rising FC,RSL Arizona,,
U14,Southwest,33988,2027-03-20,6172,6193,SC Del Sol,RSL Arizona Mesa,,
U14,Southwest,33994,2027-03-20,11116,5900,San Diego FC,LA Galaxy,,
U14,Southwest,34166,2027-03-21,5801,5816,Las Vegas Sports Academy,Total Futbol Academy,,
U14,Southwest,34172,2027-03-21,6121,6345,Los Angeles Bulls Soccer Club,Los Angeles Sports Club,,
U14,Southwest,34174,2027-03-21,11116,6266,San Diego FC,Los Angeles Football Club,,
U14,Southwest,34176,2027-03-21,6292,5954,Santa Barbara Soccer Club,LA Surf Soccer Club,,
U14,Southwest,34182,2027-03-21,6328,6039,Ventura County Fusion,Albion SC Los Angeles,,
U14,Southwest,34192,2027-03-25,6056,11116,City SC - San Diego,San Diego FC,,
U14,Southwest,34450,2027-03-27,5668,5853,Chula Vista FC,City SC Southwest,,
U14,Southwest,34456,2027-03-27,6056,6283,City SC - San Diego,ALBION SC San Diego,,
U14,Southwest,34462,2027-03-27,6166,5900,FC Golden State Force,LA Galaxy,,
U14,Southwest,34464,2027-03-27,6121,5954,Los Angeles Bulls Soccer Club,LA Surf Soccer Club,,
U14,Southwest,34470,2027-03-27,6345,6292,Los Angeles Sports Club,Santa Barbara Soccer Club,,
U14,Southwest,34476,2027-03-27,5860,6193,Phoenix Rising FC,RSL Arizona Mesa,,
U14,Southwest,34482,2027-03-27,6172,6010,SC Del Sol,RSL Arizona,,
U14,Southwest,34488,2027-03-27,6093,6039,SoCal Reds FC,Albion SC Los Angeles,,
U14,Southwest,34490,2027-03-27,6328,5816,Ventura County Fusion,Total Futbol Academy,,
U14,Southwest,28153,2027-03-28,6328,6166,Ventura County Fusion,FC Golden State Force,,
U14,Southwest,34711,2027-04-03,5778,6093,Albion SC Las Vegas,SoCal Reds FC,,
U14,Southwest,34717,2027-04-03,6283,6121,ALBION SC San Diego,Los Angeles Bulls Soccer Club,,
U14,Southwest,34727,2027-04-03,5668,5860,Chula Vista FC,Phoenix Rising FC,,
U14,Southwest,34733,2027-04-03,6056,6039,City SC - San Diego,Albion SC Los Angeles,,
U14,Southwest,34739,2027-04-03,5853,6292,City SC Southwest,Santa Barbara Soccer Club,,
U14,Southwest,34745,2027-04-03,5801,6010,Las Vegas Sports Academy,RSL Arizona,,
U14,Southwest,34751,2027-04-03,6193,5816,RSL Arizona Mesa,Total Futbol Academy,,
U14,Southwest,34753,2027-04-03,6172,6266,SC Del Sol,Los Angeles Football Club,,
U14,Southwest,34756,2027-04-03,6328,5954,Ventura County Fusion,LA Surf Soccer Club,,
U14,Southwest,34889,2027-04-04,5778,6010,Albion SC Las Vegas,RSL Arizona,,
U14,Southwest,34895,2027-04-04,6283,6292,ALBION SC San Diego,Santa Barbara Soccer Club,,
U14,Southwest,34902,2027-04-04,5668,6121,Chula Vista FC,Los Angeles Bulls Soccer Club,,
U14,Southwest,34908,2027-04-04,6056,6166,City SC - San Diego,FC Golden State Force,,
U14,Southwest,34914,2027-04-04,5853,5860,City SC Southwest,Phoenix Rising FC,,
U14,Southwest,34920,2027-04-04,5801,6093,Las Vegas Sports Academy,SoCal Reds FC,,
U14,Southwest,34926,2027-04-04,6345,6046,Los Angeles Sports Club,Strikers FC,,
U14,Southwest,34932,2027-04-04,6193,6266,RSL Arizona Mesa,Los Angeles Football Club,,
U14,Southwest,34934,2027-04-04,6172,5816,SC Del Sol,Total Futbol Academy,,
U14,Southwest,35135,2027-04-10,5860,5801,Phoenix Rising FC,Las Vegas Sports Academy,,
U14,Southwest,35141,2027-04-10,6328,5778,Ventura County Fusion,Albion SC Las Vegas,,
U14,Southwest,35292,2027-04-11,6283,5668,ALBION SC San Diego,Chula Vista FC,,
U14,Southwest,35298,2027-04-11,6039,6093,Albion SC Los Angeles,SoCal Reds FC,,
U14,Southwest,35308,2027-04-11,6166,6345,FC Golden State Force,Los Angeles Sports Club,,
U14,Southwest,35314,2027-04-11,6121,6046,Los Angeles Bulls Soccer Club,Strikers FC,,
U14,Southwest,35320,2027-04-11,5954,5900,LA Surf Soccer Club,LA Galaxy,,
U14,Southwest,35322,2027-04-11,6193,5801,RSL Arizona Mesa,Las Vegas Sports Academy,,
U14,Southwest,35324,2027-04-11,6292,5778,Santa Barbara Soccer Club,Albion SC Las Vegas,,
U14,Southwest,35330,2027-04-11,5816,6266,Total Futbol Academy,Los Angeles Football Club,,
U14,Southwest,35576,2027-04-17,5778,6266,Albion SC Las Vegas,Los Angeles Football Club,,
U14,Southwest,35579,2027-04-17,5668,6193,Chula Vista FC,RSL Arizona Mesa,,
U14,Southwest,35585,2027-04-17,6056,5816,City SC - San Diego,Total Futbol Academy,,
U14,Southwest,35591,2027-04-17,5853,6328,City SC Southwest,Ventura County Fusion,,
U14,Southwest,35597,2027-04-17,11116,6172,San Diego FC,SC Del Sol,,
U14,Southwest,35599,2027-04-17,6292,6121,Santa Barbara Soccer Club,Los Angeles Bulls Soccer Club,,
U14,Southwest,35605,2027-04-17,6093,6166,SoCal Reds FC,FC Golden State Force,,
U14,Southwest,35611,2027-04-17,6046,6039,Strikers FC,Albion SC Los Angeles,,
U14,Southwest,35766,2027-04-18,5668,6172,Chula Vista FC,SC Del Sol,,
U14,Southwest,35772,2027-04-18,6056,5900,City SC - San Diego,LA Galaxy,,
U14,Southwest,35774,2027-04-18,5853,6193,City SC Southwest,RSL Arizona Mesa,,
U14,Southwest,35780,2027-04-18,5801,6266,Las Vegas Sports Academy,Los Angeles Football Club,,
U14,Southwest,35783,2027-04-18,5954,6345,LA Surf Soccer Club,Los Angeles Sports Club,,
U14,Southwest,35789,2027-04-18,6010,5860,RSL Arizona,Phoenix Rising FC,,
U14,Southwest,35795,2027-04-18,11116,5816,San Diego FC,Total Futbol Academy,,
U14,Southwest,35999,2027-04-24,6166,6266,FC Golden State Force,Los Angeles Football Club,,
U14,Southwest,36002,2027-04-24,5860,6046,Phoenix Rising FC,Strikers FC,,
U14,Southwest,36008,2027-04-24,6010,6283,RSL Arizona,ALBION SC San Diego,,
U14,Southwest,36164,2027-04-25,5778,5801,Albion SC Las Vegas,Las Vegas Sports Academy,,
U14,Southwest,36170,2027-04-25,6039,5954,Albion SC Los Angeles,LA Surf Soccer Club,,
U14,Southwest,36180,2027-04-25,5853,6056,City SC Southwest,City SC - San Diego,,
U14,Southwest,36186,2027-04-25,6345,6121,Los Angeles Sports Club,Los Angeles Bulls Soccer Club,,
U14,Southwest,36192,2027-04-25,6193,6283,RSL Arizona Mesa,ALBION SC San Diego,,
U14,Southwest,36194,2027-04-25,6172,6046,SC Del Sol,Strikers FC,,
U14,Southwest,36200,2027-04-25,11116,5668,San Diego FC,Chula Vista FC,,
U14,Southwest,36202,2027-04-25,6292,6328,Santa Barbara Soccer Club,Ventura County Fusion,,
U14,Southwest,36208,2027-04-25,6093,5816,SoCal Reds FC,Total Futbol Academy,,
U14,Southwest,36235,2027-05-01,6039,11116,Albion SC Los Angeles,San Diego FC,,
U14,Southwest,36237,2027-05-01,6121,5900,Los Angeles Bulls Soccer Club,LA Galaxy,,
U14,Southwest,36256,2027-05-02,6166,11116,FC Golden State Force,San Diego FC,,
U14,Southwest,36258,2027-05-02,6046,5900,Strikers FC,LA Galaxy,,
U14,Southwest,26358,2027-05-08,11116,6193,San Diego FC,RSL Arizona Mesa,,
U14,Southwest,36549,2027-05-08,5778,5900,Albion SC Las Vegas,LA Galaxy,,
U14,Southwest,36551,2027-05-08,6283,5853,ALBION SC San Diego,City SC Southwest,,
U14,Southwest,36557,2027-05-08,6039,6166,Albion SC Los Angeles,FC Golden State Force,,
U14,Southwest,36567,2027-05-08,6056,5668,City SC - San Diego,Chula Vista FC,,
U14,Southwest,36573,2027-05-08,5801,6121,Las Vegas Sports Academy,Los Angeles Bulls Soccer Club,,
U14,Southwest,36579,2027-05-08,6345,6266,Los Angeles Sports Club,Los Angeles Football Club,,
U14,Southwest,36582,2027-05-08,5954,5816,LA Surf Soccer Club,Total Futbol Academy,,
U14,Southwest,36588,2027-05-08,5860,6172,Phoenix Rising FC,SC Del Sol,,
U14,Southwest,36594,2027-05-08,6193,6010,RSL Arizona Mesa,RSL Arizona,,
U14,Southwest,36596,2027-05-08,6093,6292,SoCal Reds FC,Santa Barbara Soccer Club,,
U14,Southwest,36602,2027-05-08,6046,6328,Strikers FC,Ventura County Fusion,,
U14,Southwest,31013,2027-05-15,6121,6266,Los Angeles Bulls Soccer Club,Los Angeles Football Club,,
U14,Southwest,33350,2027-05-15T18:00Z,6093,5900,SoCal Reds FC,LA Galaxy,,
U14,Southwest,27245,2027-06-08,11116,6121,San Diego FC,Los Angeles Bulls Soccer Club,,
U14,Southwest,27675,2027-06-08,6046,11116,Strikers FC,San Diego FC,,
U15,Florida,26013,2026-09-05T18:00Z,7199,6134,Orlando City Soccer School South,Tampa Bay United,4,2
U15,Florida,26025,2026-09-05T20:00Z,5750,10486,Sol SC Florida,One FC,0,2
U15,Florida,26420,2026-09-12T18:00Z,5845,5947,West Florida Flames,Athletum FC Academy,1,0
U15,Florida,27284,2026-09-26T17:00Z,5749,5970,South Florida Football Academy,Miami Futbol Academy Rush,1,3
U15,Florida,29585,2026-10-11T20:00Z,5750,5811,Sol SC Florida,Jacksonville FC,,
U15,Florida,28249,2026-10-17T16:30Z,5970,5750,Miami Futbol Academy Rush,Sol SC Florida,,
U15,Florida,28269,2026-10-17T17:00Z,5845,7238,West Florida Flames,IdeaSport SA,,
U15,Florida,29181,2026-10-31T18:00Z,5750,5784,Sol SC Florida,Seminole United,,
U15,Florida,29187,2026-11-01T18:00Z,6134,5811,Tampa Bay United,Jacksonville FC,,
U15,Florida,29567,2026-11-07T19:00Z,5947,6134,Athletum FC Academy,Tampa Bay United,,
U15,Florida,30030,2026-11-14T14:00Z,5845,6134,West Florida Flames,Tampa Bay United,,
U15,Florida,30012,2026-11-14T19:30Z,5811,5947,Jacksonville FC,Athletum FC Academy,,
U15,Florida,29597,2026-11-15T20:00Z,5712,5785,Weston FC,IMG,,
U15,Florida,30486,2026-11-21T20:00Z,7199,5811,Orlando City Soccer School South,Jacksonville FC,,
U15,Florida,30478,2026-11-21T21:30Z,10486,5784,One FC,Seminole United,,
U15,Florida,29591,2026-12-19T22:00Z,5749,7199,South Florida Football Academy,Orlando City Soccer School South,,
U15,Florida,30950,2027-01-09,5970,7199,Miami Futbol Academy Rush,Orlando City Soccer School South,,
U15,Florida,30960,2027-01-09,5749,7238,South Florida Football Academy,IdeaSport SA,,
U15,Florida,31050,2027-01-16,7238,5712,IdeaSport SA,Weston FC,,
U15,Florida,31056,2027-01-16,10486,5947,One FC,Athletum FC Academy,,
U15,Florida,31068,2027-01-16,5784,5970,Seminole United,Miami Futbol Academy Rush,,
U15,Florida,31418,2027-01-30T17:00Z,5785,5811,IMG,Jacksonville FC,,
U15,Florida,31614,2027-02-06,7238,6134,IdeaSport SA,Tampa Bay United,,
U15,Florida,31608,2027-02-06T17:00Z,5785,5784,IMG,Seminole United,,
U15,Florida,31620,2027-02-06T17:30Z,5811,10486,Jacksonville FC,One FC,,
U15,Florida,31632,2027-02-06T18:00Z,5845,5970,West Florida Flames,Miami Futbol Academy Rush,,
U15,Florida,34215,2027-02-07T21:00Z,7199,5712,Orlando City Soccer School South,Weston FC,,
U15,Florida,30024,2027-02-20T16:00Z,5784,7199,Seminole United,Orlando City Soccer School South,,
U15,Florida,32507,2027-02-27T16:00Z,5785,5845,IMG,West Florida Flames,,
U15,Florida,32947,2027-03-06,7238,7199,IdeaSport SA,Orlando City Soccer School South,,
U15,Florida,32955,2027-03-06,5970,5712,Miami Futbol Academy Rush,Weston FC,,
U15,Florida,32965,2027-03-06,6134,5749,Tampa Bay United,South Florida Football Academy,,
U15,Florida,32941,2027-03-06T19:00Z,5785,10486,IMG,One FC,,
U15,Florida,33374,2027-03-13,5947,5712,Athletum FC Academy,Weston FC,,
U15,Florida,33384,2027-03-13,10486,5970,One FC,Miami Futbol Academy Rush,,
U15,Florida,33398,2027-03-13,7238,5750,IdeaSport SA,Sol SC Florida,,
U15,Florida,33804,2027-03-20T16:00Z,5845,5750,West Florida Flames,Sol SC Florida,,
U15,Florida,33810,2027-03-20T17:00Z,5712,5749,Weston FC,South Florida Football Academy,,
U15,Florida,34221,2027-03-27,5750,5785,Sol SC Florida,IMG,,
U15,Florida,34501,2027-04-03,5947,5750,Athletum FC Academy,Sol SC Florida,,
U15,Florida,34507,2027-04-03,5785,5749,IMG,South Florida Football Academy,,
U15,Florida,34513,2027-04-03,5970,5811,Miami Futbol Academy Rush,Jacksonville FC,,
U15,Florida,34521,2027-04-03,5784,7238,Seminole United,IdeaSport SA,,
U15,Florida,34527,2027-04-03,6134,10486,Tampa Bay United,One FC,,
U15,Florida,34533,2027-04-03T19:00Z,5845,7199,West Florida Flames,Orlando City Soccer School South,,
U15,Florida,34947,2027-04-10,5947,7238,Athletum FC Academy,IdeaSport SA,,
U15,Florida,34953,2027-04-10,5784,5811,Seminole United,Jacksonville FC,,
U15,Florida,34959,2027-04-10,10486,5749,One FC,South Florida Football Academy,,
U15,Florida,34971,2027-04-10,5750,6134,Sol SC Florida,Tampa Bay United,,
U15,Florida,34965,2027-04-10T17:00Z,7199,5785,Orlando City Soccer School South,IMG,,
U15,Florida,34977,2027-04-10T19:00Z,5712,5845,Weston FC,West Florida Flames,,
U15,Florida,32106,2027-04-11T17:00Z,5749,5845,South Florida Football Academy,West Florida Flames,,
U15,Florida,35343,2027-04-17,5785,5947,IMG,Athletum FC Academy,,
U15,Florida,35349,2027-04-17,7238,5970,IdeaSport SA,Miami Futbol Academy Rush,,
U15,Florida,35361,2027-04-17,5749,5750,South Florida Football Academy,Sol SC Florida,,
U15,Florida,35367,2027-04-17,6134,5784,Tampa Bay United,Seminole United,,
U15,Florida,35355,2027-04-17T18:00Z,7199,10486,Orlando City Soccer School South,One FC,,
U15,Florida,35373,2027-04-17T18:00Z,5712,5811,Weston FC,Jacksonville FC,,
U15,Florida,35804,2027-04-24,5947,7199,Athletum FC Academy,Orlando City Soccer School South,,
U15,Florida,35810,2027-04-24,5811,5845,Jacksonville FC,West Florida Flames,,
U15,Florida,35816,2027-04-24,5970,5785,Miami Futbol Academy Rush,IMG,,
U15,Florida,35822,2027-04-24,10486,7238,One FC,IdeaSport SA,,
U15,Florida,35828,2027-04-24,5784,5749,Seminole United,South Florida Football Academy,,
U15,Florida,35834,2027-04-24,6134,5712,Tampa Bay United,Weston FC,,
U15,Florida,36270,2027-05-08,5947,5970,Athletum FC Academy,Miami Futbol Academy Rush,,
U15,Florida,36276,2027-05-08,5811,7238,Jacksonville FC,IdeaSport SA,,
U15,Florida,36292,2027-05-08,6134,5785,Tampa Bay United,IMG,,
U15,Florida,36282,2027-05-08T16:00Z,7199,5750,Orlando City Soccer School South,Sol SC Florida,,
U15,Florida,36298,2027-05-08T18:00Z,5712,10486,Weston FC,One FC,,
U15,Florida,36626,2027-05-15,7238,5785,IdeaSport SA,IMG,,
U15,Florida,36632,2027-05-15,5811,5749,Jacksonville FC,South Florida Football Academy,,
U15,Florida,36638,2027-05-15,5970,6134,Miami Futbol Academy Rush,Tampa Bay United,,
U15,Florida,36644,2027-05-15,10486,5845,One FC,West Florida Flames,,
U15,Florida,36650,2027-05-15,5784,5947,Seminole United,Athletum FC Academy,,
U15,Florida,36656,2027-05-15T16:00Z,5750,5712,Sol SC Florida,Weston FC,,
U15,Florida,29579,2027-06-08T16:00Z,5784,5845,Seminole United,West Florida Flames,,
U15,Florida,26031,2027-06-08T17:00Z,5749,5947,South Florida Football Academy,Athletum FC Academy,1,1
U15,Florida,26426,2027-06-08T19:00Z,5712,5784,Weston FC,Seminole United,,
U15,Frontier,30050,2026-09-05T17:00Z,6072,9665,Real Salt Lake,ALBION SC Colorado,5,1
U15,Frontier,26438,2026-09-12T19:00Z,6316,6339,Capital City SC,GFI Academy,2,0
U15,Frontier,26615,2026-09-13T15:00Z,6072,5925,Real Salt Lake,Houston Rangers,5,1
U15,Frontier,26864,2026-09-19T21:00Z,7150,6339,AC River,GFI Academy,0,4
U15,Frontier,27314,2026-09-26T16:00Z,6072,6154,Real Salt Lake,Dallas Hornets,0,0
U15,Frontier,27720,2026-10-03T16:00Z,9665,5925,ALBION SC Colorado,Houston Rangers,,
U15,Frontier,34017,2026-10-10T17:00Z,6316,8104,Capital City SC,Tulsa Greenwood SC,,
U15,Frontier,28275,2026-10-17T16:00Z,6154,10484,Dallas Hornets,SGA,,
U15,Frontier,28284,2026-10-17T17:00Z,6339,8104,GFI Academy,Tulsa Greenwood SC,,
U15,Frontier,28500,2026-10-18T14:00Z,6339,6072,GFI Academy,Real Salt Lake,,
U15,Frontier,33182,2026-10-18T18:00Z,9665,7150,ALBION SC Colorado,AC River,,
U15,Frontier,29010,2026-10-25T18:00Z,8104,9665,Tulsa Greenwood SC,ALBION SC Colorado,,
U15,Frontier,29210,2026-10-31T14:00Z,6154,5925,Dallas Hornets,Houston Rangers,,
U15,Frontier,29205,2026-10-31T15:00Z,7150,6072,AC River,Real Salt Lake,,
U15,Frontier,29216,2026-10-31T17:30Z,10484,6339,SGA,GFI Academy,,
U15,Frontier,29603,2026-11-07T21:30Z,9665,6154,ALBION SC Colorado,Dallas Hornets,,
U15,Frontier,29618,2026-11-07T22:00Z,5925,7150,Houston Rangers,AC River,,
U15,Frontier,30510,2026-11-21T16:00Z,6316,9665,Capital City SC,ALBION SC Colorado,,
U15,Frontier,31279,2027-01-23,5925,10484,Houston Rangers,SGA,,
U15,Frontier,31656,2027-02-06,8104,5925,Tulsa Greenwood SC,Houston Rangers,,
U15,Frontier,32977,2027-03-06,9665,10484,ALBION SC Colorado,SGA,,
U15,Frontier,33615,2027-03-14,6072,8104,Real Salt Lake,Tulsa Greenwood SC,,
U15,Frontier,33822,2027-03-20,6339,6154,GFI Academy,Dallas Hornets,,
U15,Frontier,34233,2027-03-27,6316,5925,Capital City SC,Houston Rangers,,
U15,Frontier,34551,2027-04-03,8104,10484,Tulsa Greenwood SC,SGA,,
U15,Frontier,34539,2027-04-03T15:00Z,7150,6316,AC River,Capital City SC,,
U15,Frontier,34983,2027-04-10,6154,7150,Dallas Hornets,AC River,,
U15,Frontier,35379,2027-04-17,10484,6072,SGA,Real Salt Lake,,
U15,Frontier,34023,2027-04-17T18:00Z,6339,9665,GFI Academy,ALBION SC Colorado,,
U15,Frontier,35627,2027-04-18,6316,6072,Capital City SC,Real Salt Lake,,
U15,Frontier,35841,2027-04-24,5925,6339,Houston Rangers,GFI Academy,,
U15,Frontier,35847,2027-04-24,10484,7150,SGA,AC River,,
U15,Frontier,35853,2027-04-24,8104,6154,Tulsa Greenwood SC,Dallas Hornets,,
U15,Frontier,36020,2027-04-25,10484,6316,SGA,Capital City SC,,
U15,Frontier,36304,2027-05-01T19:00Z,7150,8104,AC River,Tulsa Greenwood SC,,
U15,Frontier,36310,2027-05-08,6154,6316,Dallas Hornets,Capital City SC,,
U15,Mid-America,26037,2026-09-05T20:00Z,7206,7164,Bavarian United SC,Hoosier Premier,3,2
U15,Mid-America,32557,2026-09-05T21:00Z,6242,7268,Chicago FC United,Cincinnati United Soccer Club,5,0
U15,Mid-America,26214,2026-09-06T14:00Z,6216,7164,SC Wave,Hoosier Premier,2,2
U15,Mid-America,32765,2026-09-06T15:00Z,6035,7268,Sockers FC Chicago,Cincinnati United Soccer Club,1,0
U15,Mid-America,32130,2026-09-06T18:00Z,6254,6002,Midwest United FC,Vardar Soccer Club,2,2
U15,Mid-America,26457,2026-09-12T19:00Z,9659,6216,AC Grand Rapids,SC Wave,2,1
U15,Mid-America,26626,2026-09-13T17:00Z,6254,6216,Midwest United FC,SC Wave,3,1
U15,Mid-America,27330,2026-09-26T18:00Z,5990,6002,St. Louis Scott Gallagher,Vardar Soccer Club,2,2
U15,Mid-America,27334,2026-09-26T21:00Z,7164,10499,Hoosier Premier,Club Ohio,3,2
U15,Mid-America,27319,2026-09-26T22:00Z,6242,5997,Chicago FC United,Michigan Jaguars,2,1
U15,Mid-America,27516,2026-09-27T19:00Z,6226,6002,Lou Fusz Athletic,Vardar Soccer Club,1,0
U15,Mid-America,27752,2026-10-03T13:00Z,5696,6074,Michigan Wolves,Shattuck-St. Mary's,,
U15,Mid-America,27758,2026-10-03T15:00Z,6035,9659,Sockers FC Chicago,AC Grand Rapids,,
U15,Mid-America,34249,2026-10-04T14:00Z,7268,6074,Cincinnati United Soccer Club,Shattuck-St. Mary's,,
U15,Mid-America,27971,2026-10-04T18:00Z,6242,9659,Chicago FC United,AC Grand Rapids,,
U15,Mid-America,28176,2026-10-10T16:15Z,6074,6226,Shattuck-St. Mary's,Lou Fusz Athletic,,
U15,Mid-America,28219,2026-10-11T16:15Z,6074,6114,Shattuck-St. Mary's,Indy Eleven,,
U15,Mid-America,28301,2026-10-17T16:00Z,5696,7268,Michigan Wolves,Cincinnati United Soccer Club,,
U15,Mid-America,28293,2026-10-17T20:00Z,7206,6035,Bavarian United SC,Sockers FC Chicago,,
U15,Mid-America,28509,2026-10-18T16:00Z,7206,5997,Bavarian United SC,Michigan Jaguars,,
U15,Mid-America,28522,2026-10-18T19:00Z,6002,6114,Vardar Soccer Club,Indy Eleven,,
U15,Mid-America,28783,2026-10-24T13:30Z,7268,6226,Cincinnati United Soccer Club,Lou Fusz Athletic,,
U15,Mid-America,29040,2026-10-24T18:00Z,6216,5696,SC Wave,Michigan Wolves,,
U15,Mid-America,28797,2026-10-24T19:30Z,6114,6242,Indy Eleven,Chicago FC United,,
U15,Mid-America,28789,2026-10-24T19:45Z,10499,5997,Club Ohio,Michigan Jaguars,,
U15,Mid-America,29016,2026-10-25T13:30Z,7268,7206,Cincinnati United Soccer Club,Bavarian United SC,,
U15,Mid-America,29022,2026-10-25T13:45Z,10499,6226,Club Ohio,Lou Fusz Athletic,,
U15,Mid-America,29028,2026-10-25T17:00Z,7164,6242,Hoosier Premier,Chicago FC United,,
U15,Mid-America,29046,2026-10-25T18:00Z,5990,9659,St. Louis Scott Gallagher,AC Grand Rapids,,
U15,Mid-America,29034,2026-10-25T19:30Z,6114,6254,Indy Eleven,Midwest United FC,,
U15,Mid-America,29222,2026-10-31T19:30Z,6114,7268,Indy Eleven,Cincinnati United Soccer Club,,
U15,Mid-America,29624,2026-11-07T15:00Z,7268,6002,Cincinnati United Soccer Club,Vardar Soccer Club,,
U15,Mid-America,29634,2026-11-07T15:00Z,6074,6242,Shattuck-St. Mary's,Chicago FC United,,
U15,Mid-America,32136,2026-11-07T22:00Z,6216,10499,SC Wave,Club Ohio,,
U15,Mid-America,29839,2026-11-08T19:00Z,5990,6035,St. Louis Scott Gallagher,Sockers FC Chicago,,
U15,Mid-America,32331,2026-11-08T20:00Z,7206,10499,Bavarian United SC,Club Ohio,,
U15,Mid-America,30063,2026-11-14T16:00Z,5997,6216,Michigan Jaguars,SC Wave,,
U15,Mid-America,30055,2026-11-14T18:45Z,10499,6035,Club Ohio,Sockers FC Chicago,,
U15,Mid-America,30069,2026-11-14T19:00Z,5990,7206,St. Louis Scott Gallagher,Bavarian United SC,,
U15,Mid-America,30292,2026-11-15T16:00Z,6002,6216,Vardar Soccer Club,SC Wave,,
U15,Mid-America,30277,2026-11-15T18:45Z,10499,6242,Club Ohio,Chicago FC United,,
U15,Mid-America,30549,2026-11-21T16:00Z,6035,6074,Sockers FC Chicago,Shattuck-St. Mary's,,
U15,Mid-America,30537,2026-11-21T19:00Z,9659,10499,AC Grand Rapids,Club Ohio,,
U15,Mid-America,30545,2026-11-21T19:00Z,6254,5696,Midwest United FC,Michigan Wolves,,
U15,Mid-America,30531,2026-11-21T20:00Z,6226,7206,Lou Fusz Athletic,Bavarian United SC,,
U15,Mid-America,30781,2026-11-22T19:00Z,7164,6002,Hoosier Premier,Vardar Soccer Club,,
U15,Mid-America,32144,2027-02-20T17:00Z,5990,5696,St. Louis Scott Gallagher,Michigan Wolves,,
U15,Mid-America,34779,2027-02-20T21:45Z,6074,6254,Shattuck-St. Mary's,Midwest United FC,,
U15,Mid-America,32339,2027-02-21,5997,6254,Michigan Jaguars,Midwest United FC,,
U15,Mid-America,32566,2027-02-27,9659,5997,AC Grand Rapids,Michigan Jaguars,,
U15,Mid-America,32756,2027-02-28,6242,6226,Chicago FC United,Lou Fusz Athletic,,
U15,Mid-America,33003,2027-03-06,10499,6254,Club Ohio,Midwest United FC,,
U15,Mid-America,33009,2027-03-06,6114,7164,Indy Eleven,Hoosier Premier,,
U15,Mid-America,33194,2027-03-07,7164,9659,Hoosier Premier,AC Grand Rapids,,
U15,Mid-America,33202,2027-03-07,6226,5990,Lou Fusz Athletic,St. Louis Scott Gallagher,,
U15,Mid-America,29833,2027-03-07T21:00Z,5696,10499,Michigan Wolves,Club Ohio,,
U15,Mid-America,33425,2027-03-13,9659,6114,AC Grand Rapids,Indy Eleven,,
U15,Mid-America,33847,2027-03-20,6226,6216,Lou Fusz Athletic,SC Wave,,
U15,Mid-America,33853,2027-03-20,9659,5696,AC Grand Rapids,Michigan Wolves,,
U15,Mid-America,33857,2027-03-20T14:00Z,5990,6074,St. Louis Scott Gallagher,Shattuck-St. Mary's,,
U15,Mid-America,33841,2027-03-20T17:15Z,6114,5997,Indy Eleven,Michigan Jaguars,,
U15,Mid-America,35007,2027-03-20T20:00Z,6254,7164,Midwest United FC,Hoosier Premier,,
U15,Mid-America,34029,2027-03-21,6242,6254,Chicago FC United,Midwest United FC,,
U15,Mid-America,34257,2027-03-27,9659,6226,AC Grand Rapids,Lou Fusz Athletic,,
U15,Mid-America,34263,2027-03-27,5997,6035,Michigan Jaguars,Sockers FC Chicago,,
U15,Mid-America,34557,2027-04-03,6242,7206,Chicago FC United,Bavarian United SC,,
U15,Mid-America,34563,2027-04-03,6226,7164,Lou Fusz Athletic,Hoosier Premier,,
U15,Mid-America,34569,2027-04-03,5997,7268,Michigan Jaguars,Cincinnati United Soccer Club,,
U15,Mid-America,34579,2027-04-03,6035,5696,Sockers FC Chicago,Michigan Wolves,,
U15,Mid-America,34769,2027-04-04,6242,5990,Chicago FC United,St. Louis Scott Gallagher,,
U15,Mid-America,34775,2027-04-04,6226,6114,Lou Fusz Athletic,Indy Eleven,,
U15,Mid-America,34785,2027-04-04,6035,6002,Sockers FC Chicago,Vardar Soccer Club,,
U15,Mid-America,34245,2027-04-04T20:00Z,7206,6216,Bavarian United SC,SC Wave,,
U15,Mid-America,35001,2027-04-10,5696,6114,Michigan Wolves,Indy Eleven,,
U15,Mid-America,34993,2027-04-10T20:00Z,7206,6074,Bavarian United SC,Shattuck-St. Mary's,,
U15,Mid-America,35159,2027-04-11,10499,7268,Club Ohio,Cincinnati United Soccer Club,,
U15,Mid-America,35165,2027-04-11,5997,5696,Michigan Jaguars,Michigan Wolves,,
U15,Mid-America,35171,2027-04-11,6254,9659,Midwest United FC,AC Grand Rapids,,
U15,Mid-America,35177,2027-04-11,6216,6035,SC Wave,Sockers FC Chicago,,
U15,Mid-America,35384,2027-04-17,7268,6216,Cincinnati United Soccer Club,SC Wave,,
U15,Mid-America,35390,2027-04-17,7164,5990,Hoosier Premier,St. Louis Scott Gallagher,,
U15,Mid-America,35396,2027-04-17,6114,6035,Indy Eleven,Sockers FC Chicago,,
U15,Mid-America,35402,2027-04-17,6226,5997,Lou Fusz Athletic,Michigan Jaguars,,
U15,Mid-America,35408,2027-04-17,5696,7206,Michigan Wolves,Bavarian United SC,,
U15,Mid-America,35415,2027-04-17,6002,6242,Vardar Soccer Club,Chicago FC United,,
U15,Mid-America,34573,2027-04-17T16:15Z,6074,9659,Shattuck-St. Mary's,AC Grand Rapids,,
U15,Mid-America,35632,2027-04-18,7164,6035,Hoosier Premier,Sockers FC Chicago,,
U15,Mid-America,35644,2027-04-18,6226,6254,Lou Fusz Athletic,Midwest United FC,,
U15,Mid-America,35650,2027-04-18,5696,6242,Michigan Wolves,Chicago FC United,,
U15,Mid-America,35661,2027-04-18,6002,7206,Vardar Soccer Club,Bavarian United SC,,
U15,Mid-America,35654,2027-04-18T16:15Z,6074,10499,Shattuck-St. Mary's,Club Ohio,,
U15,Mid-America,35638,2027-04-18T19:30Z,6114,5990,Indy Eleven,St. Louis Scott Gallagher,,
U15,Mid-America,35859,2027-04-24,7268,9659,Cincinnati United Soccer Club,AC Grand Rapids,,
U15,Mid-America,35865,2027-04-24,5997,7164,Michigan Jaguars,Hoosier Premier,,
U15,Mid-America,35870,2027-04-24,6002,6074,Vardar Soccer Club,Shattuck-St. Mary's,,
U15,Mid-America,36052,2027-04-24T18:00Z,6216,5990,SC Wave,St. Louis Scott Gallagher,,
U15,Mid-America,36028,2027-04-25,7268,6254,Cincinnati United Soccer Club,Midwest United FC,,
U15,Mid-America,36034,2027-04-25,10499,6114,Club Ohio,Indy Eleven,,
U15,Mid-America,36040,2027-04-25,5997,6074,Michigan Jaguars,Shattuck-St. Mary's,,
U15,Mid-America,36046,2027-04-25,5696,6002,Michigan Wolves,Vardar Soccer Club,,
U15,Mid-America,36058,2027-04-25,6035,6242,Sockers FC Chicago,Chicago FC United,,
U15,Mid-America,36323,2027-05-08,7268,7164,Cincinnati United Soccer Club,Hoosier Premier,,
U15,Mid-America,36329,2027-05-08,9659,7206,AC Grand Rapids,Bavarian United SC,,
U15,Mid-America,36335,2027-05-08,5997,5990,Michigan Jaguars,St. Louis Scott Gallagher,,
U15,Mid-America,36341,2027-05-08,5696,6226,Michigan Wolves,Lou Fusz Athletic,,
U15,Mid-America,36347,2027-05-08,6254,6035,Midwest United FC,Sockers FC Chicago,,
U15,Mid-America,36351,2027-05-08,6216,6074,SC Wave,Shattuck-St. Mary's,,
U15,Mid-America,36359,2027-05-08,6002,10499,Vardar Soccer Club,Club Ohio,,
U15,Mid-America,34269,2027-05-09T16:00Z,6254,5990,Midwest United FC,St. Louis Scott Gallagher,,
U15,Mid-America,36668,2027-05-15,7164,5696,Hoosier Premier,Michigan Wolves,,
U15,Mid-America,36674,2027-05-15,6216,6242,SC Wave,Chicago FC United,,
U15,Mid-America,36687,2027-05-15,6002,5997,Vardar Soccer Club,Michigan Jaguars,,
U15,Mid-America,36681,2027-05-15T18:00Z,5990,7268,St. Louis Scott Gallagher,Cincinnati United Soccer Club,,
U15,Mid-America,36662,2027-05-15T20:00Z,7206,6114,Bavarian United SC,Indy Eleven,,
U15,Mid-America,36816,2027-05-16,7164,6074,Hoosier Premier,Shattuck-St. Mary's,,
U15,Mid-America,36822,2027-05-16,6216,6114,SC Wave,Indy Eleven,,
U15,Mid-America,36828,2027-05-16,6035,6226,Sockers FC Chicago,Lou Fusz Athletic,,
U15,Mid-America,36841,2027-05-16,6002,9659,Vardar Soccer Club,AC Grand Rapids,,
U15,Mid-America,36812,2027-05-16T18:00Z,7206,6254,Bavarian United SC,Midwest United FC,,
U15,Mid-America,36835,2027-05-16T18:00Z,5990,10499,St. Louis Scott Gallagher,Club Ohio,,
U15,Mid-Atlantic,26086,2026-09-05T18:00Z,7170,7245,Keystone FC,Beadling SC,0,1
U15,Mid-Atlantic,26314,2026-09-06T16:00Z,7170,6082,Keystone FC,Alexandria SA,3,0
U15,Mid-Atlantic,26318,2026-09-06T16:00Z,10463,7245,Penn Rising XI,Beadling SC,2,1
U15,Mid-Atlantic,26566,2026-09-12T20:00Z,6236,6140,Baltimore Armour,Players Development Academy,0,2
U15,Mid-Atlantic,27024,2026-09-19T15:30Z,9706,5878,Achilles FC,Cedar Stars Academy Monmouth,5,0
U15,Mid-Atlantic,27135,2026-09-19T16:00Z,6088,5678,Sporting Athletic Club,FC DELCO,2,0
U15,Mid-Atlantic,27025,2026-09-19T18:00Z,10491,5889,Coppermine SC,PA Classics,3,3
U15,Mid-Atlantic,27344,2026-09-20T15:00Z,10491,5678,Coppermine SC,FC DELCO,0,3
U15,Mid-Atlantic,28133,2026-09-20T15:00Z,9647,10463,The Football Academy,Penn Rising XI,2,2
U15,Mid-Atlantic,27351,2026-09-20T18:00Z,6088,5878,Sporting Athletic Club,Cedar Stars Academy Monmouth,2,0
U15,Mid-Atlantic,34293,2026-09-27T14:00Z,6082,6088,Alexandria SA,Sporting Athletic Club,1,3
U15,Mid-Atlantic,28122,2026-10-03T13:00Z,7245,5889,Beadling SC,PA Classics,,
U15,Mid-Atlantic,28022,2026-10-03T18:00Z,6140,9706,Players Development Academy,Achilles FC,,
U15,Mid-Atlantic,32004,2026-10-03T20:00Z,6236,7170,Baltimore Armour,Keystone FC,,
U15,Mid-Atlantic,28019,2026-10-03T21:00Z,5678,6180,FC DELCO,Bethesda SC,,
U15,Mid-Atlantic,28038,2026-10-03T22:00Z,6082,10491,Alexandria SA,Coppermine SC,,
U15,Mid-Atlantic,28130,2026-10-04T13:30Z,5663,9706,Real Futbol Academy,Achilles FC,,
U15,Mid-Atlantic,28121,2026-10-04T16:00Z,6236,9671,Baltimore Armour,Northern Virginia Alliance,,
U15,Mid-Atlantic,28132,2026-10-04T18:00Z,6160,6088,Springfield SYC,Sporting Athletic Club,,
U15,Mid-Atlantic,26266,2026-10-10T14:00Z,5678,9671,FC DELCO,Northern Virginia Alliance,,
U15,Mid-Atlantic,28559,2026-10-17T13:00Z,7245,9706,Beadling SC,Achilles FC,,
U15,Mid-Atlantic,28822,2026-10-17T16:00Z,6088,7170,Sporting Athletic Club,Keystone FC,,
U15,Mid-Atlantic,28563,2026-10-17T18:00Z,5889,5878,PA Classics,Cedar Stars Academy Monmouth,,
U15,Mid-Atlantic,28565,2026-10-17T18:00Z,5663,6236,Real Futbol Academy,Baltimore Armour,,
U15,Mid-Atlantic,28819,2026-10-18T14:00Z,6140,9647,Players Development Academy,The Football Academy,,
U15,Mid-Atlantic,28820,2026-10-18T15:00Z,5663,6180,Real Futbol Academy,Bethesda SC,,
U15,Mid-Atlantic,28564,2026-10-18T17:00Z,10463,5678,Penn Rising XI,FC DELCO,,
U15,Mid-Atlantic,29058,2026-10-24T13:00Z,9671,6140,Northern Virginia Alliance,Players Development Academy,,
U15,Mid-Atlantic,29266,2026-10-25T13:00Z,9671,10463,Northern Virginia Alliance,Penn Rising XI,,
U15,Mid-Atlantic,29263,2026-10-25T14:00Z,6082,6140,Alexandria SA,Players Development Academy,,
U15,Mid-Atlantic,29447,2026-10-31T17:00Z,5878,9671,Cedar Stars Academy Monmouth,Northern Virginia Alliance,,
U15,Mid-Atlantic,29743,2026-11-01T14:30Z,5663,9671,Real Futbol Academy,Northern Virginia Alliance,,
U15,Mid-Atlantic,29748,2026-11-01T17:00Z,6160,10491,Springfield SYC,Coppermine SC,,
U15,Mid-Atlantic,29920,2026-11-07T18:00Z,6180,9647,Bethesda SC,The Football Academy,,
U15,Mid-Atlantic,34297,2026-11-07T19:00Z,7170,9671,Keystone FC,Northern Virginia Alliance,,
U15,Mid-Atlantic,30195,2026-11-08T14:00Z,5678,9706,FC DELCO,Achilles FC,,
U15,Mid-Atlantic,30197,2026-11-08T15:00Z,7170,5663,Keystone FC,Real Futbol Academy,,
U15,Mid-Atlantic,30191,2026-11-08T18:00Z,6180,10463,Bethesda SC,Penn Rising XI,,
U15,Mid-Atlantic,30200,2026-11-08T19:00Z,6160,5889,Springfield SYC,PA Classics,,
U15,Mid-Atlantic,32719,2026-11-15T14:00Z,7245,6088,Beadling SC,Sporting Athletic Club,,
U15,Mid-Atlantic,30353,2026-11-15T16:30Z,9647,6236,The Football Academy,Baltimore Armour,,
U15,Mid-Atlantic,30572,2026-11-15T20:00Z,5678,6236,FC DELCO,Baltimore Armour,,
U15,Mid-Atlantic,30316,2026-11-15T23:00Z,5878,7170,Cedar Stars Academy Monmouth,Keystone FC,,
U15,Mid-Atlantic,30888,2026-11-20T23:00Z,6180,6160,Bethesda SC,Springfield SYC,,
U15,Mid-Atlantic,30808,2026-11-21T19:00Z,10491,6236,Coppermine SC,Baltimore Armour,,
U15,Mid-Atlantic,30887,2026-11-22T14:00Z,7245,5878,Beadling SC,Cedar Stars Academy Monmouth,,
U15,Mid-Atlantic,30895,2026-11-22T20:00Z,5889,9647,PA Classics,The Football Academy,,
U15,Mid-Atlantic,32014,2027-02-13,6160,9671,Springfield SYC,Northern Virginia Alliance,,
U15,Mid-Atlantic,32365,2027-02-20,6180,6082,Bethesda SC,Alexandria SA,,
U15,Mid-Atlantic,32368,2027-02-20,7170,10491,Keystone FC,Coppermine SC,,
U15,Mid-Atlantic,32459,2027-02-21,5878,6140,Cedar Stars Academy Monmouth,Players Development Academy,,
U15,Mid-Atlantic,32462,2027-02-21,10463,10491,Penn Rising XI,Coppermine SC,,
U15,Mid-Atlantic,32464,2027-02-21,5663,5889,Real Futbol Academy,PA Classics,,
U15,Mid-Atlantic,32466,2027-02-21T15:00Z,6088,9671,Sporting Athletic Club,Northern Virginia Alliance,,
U15,Mid-Atlantic,32718,2027-02-27,9706,9647,Achilles FC,The Football Academy,,
U15,Mid-Atlantic,32874,2027-02-28,10491,6180,Coppermine SC,Bethesda SC,,
U15,Mid-Atlantic,32876,2027-02-28,5889,6236,PA Classics,Baltimore Armour,,
U15,Mid-Atlantic,33142,2027-03-06,6082,5678,Alexandria SA,FC DELCO,,
U15,Mid-Atlantic,33147,2027-03-06,6140,10491,Players Development Academy,Coppermine SC,,
U15,Mid-Atlantic,33148,2027-03-06,6160,5663,Springfield SYC,Real Futbol Academy,,
U15,Mid-Atlantic,33149,2027-03-06,9647,7245,The Football Academy,Beadling SC,,
U15,Mid-Atlantic,33313,2027-03-07,6082,5663,Alexandria SA,Real Futbol Academy,,
U15,Mid-Atlantic,33314,2027-03-07,5878,6180,Cedar Stars Academy Monmouth,Bethesda SC,,
U15,Mid-Atlantic,33442,2027-03-07,6140,7245,Players Development Academy,Beadling SC,,
U15,Mid-Atlantic,33450,2027-03-07,6160,5678,Springfield SYC,FC DELCO,,
U15,Mid-Atlantic,33451,2027-03-07,9647,10491,The Football Academy,Coppermine SC,,
U15,Mid-Atlantic,33445,2027-03-13,6180,7245,Bethesda SC,Beadling SC,,
U15,Mid-Atlantic,33723,2027-03-13,5678,5889,FC DELCO,PA Classics,,
U15,Mid-Atlantic,33725,2027-03-13T17:00Z,6088,9706,Sporting Athletic Club,Achilles FC,,
U15,Mid-Atlantic,33940,2027-03-14,6236,6082,Baltimore Armour,Alexandria SA,,
U15,Mid-Atlantic,33942,2027-03-14,5878,10463,Cedar Stars Academy Monmouth,Penn Rising XI,,
U15,Mid-Atlantic,33947,2027-03-14,5663,9647,Real Futbol Academy,The Football Academy,,
U15,Mid-Atlantic,33946,2027-03-14T16:00Z,6140,7170,Players Development Academy,Keystone FC,,
U15,Mid-Atlantic,34082,2027-03-20,5678,5878,FC DELCO,Cedar Stars Academy Monmouth,,
U15,Mid-Atlantic,34085,2027-03-20,7170,6160,Keystone FC,Springfield SYC,,
U15,Mid-Atlantic,34132,2027-03-20,5889,6140,PA Classics,Players Development Academy,,
U15,Mid-Atlantic,34294,2027-03-21,7245,5663,Beadling SC,Real Futbol Academy,,
U15,Mid-Atlantic,34299,2027-03-21,10463,6160,Penn Rising XI,Springfield SYC,,
U15,Mid-Atlantic,34590,2027-03-27,5889,9706,PA Classics,Achilles FC,,
U15,Mid-Atlantic,34591,2027-03-27,6140,10463,Players Development Academy,Penn Rising XI,,
U15,Mid-Atlantic,34593,2027-03-27,5663,5678,Real Futbol Academy,FC DELCO,,
U15,Mid-Atlantic,34596,2027-03-27,6160,6082,Springfield SYC,Alexandria SA,,
U15,Mid-Atlantic,34595,2027-03-27T16:00Z,6088,6180,Sporting Athletic Club,Bethesda SC,,
U15,Mid-Atlantic,34445,2027-03-27T18:00Z,7245,6236,Beadling SC,Baltimore Armour,,
U15,Mid-Atlantic,34792,2027-04-03,9647,6082,The Football Academy,Alexandria SA,,
U15,Mid-Atlantic,34589,2027-04-03T18:00Z,9671,10491,Northern Virginia Alliance,Coppermine SC,,
U15,Mid-Atlantic,34791,2027-04-03T20:00Z,6140,6088,Players Development Academy,Sporting Athletic Club,,
U15,Mid-Atlantic,34874,2027-04-04,6236,6180,Baltimore Armour,Bethesda SC,,
U15,Mid-Atlantic,34876,2027-04-04,5878,6082,Cedar Stars Academy Monmouth,Alexandria SA,,
U15,Mid-Atlantic,34878,2027-04-04,10491,9706,Coppermine SC,Achilles FC,,
U15,Mid-Atlantic,34882,2027-04-04,5889,7170,PA Classics,Keystone FC,,
U15,Mid-Atlantic,34885,2027-04-04,9647,6088,The Football Academy,Sporting Athletic Club,,
U15,Mid-Atlantic,34883,2027-04-04T17:00Z,10463,5663,Penn Rising XI,Real Futbol Academy,,
U15,Mid-Atlantic,35133,2027-04-10,6180,9671,Bethesda SC,Northern Virginia Alliance,,
U15,Mid-Atlantic,35187,2027-04-10,6140,6160,Players Development Academy,Springfield SYC,,
U15,Mid-Atlantic,35285,2027-04-11,9706,6236,Achilles FC,Baltimore Armour,,
U15,Mid-Atlantic,35286,2027-04-11,6082,7245,Alexandria SA,Beadling SC,,
U15,Mid-Atlantic,35287,2027-04-11,5878,6160,Cedar Stars Academy Monmouth,Springfield SYC,,
U15,Mid-Atlantic,35288,2027-04-11,10491,6088,Coppermine SC,Sporting Athletic Club,,
U15,Mid-Atlantic,35289,2027-04-11,5678,9647,FC DELCO,The Football Academy,,
U15,Mid-Atlantic,35419,2027-04-11,7170,10463,Keystone FC,Penn Rising XI,,
U15,Mid-Atlantic,34881,2027-04-11T18:00Z,9671,7245,Northern Virginia Alliance,Beadling SC,,
U15,Mid-Atlantic,35559,2027-04-17,9706,7170,Achilles FC,Keystone FC,,
U15,Mid-Atlantic,35560,2027-04-17,6082,5889,Alexandria SA,PA Classics,,
U15,Mid-Atlantic,35561,2027-04-17,6236,10463,Baltimore Armour,Penn Rising XI,,
U15,Mid-Atlantic,35571,2027-04-17,6180,6140,Bethesda SC,Players Development Academy,,
U15,Mid-Atlantic,35574,2027-04-17,10491,5878,Coppermine SC,Cedar Stars Academy Monmouth,,
U15,Mid-Atlantic,35665,2027-04-17T13:00Z,9671,9647,Northern Virginia Alliance,The Football Academy,,
U15,Mid-Atlantic,35666,2027-04-17T14:00Z,6088,5663,Sporting Athletic Club,Real Futbol Academy,,
U15,Mid-Atlantic,35757,2027-04-18,9706,10463,Achilles FC,Penn Rising XI,,
U15,Mid-Atlantic,35758,2027-04-18,6236,5878,Baltimore Armour,Cedar Stars Academy Monmouth,,
U15,Mid-Atlantic,35759,2027-04-18,7245,5678,Beadling SC,FC DELCO,,
U15,Mid-Atlantic,35760,2027-04-18,6180,7170,Bethesda SC,Keystone FC,,
U15,Mid-Atlantic,35762,2027-04-18,10491,5663,Coppermine SC,Real Futbol Academy,,
U15,Mid-Atlantic,35876,2027-04-18,6160,9647,Springfield SYC,The Football Academy,,
U15,Mid-Atlantic,35874,2027-04-18T17:00Z,9671,5889,Northern Virginia Alliance,PA Classics,,
U15,Mid-Atlantic,36068,2027-04-24,7245,10491,Beadling SC,Coppermine SC,,
U15,Mid-Atlantic,36073,2027-04-24,5889,6088,PA Classics,Sporting Athletic Club,,
U15,Mid-Atlantic,36075,2027-04-24,9647,7170,The Football Academy,Keystone FC,,
U15,Mid-Atlantic,36074,2027-04-24T17:00Z,10463,6082,Penn Rising XI,Alexandria SA,,
U15,Mid-Atlantic,36248,2027-04-25,9706,9671,Achilles FC,Northern Virginia Alliance,,
U15,Mid-Atlantic,36253,2027-04-25,6236,6160,Baltimore Armour,Springfield SYC,,
U15,Mid-Atlantic,36254,2027-04-25,5878,5663,Cedar Stars Academy Monmouth,Real Futbol Academy,,
U15,Mid-Atlantic,36363,2027-04-25,5678,6140,FC DELCO,Players Development Academy,,
U15,Mid-Atlantic,36368,2027-04-25,5889,6180,PA Classics,Bethesda SC,,
U15,Mid-Atlantic,36369,2027-04-25T17:00Z,10463,6088,Penn Rising XI,Sporting Athletic Club,,
U15,Mid-Atlantic,30806,2027-05-02,9706,6082,Achilles FC,Alexandria SA,,
U15,Mid-Atlantic,36547,2027-05-08,9706,6180,Achilles FC,Bethesda SC,,
U15,Mid-Atlantic,36695,2027-05-08,7170,5678,Keystone FC,FC DELCO,,
U15,Mid-Atlantic,36699,2027-05-08,5663,6140,Real Futbol Academy,Players Development Academy,,
U15,Mid-Atlantic,36701,2027-05-08,6160,7245,Springfield SYC,Beadling SC,,
U15,Mid-Atlantic,36702,2027-05-08,9647,5878,The Football Academy,Cedar Stars Academy Monmouth,,
U15,Mid-Atlantic,36700,2027-05-08T16:00Z,6088,6236,Sporting Athletic Club,Baltimore Armour,,
U15,Mid-Atlantic,36696,2027-05-08T17:00Z,9671,6082,Northern Virginia Alliance,Alexandria SA,,
U15,Mid-Atlantic,36697,2027-05-09T17:00Z,10463,5889,Penn Rising XI,PA Classics,,
U15,Mid-Atlantic,30570,2027-06-06,9706,6160,Achilles FC,Springfield SYC,,
U15,Northeast,26096,2026-09-05T18:00Z,5941,5743,New York SC,Bayside FC,0,5
U15,Northeast,26279,2026-09-06T13:00Z,7256,6020,FA Euro New York,Seacoast United,0,1
U15,Northeast,26273,2026-09-06T15:00Z,9720,9736,Downtown United Soccer Club,The Island FC West,2,1
U15,Northeast,26285,2026-09-06T16:45Z,6024,5823,Intercontinental Football Academy of New England,Metropolitan Oval,0,1
U15,Northeast,26295,2026-09-06T18:30Z,5941,10469,New York SC,The Island FC East,0,1
U15,Northeast,26712,2026-09-13T17:00Z,5823,9720,Metropolitan Oval,Downtown United Soccer Club,7,1
U15,Northeast,26704,2026-09-13T18:15Z,6186,9736,Beachside of Connecticut,The Island FC West,7,3
U15,Northeast,26940,2026-09-19T16:00Z,5657,9720,FC Westchester,Downtown United Soccer Club,4,0
U15,Northeast,26958,2026-09-19T16:45Z,5941,6030,New York SC,NEFC,0,1
U15,Northeast,26934,2026-09-19T17:00Z,7256,5762,FA Euro New York,FC Greater Boston Bolts,5,4
U15,Northeast,27168,2026-09-20T13:00Z,9718,5823,Connecticut United FC,Metropolitan Oval,1,1
U15,Northeast,27174,2026-09-20T13:00Z,7256,5937,FA Euro New York,Valeo Futbol Club,4,5
U15,Northeast,27185,2026-09-20T14:00Z,5735,9720,Red Bull New York,Downtown United Soccer Club,9,1
U15,Northeast,26495,2026-09-20T16:30Z,10469,5707,The Island FC East,Blau Weiss Gottschee,2,2
U15,Northeast,27158,2026-09-20T16:45Z,5743,6186,Bayside FC,Beachside of Connecticut,1,2
U15,Northeast,27180,2026-09-20T19:00Z,5657,6030,FC Westchester,NEFC,3,1
U15,Northeast,27586,2026-09-27T17:00Z,5823,5707,Metropolitan Oval,Blau Weiss Gottschee,3,1
U15,Northeast,27803,2026-10-03T12:00Z,9720,6186,Downtown United Soccer Club,Beachside of Connecticut,,
U15,Northeast,27809,2026-10-03T13:00Z,6024,7256,Intercontinental Football Academy of New England,FA Euro New York,,
U15,Northeast,27815,2026-10-03T21:00Z,7234,10469,Ironbound Soccer Club,The Island FC East,,
U15,Northeast,28075,2026-10-04T14:00Z,5735,10469,Red Bull New York,The Island FC East,,
U15,Northeast,28064,2026-10-04T14:45Z,9736,5657,The Island FC West,FC Westchester,,
U15,Northeast,28052,2026-10-04T16:15Z,6068,6020,Cedar Stars Academy Bergen,Seacoast United,,
U15,Northeast,28046,2026-10-04T19:00Z,5707,5941,Blau Weiss Gottschee,New York SC,,
U15,Northeast,28058,2026-10-04T21:00Z,7234,5823,Ironbound Soccer Club,Metropolitan Oval,,
U15,Northeast,29099,2026-10-10T16:30Z,5735,9736,Red Bull New York,The Island FC West,,
U15,Northeast,26723,2026-10-10T18:30Z,6068,6104,Cedar Stars Academy Bergen,TSF Academy,,
U15,Northeast,28336,2026-10-11T17:00Z,5743,5657,Bayside FC,FC Westchester,,
U15,Northeast,28350,2026-10-17T13:00Z,5762,5823,FC Greater Boston Bolts,Metropolitan Oval,,
U15,Northeast,28361,2026-10-17T16:00Z,6104,6024,TSF Academy,Intercontinental Football Academy of New England,,
U15,Northeast,28367,2026-10-17T19:00Z,5937,9720,Valeo Futbol Club,Downtown United Soccer Club,,
U15,Northeast,28584,2026-10-18T13:00Z,9718,6024,Connecticut United FC,Intercontinental Football Academy of New England,,
U15,Northeast,28592,2026-10-18T13:00Z,5762,9720,FC Greater Boston Bolts,Downtown United Soccer Club,,
U15,Northeast,28615,2026-10-18T16:30Z,6020,5657,Seacoast United,FC Westchester,,
U15,Northeast,28606,2026-10-18T17:00Z,6030,5823,NEFC,Metropolitan Oval,,
U15,Northeast,28598,2026-10-18T19:00Z,7234,6068,Ironbound Soccer Club,Cedar Stars Academy Bergen,,
U15,Northeast,29092,2026-10-24T15:00Z,6030,9718,NEFC,Connecticut United FC,,
U15,Northeast,28862,2026-10-24T16:15Z,5735,5707,Red Bull New York,Blau Weiss Gottschee,,
U15,Northeast,28840,2026-10-24T16:30Z,9736,6068,The Island FC West,Cedar Stars Academy Bergen,,
U15,Northeast,28848,2026-10-24T17:00Z,5823,6020,Metropolitan Oval,Seacoast United,,
U15,Northeast,28867,2026-10-24T18:00Z,10469,5937,The Island FC East,Valeo Futbol Club,,
U15,Northeast,29078,2026-10-25T14:00Z,9720,6020,Downtown United Soccer Club,Seacoast United,,
U15,Northeast,29086,2026-10-25T14:30Z,5823,5937,Metropolitan Oval,Valeo Futbol Club,,
U15,Northeast,28854,2026-10-25T15:00Z,6030,7256,NEFC,FA Euro New York,,
U15,Northeast,29072,2026-10-25T18:30Z,6068,5707,Cedar Stars Academy Bergen,Blau Weiss Gottschee,,
U15,Northeast,29278,2026-10-31T17:30Z,7256,6104,FA Euro New York,TSF Academy,,
U15,Northeast,29471,2026-11-01T16:00Z,6020,5762,Seacoast United,FC Greater Boston Bolts,,
U15,Northeast,29477,2026-11-01T16:00Z,5937,5657,Valeo Futbol Club,FC Westchester,,
U15,Northeast,29453,2026-11-01T17:00Z,9718,6068,Connecticut United FC,Cedar Stars Academy Bergen,,
U15,Northeast,29465,2026-11-01T17:45Z,5941,6186,New York SC,Beachside of Connecticut,,
U15,Northeast,29459,2026-11-01T18:15Z,6024,7234,Intercontinental Football Academy of New England,Ironbound Soccer Club,,
U15,Northeast,29666,2026-11-07T14:00Z,9718,5743,Connecticut United FC,Bayside FC,,
U15,Northeast,29675,2026-11-07T18:00Z,5762,6030,FC Greater Boston Bolts,NEFC,,
U15,Northeast,29884,2026-11-08T20:00Z,5707,9736,Blau Weiss Gottschee,The Island FC West,,
U15,Northeast,29899,2026-11-08T21:00Z,6104,5941,TSF Academy,New York SC,,
U15,Northeast,29892,2026-11-08T22:00Z,7234,5743,Ironbound Soccer Club,Bayside FC,,
U15,Northeast,30118,2026-11-14T15:00Z,5735,5762,Red Bull New York,FC Greater Boston Bolts,,
U15,Northeast,30123,2026-11-14T17:00Z,6104,9720,TSF Academy,Downtown United Soccer Club,,
U15,Northeast,30383,2026-11-15T15:00Z,6104,10469,TSF Academy,The Island FC East,,
U15,Northeast,30377,2026-11-15T17:30Z,5941,5762,New York SC,FC Greater Boston Bolts,,
U15,Northeast,30369,2026-11-15T20:00Z,5707,7234,Blau Weiss Gottschee,Ironbound Soccer Club,,
U15,Northeast,30361,2026-11-15T22:00Z,5743,6024,Bayside FC,Intercontinental Football Academy of New England,,
U15,Northeast,30589,2026-11-21T14:00Z,9718,7234,Connecticut United FC,Ironbound Soccer Club,,
U15,Northeast,30597,2026-11-21T15:45Z,9736,6024,The Island FC West,Intercontinental Football Academy of New England,,
U15,Northeast,30603,2026-11-21T16:00Z,6030,5743,NEFC,Bayside FC,,
U15,Northeast,30622,2026-11-21T17:00Z,5937,5707,Valeo Futbol Club,Blau Weiss Gottschee,,
U15,Northeast,30613,2026-11-21T19:00Z,10469,6068,The Island FC East,Cedar Stars Academy Bergen,,
U15,Northeast,30855,2026-11-22T14:00Z,5937,5941,Valeo Futbol Club,New York SC,,
U15,Northeast,30846,2026-11-22T15:00Z,5735,5823,Red Bull New York,Metropolitan Oval,,
U15,Northeast,30837,2026-11-22T18:00Z,7256,9720,FA Euro New York,Downtown United Soccer Club,,
U15,Northeast,30849,2026-11-22T19:00Z,10469,5657,The Island FC East,FC Westchester,,
U15,Northeast,32168,2027-02-20,9720,6030,Downtown United Soccer Club,NEFC,,
U15,Northeast,32174,2027-02-20,5762,6068,FC Greater Boston Bolts,Cedar Stars Academy Bergen,,
U15,Northeast,32180,2027-02-20,5657,7256,FC Westchester,FA Euro New York,,
U15,Northeast,32186,2027-02-20,6024,6186,Intercontinental Football Academy of New England,Beachside of Connecticut,,
U15,Northeast,32200,2027-02-20,5735,5937,Red Bull New York,Valeo Futbol Club,,
U15,Northeast,32203,2027-02-20,6020,9718,Seacoast United,Connecticut United FC,,
U15,Northeast,26946,2027-02-20T15:15Z,9736,10469,The Island FC West,The Island FC East,,
U15,Northeast,32398,2027-02-21,5762,6186,FC Greater Boston Bolts,Beachside of Connecticut,,
U15,Northeast,32404,2027-02-21,6024,6068,Intercontinental Football Academy of New England,Cedar Stars Academy Bergen,,
U15,Northeast,32416,2027-02-21,9736,6030,The Island FC West,NEFC,,
U15,Northeast,32427,2027-02-21,5735,7256,Red Bull New York,FA Euro New York,,
U15,Northeast,32410,2027-02-21T22:00Z,7234,5937,Ironbound Soccer Club,Valeo Futbol Club,,
U15,Northeast,32617,2027-02-27,6024,5762,Intercontinental Football Academy of New England,FC Greater Boston Bolts,,
U15,Northeast,32628,2027-02-27,5941,5823,New York SC,Metropolitan Oval,,
U15,Northeast,32634,2027-02-27,6020,9736,Seacoast United,The Island FC West,,
U15,Northeast,32823,2027-02-28,6186,9718,Beachside of Connecticut,Connecticut United FC,,
U15,Northeast,32829,2027-02-28,6068,5657,Cedar Stars Academy Bergen,FC Westchester,,
U15,Northeast,32846,2027-02-28,5937,9736,Valeo Futbol Club,The Island FC West,,
U15,Northeast,33057,2027-03-06,5707,6104,Blau Weiss Gottschee,TSF Academy,,
U15,Northeast,33063,2027-03-06,6068,7256,Cedar Stars Academy Bergen,FA Euro New York,,
U15,Northeast,33071,2027-03-06,7234,9720,Ironbound Soccer Club,Downtown United Soccer Club,,
U15,Northeast,33257,2027-03-07,6068,5735,Cedar Stars Academy Bergen,Red Bull New York,,
U15,Northeast,33260,2027-03-07,5657,6186,FC Westchester,Beachside of Connecticut,,
U15,Northeast,33266,2027-03-07,9736,6104,The Island FC West,TSF Academy,,
U15,Northeast,33274,2027-03-07,6030,6024,NEFC,Intercontinental Football Academy of New England,,
U15,Northeast,33250,2027-03-07T20:00Z,5743,6020,Bayside FC,Seacoast United,,
U15,Northeast,33463,2027-03-13,6186,6030,Beachside of Connecticut,NEFC,,
U15,Northeast,33479,2027-03-13,6104,6020,TSF Academy,Seacoast United,,
U15,Northeast,33470,2027-03-13T20:00Z,7234,5735,Ironbound Soccer Club,Red Bull New York,,
U15,Northeast,33671,2027-03-14,6186,5735,Beachside of Connecticut,Red Bull New York,,
U15,Northeast,33682,2027-03-14,7234,6020,Ironbound Soccer Club,Seacoast United,,
U15,Northeast,33690,2027-03-14,6104,6030,TSF Academy,NEFC,,
U15,Northeast,33696,2027-03-14,5937,5743,Valeo Futbol Club,Bayside FC,,
U15,Northeast,33889,2027-03-20,7256,5743,FA Euro New York,Bayside FC,,
U15,Northeast,34089,2027-03-21,9720,5707,Downtown United Soccer Club,Blau Weiss Gottschee,,
U15,Northeast,34097,2027-03-21,5762,5937,FC Greater Boston Bolts,Valeo Futbol Club,,
U15,Northeast,34105,2027-03-21,9736,9718,The Island FC West,Connecticut United FC,,
U15,Northeast,34111,2027-03-21,6030,10469,NEFC,The Island FC East,,
U15,Northeast,32192,2027-03-21T17:00Z,5823,5743,Metropolitan Oval,Bayside FC,,
U15,Northeast,34329,2027-03-27,7256,7234,FA Euro New York,Ironbound Soccer Club,,
U15,Northeast,34335,2027-03-27,5657,5707,FC Westchester,Blau Weiss Gottschee,,
U15,Northeast,34345,2027-03-27,6020,5941,Seacoast United,New York SC,,
U15,Northeast,34351,2027-03-27,6104,5937,TSF Academy,Valeo Futbol Club,,
U15,Northeast,34357,2027-03-27,10469,5823,The Island FC East,Metropolitan Oval,,
U15,Northeast,34620,2027-04-03,6186,6020,Beachside of Connecticut,Seacoast United,,
U15,Northeast,34626,2027-04-03,5707,7256,Blau Weiss Gottschee,FA Euro New York,,
U15,Northeast,34632,2027-04-03,5657,9718,FC Westchester,Connecticut United FC,,
U15,Northeast,34637,2027-04-03,5735,6030,Red Bull New York,NEFC,,
U15,Northeast,34838,2027-04-03T17:00Z,5823,9736,Metropolitan Oval,The Island FC West,,
U15,Northeast,34614,2027-04-03T19:00Z,5743,6104,Bayside FC,TSF Academy,,
U15,Northeast,34820,2027-04-04,6068,6030,Cedar Stars Academy Bergen,NEFC,,
U15,Northeast,34826,2027-04-04,9720,10469,Downtown United Soccer Club,The Island FC East,,
U15,Northeast,34832,2027-04-04,5762,6104,FC Greater Boston Bolts,TSF Academy,,
U15,Northeast,34844,2027-04-04,5941,7234,New York SC,Ironbound Soccer Club,,
U15,Northeast,34849,2027-04-04,5735,6020,Red Bull New York,Seacoast United,,
U15,Northeast,34852,2027-04-04,5937,6024,Valeo Futbol Club,Intercontinental Football Academy of New England,,
U15,Northeast,35045,2027-04-10,5707,5743,Blau Weiss Gottschee,Bayside FC,,
U15,Northeast,35050,2027-04-10,9718,5735,Connecticut United FC,Red Bull New York,,
U15,Northeast,35053,2027-04-10,9720,6024,Downtown United Soccer Club,Intercontinental Football Academy of New England,,
U15,Northeast,35059,2027-04-10,5657,5762,FC Westchester,FC Greater Boston Bolts,,
U15,Northeast,35216,2027-04-11,5707,6024,Blau Weiss Gottschee,Intercontinental Football Academy of New England,,
U15,Northeast,35222,2027-04-11,6068,6186,Cedar Stars Academy Bergen,Beachside of Connecticut,,
U15,Northeast,35228,2027-04-11,9718,5762,Connecticut United FC,FC Greater Boston Bolts,,
U15,Northeast,35236,2027-04-11,7256,5823,FA Euro New York,Metropolitan Oval,,
U15,Northeast,35250,2027-04-11,9736,5941,The Island FC West,New York SC,,
U15,Northeast,35256,2027-04-11,6030,5937,NEFC,Valeo Futbol Club,,
U15,Northeast,35262,2027-04-11,10469,5743,The Island FC East,Bayside FC,,
U15,Northeast,35244,2027-04-11T21:00Z,7234,6104,Ironbound Soccer Club,TSF Academy,,
U15,Northeast,35463,2027-04-17,6186,5937,Beachside of Connecticut,Valeo Futbol Club,,
U15,Northeast,35472,2027-04-17,9718,7256,Connecticut United FC,FA Euro New York,,
U15,Northeast,35478,2027-04-17,5762,5743,FC Greater Boston Bolts,Bayside FC,,
U15,Northeast,35490,2027-04-17,6030,5707,NEFC,Blau Weiss Gottschee,,
U15,Northeast,35502,2027-04-17,6020,10469,Seacoast United,The Island FC East,,
U15,Northeast,35507,2027-04-17,6104,5735,TSF Academy,Red Bull New York,,
U15,Northeast,35723,2027-04-17T17:00Z,5823,5657,Metropolitan Oval,FC Westchester,,
U15,Northeast,35484,2027-04-17T21:00Z,7234,9736,Ironbound Soccer Club,The Island FC West,,
U15,Northeast,35699,2027-04-18,6186,7256,Beachside of Connecticut,FA Euro New York,,
U15,Northeast,35705,2027-04-18,6068,5941,Cedar Stars Academy Bergen,New York SC,,
U15,Northeast,35711,2027-04-18,9718,5937,Connecticut United FC,Valeo Futbol Club,,
U15,Northeast,35717,2027-04-18,6024,10469,Intercontinental Football Academy of New England,The Island FC East,,
U15,Northeast,35731,2027-04-18,6020,5707,Seacoast United,Blau Weiss Gottschee,,
U15,Northeast,35909,2027-04-24,5657,6024,FC Westchester,Intercontinental Football Academy of New England,,
U15,Northeast,35915,2027-04-24,9736,5762,The Island FC West,FC Greater Boston Bolts,,
U15,Northeast,35923,2027-04-24,5941,5735,New York SC,Red Bull New York,,
U15,Northeast,35900,2027-04-24T16:45Z,5743,9720,Bayside FC,Downtown United Soccer Club,,
U15,Northeast,36094,2027-04-25,5743,6068,Bayside FC,Cedar Stars Academy Bergen,,
U15,Northeast,36100,2027-04-25,6186,7234,Beachside of Connecticut,Ironbound Soccer Club,,
U15,Northeast,36106,2027-04-25,5707,5762,Blau Weiss Gottschee,FC Greater Boston Bolts,,
U15,Northeast,36112,2027-04-25,9718,6104,Connecticut United FC,TSF Academy,,
U15,Northeast,36117,2027-04-25,5657,5735,FC Westchester,Red Bull New York,,
U15,Northeast,36124,2027-04-25,5941,6024,New York SC,Intercontinental Football Academy of New England,,
U15,Northeast,36130,2027-04-25,6020,6030,Seacoast United,NEFC,,
U15,Northeast,36136,2027-04-25,10469,7256,The Island FC East,FA Euro New York,,
U15,Northeast,36409,2027-05-08,6186,5707,Beachside of Connecticut,Blau Weiss Gottschee,,
U15,Northeast,36418,2027-05-08,6068,5937,Cedar Stars Academy Bergen,Valeo Futbol Club,,
U15,Northeast,36426,2027-05-08,6024,6020,Intercontinental Football Academy of New England,Seacoast United,,
U15,Northeast,36432,2027-05-08,7234,5657,Ironbound Soccer Club,FC Westchester,,
U15,Northeast,36438,2027-05-08,9736,7256,The Island FC West,FA Euro New York,,
U15,Northeast,36453,2027-05-08,5941,9718,New York SC,Connecticut United FC,,
U15,Northeast,36458,2027-05-08,5735,5743,Red Bull New York,Bayside FC,,
U15,Northeast,36461,2027-05-08,10469,5762,The Island FC East,FC Greater Boston Bolts,,
U15,Northeast,36444,2027-05-08T13:00Z,5823,6104,Metropolitan Oval,TSF Academy,,
U15,Northeast,36743,2027-05-15,9720,6068,Downtown United Soccer Club,Cedar Stars Academy Bergen,,
U15,Northeast,36749,2027-05-15,7256,5941,FA Euro New York,New York SC,,
U15,Northeast,36755,2027-05-15,5762,7234,FC Greater Boston Bolts,Ironbound Soccer Club,,
U15,Northeast,36761,2027-05-15,5823,6186,Metropolitan Oval,Beachside of Connecticut,,
U15,Northeast,36767,2027-05-15,10469,9718,The Island FC East,Connecticut United FC,,
U15,Northeast,36776,2027-05-15,5937,6020,Valeo Futbol Club,Seacoast United,,
U15,Northeast,36865,2027-05-16,5707,9718,Blau Weiss Gottschee,Connecticut United FC,,
U15,Northeast,36871,2027-05-16,9720,5941,Downtown United Soccer Club,New York SC,,
U15,Northeast,36879,2027-05-16,5823,6068,Metropolitan Oval,Cedar Stars Academy Bergen,,
U15,Northeast,36885,2027-05-16,6030,7234,NEFC,Ironbound Soccer Club,,
U15,Northeast,36892,2027-05-16,5735,6024,Red Bull New York,Intercontinental Football Academy of New England,,
U15,Northeast,36895,2027-05-16,6104,5657,TSF Academy,FC Westchester,,
U15,Northeast,36901,2027-05-16,10469,6186,The Island FC East,Beachside of Connecticut,,
U15,Northeast,36859,2027-05-16T16:45Z,5743,9736,Bayside FC,The Island FC West,,
U15,Northeast,27580,2027-06-08T14:00Z,5657,5941,FC Westchester,New York SC,,
U15,Northeast,27364,2027-06-08T17:45Z,9720,9718,Downtown United Soccer Club,Connecticut United FC,,
U15,Northeast,27572,2027-06-08T18:15Z,6186,6104,Beachside of Connecticut,TSF Academy,,
U15,Northwest,26145,2026-09-05T17:00Z,6209,7205,Silicon Valley Soccer Academy,ALBION SC Merced,3,0
U15,Northwest,26518,2026-09-12T22:00Z,7277,6209,Atletico Santa Rosa,Silicon Valley Soccer Academy,2,1
U15,Northwest,26979,2026-09-19T16:00Z,5963,5931,Ballistic United,De Anza Force,2,3
U15,Northwest,26996,2026-09-19T18:00Z,6305,6016,Sacramento United,San Jose Earthquakes,4,2
U15,Northwest,26991,2026-09-19T20:00Z,7233,7277,Modesto Ajax United,Atletico Santa Rosa,0,3
U15,Northwest,27403,2026-09-26T22:00Z,5896,7233,San Francisco Glens SC,Modesto Ajax United,3,0
U15,Northwest,27875,2026-10-03T16:00Z,7191,6305,Woodside Soccer Club Crush,Sacramento United,,
U15,Northwest,27866,2026-10-03T18:00Z,5773,5896,The Town FC Academy,San Francisco Glens SC,,
U15,Northwest,27863,2026-10-03T21:00Z,6209,6016,Silicon Valley Soccer Academy,San Jose Earthquakes,,
U15,Northwest,27855,2026-10-03T22:00Z,7217,7205,Lamorinda Soccer Club,ALBION SC Merced,,
U15,Northwest,28379,2026-10-17T18:00Z,5963,6016,Ballistic United,San Jose Earthquakes,,
U15,Northwest,28388,2026-10-17T22:00Z,7217,5896,Lamorinda Soccer Club,San Francisco Glens SC,,
U15,Northwest,28394,2026-10-17T22:00Z,7233,5931,Modesto Ajax United,De Anza Force,,
U15,Northwest,28920,2026-10-24T16:00Z,7191,7233,Woodside Soccer Club Crush,Modesto Ajax United,,
U15,Northwest,28888,2026-10-24T22:00Z,5931,5896,De Anza Force,San Francisco Glens SC,,
U15,Northwest,28905,2026-10-24T22:30Z,6016,5920,San Jose Earthquakes,Sacramento Republic FC,,
U15,Northwest,29313,2026-10-31T16:00Z,5963,6305,Ballistic United,Sacramento United,,
U15,Northwest,29325,2026-10-31T20:00Z,7233,5920,Modesto Ajax United,Sacramento Republic FC,,
U15,Northwest,29307,2026-10-31T22:00Z,7205,5773,ALBION SC Merced,The Town FC Academy,,
U15,Northwest,29729,2026-11-07T23:00Z,5920,6209,Sacramento Republic FC,Silicon Valley Soccer Academy,,
U15,Northwest,30150,2026-11-14T23:00Z,5920,5963,Sacramento Republic FC,Ballistic United,,
U15,Northwest,30156,2026-11-14T23:00Z,6305,7217,Sacramento United,Lamorinda Soccer Club,,
U15,Northwest,35099,2026-11-15T17:00Z,6016,5896,San Jose Earthquakes,San Francisco Glens SC,,
U15,Northwest,30992,2027-01-09,6016,5773,San Jose Earthquakes,The Town FC Academy,,
U15,Northwest,31092,2027-01-16,7233,7217,Modesto Ajax United,Lamorinda Soccer Club,,
U15,Northwest,31292,2027-01-23,5931,7217,De Anza Force,Lamorinda Soccer Club,,
U15,Northwest,31319,2027-01-23,5773,7277,The Town FC Academy,Atletico Santa Rosa,,
U15,Northwest,31484,2027-01-30,5931,7191,De Anza Force,Woodside Soccer Club Crush,,
U15,Northwest,31490,2027-01-30T23:00Z,7217,5920,Lamorinda Soccer Club,Sacramento Republic FC,,
U15,Northwest,31891,2027-02-13T17:00Z,7191,7205,Woodside Soccer Club Crush,ALBION SC Merced,,
U15,Northwest,32218,2027-02-20,5963,7277,Ballistic United,Atletico Santa Rosa,,
U15,Northwest,32242,2027-02-20,6305,5896,Sacramento United,San Francisco Glens SC,,
U15,Northwest,32247,2027-02-20,6016,5931,San Jose Earthquakes,De Anza Force,,
U15,Northwest,32652,2027-02-27,7277,7191,Atletico Santa Rosa,Woodside Soccer Club Crush,,
U15,Northwest,32683,2027-02-27,6016,7217,San Jose Earthquakes,Lamorinda Soccer Club,,
U15,Northwest,33106,2027-03-06,6016,7277,San Jose Earthquakes,Atletico Santa Rosa,,
U15,Northwest,33127,2027-03-06T17:00Z,7191,5963,Woodside Soccer Club Crush,Ballistic United,,
U15,Northwest,33500,2027-03-13,5931,7205,De Anza Force,ALBION SC Merced,,
U15,Northwest,33514,2027-03-13,5920,7191,Sacramento Republic FC,Woodside Soccer Club Crush,,
U15,Northwest,33520,2027-03-13,6305,5773,Sacramento United,The Town FC Academy,,
U15,Northwest,33526,2027-03-13,5896,6209,San Francisco Glens SC,Silicon Valley Soccer Academy,,
U15,Northwest,33903,2027-03-20,7205,6305,ALBION SC Merced,Sacramento United,,
U15,Northwest,33909,2027-03-20,7277,5920,Atletico Santa Rosa,Sacramento Republic FC,,
U15,Northwest,33921,2027-03-20,6209,7233,Silicon Valley Soccer Academy,Modesto Ajax United,,
U15,Northwest,33927,2027-03-20,5773,5931,The Town FC Academy,De Anza Force,,
U15,Northwest,30987,2027-03-21,5896,5963,San Francisco Glens SC,Ballistic United,,
U15,Northwest,34379,2027-03-27,5963,5773,Ballistic United,The Town FC Academy,,
U15,Northwest,34397,2027-03-27,5896,7205,San Francisco Glens SC,ALBION SC Merced,,
U15,Northwest,34403,2027-03-27,6209,6305,Silicon Valley Soccer Academy,Sacramento United,,
U15,Northwest,34640,2027-04-03,7205,5963,ALBION SC Merced,Ballistic United,,
U15,Northwest,34646,2027-04-03,5931,5920,De Anza Force,Sacramento Republic FC,,
U15,Northwest,34657,2027-04-03,7233,6016,Modesto Ajax United,San Jose Earthquakes,,
U15,Northwest,34660,2027-04-03,6305,7277,Sacramento United,Atletico Santa Rosa,,
U15,Northwest,34672,2027-04-03,5773,6209,The Town FC Academy,Silicon Valley Soccer Academy,,
U15,Northwest,34652,2027-04-03T22:00Z,7217,7191,Lamorinda Soccer Club,Woodside Soccer Club Crush,,
U15,Northwest,35076,2027-04-10,7277,7217,Atletico Santa Rosa,Lamorinda Soccer Club,,
U15,Northwest,35088,2027-04-10,7233,6305,Modesto Ajax United,Sacramento United,,
U15,Northwest,35094,2027-04-10,5920,7205,Sacramento Republic FC,ALBION SC Merced,,
U15,Northwest,35102,2027-04-10,6209,5963,Silicon Valley Soccer Academy,Ballistic United,,
U15,Northwest,35108,2027-04-10T16:00Z,7191,5773,Woodside Soccer Club Crush,The Town FC Academy,,
U15,Northwest,35509,2027-04-17,7205,6016,ALBION SC Merced,San Jose Earthquakes,,
U15,Northwest,35512,2027-04-17,7277,5931,Atletico Santa Rosa,De Anza Force,,
U15,Northwest,35518,2027-04-17,5963,7233,Ballistic United,Modesto Ajax United,,
U15,Northwest,35536,2027-04-17,5896,7191,San Francisco Glens SC,Woodside Soccer Club Crush,,
U15,Northwest,35542,2027-04-17,5773,5920,The Town FC Academy,Sacramento Republic FC,,
U15,Northwest,35530,2027-04-17T22:00Z,7217,6209,Lamorinda Soccer Club,Silicon Valley Soccer Academy,,
U15,Northwest,35926,2027-04-24,7205,7233,ALBION SC Merced,Modesto Ajax United,,
U15,Northwest,35932,2027-04-24,7277,5896,Atletico Santa Rosa,San Francisco Glens SC,,
U15,Northwest,35944,2027-04-24,5931,6209,De Anza Force,Silicon Valley Soccer Academy,,
U15,Northwest,35950,2027-04-24,6305,5920,Sacramento United,Sacramento Republic FC,,
U15,Northwest,35956,2027-04-24,5773,7217,The Town FC Academy,Lamorinda Soccer Club,,
U15,Northwest,35961,2027-04-24T16:00Z,7191,6016,Woodside Soccer Club Crush,San Jose Earthquakes,,
U15,Northwest,36467,2027-05-08,7205,7277,ALBION SC Merced,Atletico Santa Rosa,,
U15,Northwest,36481,2027-05-08,7233,5773,Modesto Ajax United,The Town FC Academy,,
U15,Northwest,36487,2027-05-08,5920,5896,Sacramento Republic FC,San Francisco Glens SC,,
U15,Northwest,36493,2027-05-08,6305,5931,Sacramento United,De Anza Force,,
U15,Northwest,36499,2027-05-08,6209,7191,Silicon Valley Soccer Academy,Woodside Soccer Club Crush,,
U15,Northwest,36475,2027-05-08T22:00Z,7217,5963,Lamorinda Soccer Club,Ballistic United,,
U15,Southeast,36370,2026-09-05T18:00Z,7248,8867,Triangle United Soccer Association,Chattanooga FC,0,1
U15,Southeast,36923,2026-09-19T17:00Z,7269,7248,Inter Atlanta FC,Triangle United Soccer Association,1,0
U15,Southeast,35420,2026-09-20T14:00Z,8108,2789,Nashville United Soccer Academy (NUSA Next),Charlotte FC,0,2
U15,Southeast,36847,2026-09-20T14:00Z,7210,7248,AFC Lightning,Triangle United Soccer Association,4,2
U15,Southeast,29269,2026-09-26T16:00Z,7248,2789,Triangle United Soccer Association,Charlotte FC,2,3
U15,Southeast,28129,2026-10-04T15:00Z,6062,9688,Queen City Mutiny FC,Huntsville City FC,,
U15,Southeast,30807,2026-10-10T15:00Z,8867,2789,Chattanooga FC,Charlotte FC,,
U15,Southeast,28439,2026-10-11T15:00Z,6321,2789,Southern Soccer Academy,Charlotte FC,,
U15,Southeast,28561,2026-10-17T16:00Z,9688,9653,Huntsville City FC,Charlotte Independence Soccer Club,,
U15,Southeast,28821,2026-10-17T19:00Z,6321,5872,Southern Soccer Academy,Hoover-Vestavia Soccer,,
U15,Southeast,34592,2026-10-18T15:00Z,6062,7248,Queen City Mutiny FC,Triangle United Soccer Association,,
U15,Southeast,35421,2026-10-18T17:00Z,6321,6259,Southern Soccer Academy,Wake FC,,
U15,Southeast,29262,2026-10-25T14:00Z,7210,6062,AFC Lightning,Queen City Mutiny FC,,
U15,Southeast,29486,2026-10-31T16:00Z,5756,2789,KSA,Charlotte FC,,
U15,Southeast,29485,2026-10-31T17:00Z,7269,9713,Inter Atlanta FC,Carolina Core FC,,
U15,Southeast,27133,2026-11-07T00:00Z,6062,2789,Queen City Mutiny FC,Charlotte FC,,
U15,Southeast,27352,2026-11-07T16:00Z,7248,6259,Triangle United Soccer Association,Wake FC,,
U15,Southeast,29923,2026-11-07T17:00Z,8108,7269,Nashville United Soccer Academy (NUSA Next),Inter Atlanta FC,,
U15,Southeast,30575,2026-11-15T14:00Z,6062,5756,Queen City Mutiny FC,KSA,,
U15,Southeast,28432,2026-11-21T16:00Z,5872,2789,Hoover-Vestavia Soccer,Charlotte FC,,
U15,Southeast,33452,2026-11-21T20:00Z,6259,9653,Wake FC,Charlotte Independence Soccer Club,,
U15,Southeast,30891,2026-11-22T17:00Z,9688,2789,Huntsville City FC,Charlotte FC,,
U15,Southeast,30889,2027-01-30,8867,6321,Chattanooga FC,Southern Soccer Academy,,
U15,Southeast,35188,2027-02-07T18:00Z,6321,9653,Southern Soccer Academy,Charlotte Independence Soccer Club,,
U15,Southeast,34586,2027-02-11T00:30Z,5872,9688,Hoover-Vestavia Soccer,Huntsville City FC,,
U15,Southeast,32005,2027-02-13,9713,6321,Carolina Core FC,Southern Soccer Academy,,
U15,Southeast,32016,2027-02-13T20:00Z,6259,7269,Wake FC,Inter Atlanta FC,,
U15,Southeast,32155,2027-02-14,7248,6321,Triangle United Soccer Association,Southern Soccer Academy,,
U15,Southeast,32367,2027-02-20,7269,9688,Inter Atlanta FC,Huntsville City FC,,
U15,Southeast,32370,2027-02-20T17:00Z,8108,6259,Nashville United Soccer Academy (NUSA Next),Wake FC,,
U15,Southeast,32366,2027-02-20T20:00Z,9653,5872,Charlotte Independence Soccer Club,Hoover-Vestavia Soccer,,
U15,Southeast,32460,2027-02-21,5756,7210,KSA,AFC Lightning,,
U15,Southeast,32587,2027-02-21,7248,9713,Triangle United Soccer Association,Carolina Core FC,,
U15,Southeast,32465,2027-02-21T18:00Z,6321,6145,Southern Soccer Academy,Lanier Soccer Association,,
U15,Southeast,32782,2027-02-27,6145,5756,Lanier Soccer Association,KSA,,
U15,Southeast,32781,2027-02-27T18:00Z,5872,7248,Hoover-Vestavia Soccer,Triangle United Soccer Association,,
U15,Southeast,32872,2027-02-28,9713,6259,Carolina Core FC,Wake FC,,
U15,Southeast,32870,2027-02-28T14:00Z,7210,7269,AFC Lightning,Inter Atlanta FC,,
U15,Southeast,32875,2027-02-28T16:00Z,5872,8867,Hoover-Vestavia Soccer,Chattanooga FC,,
U15,Southeast,33143,2027-03-06,8867,5756,Chattanooga FC,KSA,,
U15,Southeast,33145,2027-03-06T14:00Z,7269,6062,Inter Atlanta FC,Queen City Mutiny FC,,
U15,Southeast,33144,2027-03-06T18:00Z,5872,6145,Hoover-Vestavia Soccer,Lanier Soccer Association,,
U15,Southeast,33288,2027-03-07T14:00Z,7269,2789,Inter Atlanta FC,Charlotte FC,,
U15,Southeast,36364,2027-03-07T20:00Z,5872,9713,Hoover-Vestavia Soccer,Carolina Core FC,,
U15,Southeast,33726,2027-03-13,7248,8108,Triangle United Soccer Association,Nashville United Soccer Academy (NUSA Next),,
U15,Southeast,33722,2027-03-13T18:00Z,9653,7269,Charlotte Independence Soccer Club,Inter Atlanta FC,,
U15,Southeast,33941,2027-03-14,9713,8108,Carolina Core FC,Nashville United Soccer Academy (NUSA Next),,
U15,Southeast,33943,2027-03-14,9653,6145,Charlotte Independence Soccer Club,Lanier Soccer Association,,
U15,Southeast,34081,2027-03-20,8867,9653,Chattanooga FC,Charlotte Independence Soccer Club,,
U15,Southeast,34131,2027-03-20,8108,7210,Nashville United Soccer Academy (NUSA Next),AFC Lightning,,
U15,Southeast,34086,2027-03-20T15:00Z,6145,9713,Lanier Soccer Association,Carolina Core FC,,
U15,Southeast,34295,2027-03-21,8867,7210,Chattanooga FC,AFC Lightning,,
U15,Southeast,34298,2027-03-21T14:00Z,8108,9653,Nashville United Soccer Academy (NUSA Next),Charlotte Independence Soccer Club,,
U15,Southeast,34300,2027-03-21T17:00Z,6259,6062,Wake FC,Queen City Mutiny FC,,
U15,Southeast,34448,2027-03-27,8867,6259,Chattanooga FC,Wake FC,,
U15,Southeast,34587,2027-03-27,5756,8108,KSA,Nashville United Soccer Academy (NUSA Next),,
U15,Southeast,34594,2027-03-27T17:00Z,6321,7210,Southern Soccer Academy,AFC Lightning,,
U15,Southeast,34790,2027-04-03,9713,8867,Carolina Core FC,Chattanooga FC,,
U15,Southeast,34793,2027-04-03,7248,5756,Triangle United Soccer Association,KSA,,
U15,Southeast,34794,2027-04-03T17:00Z,6259,2789,Wake FC,Charlotte FC,,
U15,Southeast,34875,2027-04-04,9713,5756,Carolina Core FC,KSA,,
U15,Southeast,34880,2027-04-04,9688,8108,Huntsville City FC,Nashville United Soccer Academy (NUSA Next),,
U15,Southeast,34884,2027-04-04,6062,8867,Queen City Mutiny FC,Chattanooga FC,,
U15,Southeast,34873,2027-04-04T13:00Z,7210,6145,AFC Lightning,Lanier Soccer Association,,
U15,Southeast,34877,2027-04-04T15:00Z,9653,2789,Charlotte Independence Soccer Club,Charlotte FC,,
U15,Southeast,34879,2027-04-04T17:00Z,5872,7269,Hoover-Vestavia Soccer,Inter Atlanta FC,,
U15,Southeast,35184,2027-04-10,7269,6145,Inter Atlanta FC,Lanier Soccer Association,,
U15,Southeast,35185,2027-04-10,5756,6259,KSA,Wake FC,,
U15,Southeast,35189,2027-04-10,7248,9688,Triangle United Soccer Association,Huntsville City FC,,
U15,Southeast,35186,2027-04-10T14:00Z,8108,5872,Nashville United Soccer Academy (NUSA Next),Hoover-Vestavia Soccer,,
U15,Southeast,29119,2027-04-10T15:00Z,9713,9688,Carolina Core FC,Huntsville City FC,,
U15,Southeast,35281,2027-04-11,6062,9713,Queen City Mutiny FC,Carolina Core FC,,
U15,Southeast,35290,2027-04-11,5756,9653,KSA,Charlotte Independence Soccer Club,,
U15,Southeast,35572,2027-04-17,9713,7210,Carolina Core FC,AFC Lightning,,
U15,Southeast,35573,2027-04-17,8867,9688,Chattanooga FC,Huntsville City FC,,
U15,Southeast,35564,2027-04-17T19:00Z,6145,7248,Lanier Soccer Association,Triangle United Soccer Association,,
U15,Southeast,35763,2027-04-18,5756,5872,KSA,Hoover-Vestavia Soccer,,
U15,Southeast,35877,2027-04-18T13:00Z,6259,7210,Wake FC,AFC Lightning,,
U15,Southeast,35764,2027-04-18T15:00Z,6145,8108,Lanier Soccer Association,Nashville United Soccer Academy (NUSA Next),,
U15,Southeast,35761,2027-04-18T17:00Z,9653,6062,Charlotte Independence Soccer Club,Queen City Mutiny FC,,
U15,Southeast,35875,2027-04-18T17:00Z,6321,7269,Southern Soccer Academy,Inter Atlanta FC,,
U15,Southeast,36070,2027-04-24,9688,6259,Huntsville City FC,Wake FC,,
U15,Southeast,36071,2027-04-24T13:00Z,6145,2789,Lanier Soccer Association,Charlotte FC,,
U15,Southeast,36072,2027-04-24T14:00Z,8108,6321,Nashville United Soccer Academy (NUSA Next),Southern Soccer Academy,,
U15,Southeast,36067,2027-04-24T15:00Z,7210,9653,AFC Lightning,Charlotte Independence Soccer Club,,
U15,Southeast,36069,2027-04-24T18:00Z,5872,6062,Hoover-Vestavia Soccer,Queen City Mutiny FC,,
U15,Southeast,36365,2027-04-25,9688,6321,Huntsville City FC,Southern Soccer Academy,,
U15,Southeast,36366,2027-04-25,7269,5756,Inter Atlanta FC,KSA,,
U15,Southeast,36367,2027-04-25T15:00Z,6145,6062,Lanier Soccer Association,Queen City Mutiny FC,,
U15,Southeast,32007,2027-05-01,9688,7210,Huntsville City FC,AFC Lightning,,
U15,Southeast,36691,2027-05-08,9713,2789,Carolina Core FC,Charlotte FC,,
U15,Southeast,36693,2027-05-08,8867,8108,Chattanooga FC,Nashville United Soccer Academy (NUSA Next),,
U15,Southeast,36694,2027-05-08,9688,5756,Huntsville City FC,KSA,,
U15,Southeast,36698,2027-05-08,6062,6321,Queen City Mutiny FC,Southern Soccer Academy,,
U15,Southeast,36505,2027-05-08T15:00Z,7210,5872,AFC Lightning,Hoover-Vestavia Soccer,,
U15,Southeast,36692,2027-05-08T17:00Z,9653,7248,Charlotte Independence Soccer Club,Triangle United Soccer Association,,
U15,Southeast,36703,2027-05-08T17:00Z,6259,6145,Wake FC,Lanier Soccer Association,,
U15,Southeast,36848,2027-05-15,7269,8867,Inter Atlanta FC,Chattanooga FC,,
U15,Southeast,36850,2027-05-15,6062,8108,Queen City Mutiny FC,Nashville United Soccer Academy (NUSA Next),,
U15,Southeast,36849,2027-05-15T13:00Z,6145,9688,Lanier Soccer Association,Huntsville City FC,,
U15,Southeast,36851,2027-05-15T19:00Z,6259,5872,Wake FC,Hoover-Vestavia Soccer,,
U15,Southeast,36924,2027-05-16,5756,6321,KSA,Southern Soccer Academy,,
U15,Southeast,36921,2027-05-16T14:00Z,7210,2789,AFC Lightning,Charlotte FC,,
U15,Southeast,36922,2027-05-16T15:00Z,9653,9713,Charlotte Independence Soccer Club,Carolina Core FC,,
U15,Southeast,36925,2027-05-16T15:00Z,6145,8867,Lanier Soccer Association,Chattanooga FC,,
U15,Southwest,26179,2026-09-05T20:00Z,6167,6173,FC Golden State Force,SC Del Sol,8,0
U15,Southwest,26798,2026-09-13T16:00Z,7194,6094,Los Angeles Sports Club,Barca Residency Academy,3,3
U15,Southwest,26785,2026-09-13T20:00Z,6057,5955,City SC - San Diego,LA Surf Soccer Club,1,1
U15,Southwest,26795,2026-09-13T20:00Z,6265,6009,Los Angeles Football Club,RSL Arizona,3,5
U15,Southwest,27039,2026-09-19T19:45Z,5854,7192,City SC Southwest,Los Angeles Bulls Soccer Club,0,2
U15,Southwest,27045,2026-09-19T20:00Z,6167,5861,FC Golden State Force,Phoenix Rising FC,3,1
U15,Southwest,27051,2026-09-19T21:30Z,5955,6284,LA Surf Soccer Club,ALBION SC San Diego,1,5
U15,Southwest,27224,2026-09-20T15:30Z,5854,6047,City SC Southwest,Strikers FC,2,4
U15,Southwest,27212,2026-09-20T17:00Z,6094,6057,Barca Residency Academy,City SC - San Diego,1,3
U15,Southwest,27218,2026-09-20T18:00Z,5669,6293,Chula Vista FC,Santa Barbara Soccer Club,2,1
U15,Southwest,27238,2026-09-20T18:00Z,5955,5861,LA Surf Soccer Club,Phoenix Rising FC,2,3
U15,Southwest,27230,2026-09-20T20:00Z,6167,6284,FC Golden State Force,ALBION SC San Diego,2,4
U15,Southwest,27248,2026-09-20T20:00Z,7239,6265,SoCal Reds FC,Los Angeles Football Club,3,1
U15,Southwest,27492,2026-09-26T16:00Z,6047,6094,Strikers FC,Barca Residency Academy,5,3
U15,Southwest,27470,2026-09-26T19:00Z,7192,6173,Los Angeles Bulls Soccer Club,SC Del Sol,4,0
U15,Southwest,27458,2026-09-26T20:00Z,7270,6057,Albion SC Las Vegas,City SC - San Diego,2,1
U15,Southwest,27480,2026-09-26T20:00Z,6009,7194,RSL Arizona,Los Angeles Sports Club,3,0
U15,Southwest,27486,2026-09-27T02:00Z,7239,5854,SoCal Reds FC,City SC Southwest,3,1
U15,Southwest,27662,2026-09-27T17:00Z,5861,7194,Phoenix Rising FC,Los Angeles Sports Club,12,0
U15,Southwest,27670,2026-09-27T18:00Z,7239,6173,SoCal Reds FC,SC Del Sol,5,0
U15,Southwest,27650,2026-09-27T19:00Z,7192,6094,Los Angeles Bulls Soccer Club,Barca Residency Academy,2,2
U15,Southwest,27636,2026-09-27T20:00Z,7270,6040,Albion SC Las Vegas,Albion SC Los Angeles,3,1
U15,Southwest,27656,2026-09-27T20:00Z,5955,5854,LA Surf Soccer Club,City SC Southwest,1,3
U15,Southwest,27678,2026-09-27T20:00Z,5817,6167,Total Futbol Academy,FC Golden State Force,2,2
U15,Southwest,27642,2026-09-27T22:00Z,6284,6329,ALBION SC San Diego,Ventura County Fusion,5,2
U15,Southwest,27909,2026-10-03T16:00Z,6284,6047,ALBION SC San Diego,Strikers FC,,
U15,Southwest,27919,2026-10-03T16:00Z,5861,7270,Phoenix Rising FC,Albion SC Las Vegas,,
U15,Southwest,29151,2026-10-03T20:00Z,6265,6329,Los Angeles Football Club,Ventura County Fusion,,
U15,Southwest,28138,2026-10-04T16:00Z,5669,6047,Chula Vista FC,Strikers FC,,
U15,Southwest,28144,2026-10-04T19:45Z,6057,6009,City SC - San Diego,RSL Arizona,,
U15,Southwest,27464,2026-10-11T22:00Z,5669,6329,Chula Vista FC,Ventura County Fusion,,
U15,Southwest,28448,2026-10-17T16:00Z,7194,6173,Los Angeles Sports Club,SC Del Sol,,
U15,Southwest,28468,2026-10-17T16:00Z,6047,7270,Strikers FC,Albion SC Las Vegas,,
U15,Southwest,28454,2026-10-17T18:00Z,5955,6009,LA Surf Soccer Club,RSL Arizona,,
U15,Southwest,28474,2026-10-17T20:00Z,5817,5669,Total Futbol Academy,Chula Vista FC,,
U15,Southwest,28462,2026-10-17T22:00Z,6293,6057,Santa Barbara Soccer Club,City SC - San Diego,,
U15,Southwest,28665,2026-10-18T16:00Z,7194,7270,Los Angeles Sports Club,Albion SC Las Vegas,,
U15,Southwest,28685,2026-10-18T16:00Z,6047,6009,Strikers FC,RSL Arizona,,
U15,Southwest,28671,2026-10-18T18:00Z,5955,5669,LA Surf Soccer Club,Chula Vista FC,,
U15,Southwest,28691,2026-10-18T20:00Z,5817,6284,Total Futbol Academy,ALBION SC San Diego,,
U15,Southwest,28679,2026-10-18T22:00Z,6293,6173,Santa Barbara Soccer Club,SC Del Sol,,
U15,Southwest,28958,2026-10-24T18:00Z,7200,6167,Las Vegas Sports Academy,FC Golden State Force,,
U15,Southwest,28970,2026-10-24T20:30Z,6293,6265,Santa Barbara Soccer Club,Los Angeles Football Club,,
U15,Southwest,29139,2026-10-25T20:00Z,7270,6167,Albion SC Las Vegas,FC Golden State Force,,
U15,Southwest,29365,2026-10-31T18:00Z,7200,5669,Las Vegas Sports Academy,Chula Vista FC,,
U15,Southwest,29379,2026-10-31T23:00Z,6173,6329,SC Del Sol,Ventura County Fusion,,
U15,Southwest,29525,2026-11-01T19:00Z,5861,6329,Phoenix Rising FC,Ventura County Fusion,,
U15,Southwest,29535,2026-11-01T23:00Z,7239,7194,SoCal Reds FC,Los Angeles Sports Club,,
U15,Southwest,29771,2026-11-07T20:00Z,7192,7270,Los Angeles Bulls Soccer Club,Albion SC Las Vegas,,
U15,Southwest,29787,2026-11-07T21:00Z,5817,5861,Total Futbol Academy,Phoenix Rising FC,,
U15,Southwest,29781,2026-11-07T23:00Z,6293,7200,Santa Barbara Soccer Club,Las Vegas Sports Academy,,
U15,Southwest,29793,2026-11-07T23:00Z,6329,6094,Ventura County Fusion,Barca Residency Academy,,
U15,Southwest,29951,2026-11-08T17:00Z,6057,7239,City SC - San Diego,SoCal Reds FC,,
U15,Southwest,29957,2026-11-08T20:00Z,7192,5861,Los Angeles Bulls Soccer Club,Phoenix Rising FC,,
U15,Southwest,29971,2026-11-08T21:00Z,5817,5854,Total Futbol Academy,City SC Southwest,,
U15,Southwest,29977,2026-11-08T21:00Z,6329,7200,Ventura County Fusion,Las Vegas Sports Academy,,
U15,Southwest,29965,2026-11-08T23:00Z,6293,6094,Santa Barbara Soccer Club,Barca Residency Academy,,
U15,Southwest,30247,2026-11-14T17:00Z,6047,6265,Strikers FC,Los Angeles Football Club,,
U15,Southwest,30241,2026-11-14T20:00Z,7239,6284,SoCal Reds FC,ALBION SC San Diego,,
U15,Southwest,30227,2026-11-14T21:00Z,5669,7270,Chula Vista FC,Albion SC Las Vegas,,
U15,Southwest,30434,2026-11-15T17:00Z,5955,6265,LA Surf Soccer Club,Los Angeles Football Club,,
U15,Southwest,30437,2026-11-15T20:00Z,6173,7200,SC Del Sol,Las Vegas Sports Academy,,
U15,Southwest,30428,2026-11-15T20:30Z,5854,7194,City SC Southwest,Los Angeles Sports Club,,
U15,Southwest,30447,2026-11-15T20:30Z,6329,7192,Ventura County Fusion,Los Angeles Bulls Soccer Club,,
U15,Southwest,30422,2026-11-16T00:45Z,6040,6284,Albion SC Los Angeles,ALBION SC San Diego,,
U15,Southwest,30715,2026-11-21T16:00Z,6094,7239,Barca Residency Academy,SoCal Reds FC,,
U15,Southwest,30721,2026-11-21T19:00Z,5854,6173,City SC Southwest,SC Del Sol,,
U15,Southwest,30727,2026-11-21T19:00Z,7200,5955,Las Vegas Sports Academy,LA Surf Soccer Club,,
U15,Southwest,30739,2026-11-21T21:00Z,6009,5669,RSL Arizona,Chula Vista FC,,
U15,Southwest,30899,2026-11-22T17:00Z,7270,5955,Albion SC Las Vegas,LA Surf Soccer Club,,
U15,Southwest,30907,2026-11-22T19:00Z,7200,6284,Las Vegas Sports Academy,ALBION SC San Diego,,
U15,Southwest,30917,2026-11-22T21:00Z,6009,7239,RSL Arizona,SoCal Reds FC,,
U15,Southwest,31029,2027-01-10,6167,6293,FC Golden State Force,Santa Barbara Soccer Club,,
U15,Southwest,31041,2027-01-10,5817,6047,Total Futbol Academy,Strikers FC,,
U15,Southwest,31125,2027-01-16,6094,6167,Barca Residency Academy,FC Golden State Force,,
U15,Southwest,31135,2027-01-16,6265,5669,Los Angeles Football Club,Chula Vista FC,,
U15,Southwest,31140,2027-01-16,5861,6040,Phoenix Rising FC,Albion SC Los Angeles,,
U15,Southwest,31148,2027-01-16,6173,6057,SC Del Sol,City SC - San Diego,,
U15,Southwest,31175,2027-01-17,6094,6040,Barca Residency Academy,Albion SC Los Angeles,,
U15,Southwest,31189,2027-01-17,6265,6284,Los Angeles Football Club,ALBION SC San Diego,,
U15,Southwest,31192,2027-01-17,7194,6329,Los Angeles Sports Club,Ventura County Fusion,,
U15,Southwest,31198,2027-01-17,5861,6057,Phoenix Rising FC,City SC - San Diego,,
U15,Southwest,31204,2027-01-17,6009,6167,RSL Arizona,FC Golden State Force,,
U15,Southwest,31035,2027-01-17T11:00Z,5955,7239,LA Surf Soccer Club,SoCal Reds FC,,
U15,Southwest,31332,2027-01-23,6094,5955,Barca Residency Academy,LA Surf Soccer Club,,
U15,Southwest,31340,2027-01-23,6009,6293,RSL Arizona,Santa Barbara Soccer Club,,
U15,Southwest,31376,2027-01-24,6167,6329,FC Golden State Force,Ventura County Fusion,,
U15,Southwest,31382,2027-01-24,5861,6293,Phoenix Rising FC,Santa Barbara Soccer Club,,
U15,Southwest,31390,2027-01-24,6173,5955,SC Del Sol,LA Surf Soccer Club,,
U15,Southwest,31400,2027-01-24,5817,6040,Total Futbol Academy,Albion SC Los Angeles,,
U15,Southwest,31183,2027-01-24T17:00Z,7200,5854,Las Vegas Sports Academy,City SC Southwest,,
U15,Southwest,31516,2027-01-30,6284,7270,ALBION SC San Diego,Albion SC Las Vegas,,
U15,Southwest,31522,2027-01-30,6040,7200,Albion SC Los Angeles,Las Vegas Sports Academy,,
U15,Southwest,31534,2027-01-30,6047,6057,Strikers FC,City SC - San Diego,,
U15,Southwest,31540,2027-01-30,6329,6009,Ventura County Fusion,RSL Arizona,,
U15,Southwest,31570,2027-01-31,6040,6009,Albion SC Los Angeles,RSL Arizona,,
U15,Southwest,31576,2027-01-31,5854,7270,City SC Southwest,Albion SC Las Vegas,,
U15,Southwest,31582,2027-01-31,7192,6057,Los Angeles Bulls Soccer Club,City SC - San Diego,,
U15,Southwest,31592,2027-01-31,6047,7200,Strikers FC,Las Vegas Sports Academy,,
U15,Southwest,31711,2027-02-06,6265,5861,Los Angeles Football Club,Phoenix Rising FC,,
U15,Southwest,31716,2027-02-06,7239,5669,SoCal Reds FC,Chula Vista FC,,
U15,Southwest,31748,2027-02-07,7192,5817,Los Angeles Bulls Soccer Club,Total Futbol Academy,,
U15,Southwest,31754,2027-02-07,7194,6040,Los Angeles Sports Club,Albion SC Los Angeles,,
U15,Southwest,31764,2027-02-07,7239,5861,SoCal Reds FC,Phoenix Rising FC,,
U15,Southwest,31921,2027-02-13,6040,6265,Albion SC Los Angeles,Los Angeles Football Club,,
U15,Southwest,32282,2027-02-20,6284,7194,ALBION SC San Diego,Los Angeles Sports Club,,
U15,Southwest,32290,2027-02-20,7192,6167,Los Angeles Bulls Soccer Club,FC Golden State Force,,
U15,Southwest,32300,2027-02-20,6173,6040,SC Del Sol,Albion SC Los Angeles,,
U15,Southwest,32306,2027-02-20,6047,5955,Strikers FC,LA Surf Soccer Club,,
U15,Southwest,32469,2027-02-21,5669,7194,Chula Vista FC,Los Angeles Sports Club,,
U15,Southwest,32475,2027-02-21,6265,5854,Los Angeles Football Club,City SC Southwest,,
U15,Southwest,32480,2027-02-21,7239,6329,SoCal Reds FC,Ventura County Fusion,,
U15,Southwest,32486,2027-02-21,5817,6009,Total Futbol Academy,RSL Arizona,,
U15,Southwest,32723,2027-02-27,6057,6265,City SC - San Diego,Los Angeles Football Club,,
U15,Southwest,32895,2027-02-28,7270,6094,Albion SC Las Vegas,Barca Residency Academy,,
U15,Southwest,32901,2027-02-28,6284,6173,ALBION SC San Diego,SC Del Sol,,
U15,Southwest,32907,2027-02-28,6167,6047,FC Golden State Force,Strikers FC,,
U15,Southwest,32915,2027-02-28,7192,7239,Los Angeles Bulls Soccer Club,SoCal Reds FC,,
U15,Southwest,32921,2027-02-28,6293,6040,Santa Barbara Soccer Club,Albion SC Los Angeles,,
U15,Southwest,32927,2027-02-28,5817,7194,Total Futbol Academy,Los Angeles Sports Club,,
U15,Southwest,33155,2027-03-06,7194,6057,Los Angeles Sports Club,City SC - San Diego,,
U15,Southwest,33161,2027-03-06,6009,5854,RSL Arizona,City SC Southwest,,
U15,Southwest,33319,2027-03-07,6040,7192,Albion SC Los Angeles,Los Angeles Bulls Soccer Club,,
U15,Southwest,33329,2027-03-07,7194,7200,Los Angeles Sports Club,Las Vegas Sports Academy,,
U15,Southwest,33335,2027-03-07,5955,6167,LA Surf Soccer Club,FC Golden State Force,,
U15,Southwest,33345,2027-03-07,6293,6047,Santa Barbara Soccer Club,Strikers FC,,
U15,Southwest,33353,2027-03-07,6329,6057,Ventura County Fusion,City SC - San Diego,,
U15,Southwest,33548,2027-03-13,6040,5669,Albion SC Los Angeles,Chula Vista FC,,
U15,Southwest,33554,2027-03-13,6057,7200,City SC - San Diego,Las Vegas Sports Academy,,
U15,Southwest,33560,2027-03-13,6167,5854,FC Golden State Force,City SC Southwest,,
U15,Southwest,33568,2027-03-13,6009,7192,RSL Arizona,Los Angeles Bulls Soccer Club,,
U15,Southwest,33574,2027-03-13,6173,7270,SC Del Sol,Albion SC Las Vegas,,
U15,Southwest,33582,2027-03-13,6047,7239,Strikers FC,SoCal Reds FC,,
U15,Southwest,33588,2027-03-13,5817,6293,Total Futbol Academy,Santa Barbara Soccer Club,,
U15,Southwest,33746,2027-03-14,6284,5861,ALBION SC San Diego,Phoenix Rising FC,,
U15,Southwest,33752,2027-03-14,6040,5854,Albion SC Los Angeles,City SC Southwest,,
U15,Southwest,33758,2027-03-14,6167,5669,FC Golden State Force,Chula Vista FC,,
U15,Southwest,33975,2027-03-20,7270,5817,Albion SC Las Vegas,Total Futbol Academy,,
U15,Southwest,33989,2027-03-20,6173,6094,SC Del Sol,Barca Residency Academy,,
U15,Southwest,34167,2027-03-21,7200,5817,Las Vegas Sports Academy,Total Futbol Academy,,
U15,Southwest,34177,2027-03-21,6293,5955,Santa Barbara Soccer Club,LA Surf Soccer Club,,
U15,Southwest,34183,2027-03-21,6329,6040,Ventura County Fusion,Albion SC Los Angeles,,
U15,Southwest,34451,2027-03-27,5669,5854,Chula Vista FC,City SC Southwest,,
U15,Southwest,34457,2027-03-27,6057,6284,City SC - San Diego,ALBION SC San Diego,,
U15,Southwest,34465,2027-03-27,7192,5955,Los Angeles Bulls Soccer Club,LA Surf Soccer Club,,
U15,Southwest,34471,2027-03-27,7194,6293,Los Angeles Sports Club,Santa Barbara Soccer Club,,
U15,Southwest,34477,2027-03-27,5861,6094,Phoenix Rising FC,Barca Residency Academy,,
U15,Southwest,34483,2027-03-27,6173,6009,SC Del Sol,RSL Arizona,,
U15,Southwest,34491,2027-03-27,6329,5817,Ventura County Fusion,Total Futbol Academy,,
U15,Southwest,34712,2027-04-03,7270,7239,Albion SC Las Vegas,SoCal Reds FC,,
U15,Southwest,34718,2027-04-03,6284,7192,ALBION SC San Diego,Los Angeles Bulls Soccer Club,,
U15,Southwest,34722,2027-04-03,6094,5817,Barca Residency Academy,Total Futbol Academy,,
U15,Southwest,34728,2027-04-03,5669,5861,Chula Vista FC,Phoenix Rising FC,,
U15,Southwest,34734,2027-04-03,6057,6040,City SC - San Diego,Albion SC Los Angeles,,
U15,Southwest,34740,2027-04-03,5854,6293,City SC Southwest,Santa Barbara Soccer Club,,
U15,Southwest,34746,2027-04-03,7200,6009,Las Vegas Sports Academy,RSL Arizona,,
U15,Southwest,34754,2027-04-03,6173,6265,SC Del Sol,Los Angeles Football Club,,
U15,Southwest,34757,2027-04-03,6329,5955,Ventura County Fusion,LA Surf Soccer Club,,
U15,Southwest,34890,2027-04-04,7270,6009,Albion SC Las Vegas,RSL Arizona,,
U15,Southwest,34896,2027-04-04,6284,6293,ALBION SC San Diego,Santa Barbara Soccer Club,,
U15,Southwest,34900,2027-04-04,6094,6265,Barca Residency Academy,Los Angeles Football Club,,
U15,Southwest,34903,2027-04-04,5669,7192,Chula Vista FC,Los Angeles Bulls Soccer Club,,
U15,Southwest,34909,2027-04-04,6057,6167,City SC - San Diego,FC Golden State Force,,
U15,Southwest,34915,2027-04-04,5854,5861,City SC Southwest,Phoenix Rising FC,,
U15,Southwest,34921,2027-04-04,7200,7239,Las Vegas Sports Academy,SoCal Reds FC,,
U15,Southwest,34927,2027-04-04,7194,6047,Los Angeles Sports Club,Strikers FC,,
U15,Southwest,34935,2027-04-04,6173,5817,SC Del Sol,Total Futbol Academy,,
U15,Southwest,35136,2027-04-10,5861,7200,Phoenix Rising FC,Las Vegas Sports Academy,,
U15,Southwest,35142,2027-04-10,6329,7270,Ventura County Fusion,Albion SC Las Vegas,,
U15,Southwest,35293,2027-04-11,6284,5669,ALBION SC San Diego,Chula Vista FC,,
U15,Southwest,35299,2027-04-11,6040,7239,Albion SC Los Angeles,SoCal Reds FC,,
U15,Southwest,35303,2027-04-11,6094,7200,Barca Residency Academy,Las Vegas Sports Academy,,
U15,Southwest,35309,2027-04-11,6167,7194,FC Golden State Force,Los Angeles Sports Club,,
U15,Southwest,35315,2027-04-11,7192,6047,Los Angeles Bulls Soccer Club,Strikers FC,,
U15,Southwest,35325,2027-04-11,6293,7270,Santa Barbara Soccer Club,Albion SC Las Vegas,,
U15,Southwest,35331,2027-04-11,5817,6265,Total Futbol Academy,Los Angeles Football Club,,
U15,Southwest,35577,2027-04-17,7270,6265,Albion SC Las Vegas,Los Angeles Football Club,,
U15,Southwest,35580,2027-04-17,5669,6094,Chula Vista FC,Barca Residency Academy,,
U15,Southwest,35586,2027-04-17,6057,5817,City SC - San Diego,Total Futbol Academy,,
U15,Southwest,35592,2027-04-17,5854,6329,City SC Southwest,Ventura County Fusion,,
U15,Southwest,35600,2027-04-17,6293,7192,Santa Barbara Soccer Club,Los Angeles Bulls Soccer Club,,
U15,Southwest,35606,2027-04-17,7239,6167,SoCal Reds FC,FC Golden State Force,,
U15,Southwest,35612,2027-04-17,6047,6040,Strikers FC,Albion SC Los Angeles,,
U15,Southwest,35767,2027-04-18,5669,6173,Chula Vista FC,SC Del Sol,,
U15,Southwest,35775,2027-04-18,5854,6094,City SC Southwest,Barca Residency Academy,,
U15,Southwest,35781,2027-04-18,7200,6265,Las Vegas Sports Academy,Los Angeles Football Club,,
U15,Southwest,35784,2027-04-18,5955,7194,LA Surf Soccer Club,Los Angeles Sports Club,,
U15,Southwest,35790,2027-04-18,6009,5861,RSL Arizona,Phoenix Rising FC,,
U15,Southwest,36000,2027-04-24,6167,6265,FC Golden State Force,Los Angeles Football Club,,
U15,Southwest,36003,2027-04-24,5861,6047,Phoenix Rising FC,Strikers FC,,
U15,Southwest,36009,2027-04-24,6009,6284,RSL Arizona,ALBION SC San Diego,,
U15,Southwest,36165,2027-04-25,7270,7200,Albion SC Las Vegas,Las Vegas Sports Academy,,
U15,Southwest,36171,2027-04-25,6040,5955,Albion SC Los Angeles,LA Surf Soccer Club,,
U15,Southwest,36175,2027-04-25,6094,6284,Barca Residency Academy,ALBION SC San Diego,,
U15,Southwest,36181,2027-04-25,5854,6057,City SC Southwest,City SC - San Diego,,
U15,Southwest,36187,2027-04-25,7194,7192,Los Angeles Sports Club,Los Angeles Bulls Soccer Club,,
U15,Southwest,36195,2027-04-25,6173,6047,SC Del Sol,Strikers FC,,
U15,Southwest,36203,2027-04-25,6293,6329,Santa Barbara Soccer Club,Ventura County Fusion,,
U15,Southwest,36209,2027-04-25,7239,5817,SoCal Reds FC,Total Futbol Academy,,
U15,Southwest,36552,2027-05-08,6284,5854,ALBION SC San Diego,City SC Southwest,,
U15,Southwest,36558,2027-05-08,6040,6167,Albion SC Los Angeles,FC Golden State Force,,
U15,Southwest,36562,2027-05-08,6094,6009,Barca Residency Academy,RSL Arizona,,
U15,Southwest,36568,2027-05-08,6057,5669,City SC - San Diego,Chula Vista FC,,
U15,Southwest,36574,2027-05-08,7200,7192,Las Vegas Sports Academy,Los Angeles Bulls Soccer Club,,
U15,Southwest,36580,2027-05-08,7194,6265,Los Angeles Sports Club,Los Angeles Football Club,,
U15,Southwest,36583,2027-05-08,5955,5817,LA Surf Soccer Club,Total Futbol Academy,,
U15,Southwest,36589,2027-05-08,5861,6173,Phoenix Rising FC,SC Del Sol,,
U15,Southwest,36597,2027-05-08,7239,6293,SoCal Reds FC,Santa Barbara Soccer Club,,
U15,Southwest,36603,2027-05-08,6047,6329,Strikers FC,Ventura County Fusion,,
U15,Southwest,31014,2027-05-15,7192,6265,Los Angeles Bulls Soccer Club,Los Angeles Football Club,,
U16,Central (Pro Player Pathway),26820,2026-09-19T14:00Z,7223,5986,Columbus Crew,St. Louis City SC,2,0
U16,Central (Pro Player Pathway),26823,2026-09-19T15:00Z,7261,7227,Sporting Kansas City,Minnesota United FC,0,4
U16,Central (Pro Player Pathway),27253,2026-09-26T15:00Z,7266,7261,Chicago Fire FC,Sporting Kansas City,3,0
U16,Central (Pro Player Pathway),27256,2026-09-26T18:00Z,7227,7197,Minnesota United FC,FC Cincinnati,5,2
U16,Central (Pro Player Pathway),27259,2026-09-26T18:30Z,5986,7224,St. Louis City SC,Colorado Rapids,1,5
U16,Central (Pro Player Pathway),28173,2026-10-10T15:00Z,7261,5986,Sporting Kansas City,St. Louis City SC,,
U16,Central (Pro Player Pathway),28167,2026-10-10T16:00Z,7224,7223,Colorado Rapids,Columbus Crew,,
U16,Central (Pro Player Pathway),28170,2026-10-10T18:00Z,7197,7266,FC Cincinnati,Chicago Fire FC,,
U16,Central (Pro Player Pathway),28232,2026-10-17T15:00Z,7266,7227,Chicago Fire FC,Minnesota United FC,,
U16,Central (Pro Player Pathway),28486,2026-10-18T15:00Z,7197,7223,FC Cincinnati,Columbus Crew,,
U16,Central (Pro Player Pathway),28717,2026-10-24T14:00Z,7223,7261,Columbus Crew,Sporting Kansas City,,
U16,Central (Pro Player Pathway),28714,2026-10-24T18:00Z,7227,7224,Minnesota United FC,Colorado Rapids,,
U16,Central (Pro Player Pathway),28720,2026-10-24T19:30Z,5986,7197,St. Louis City SC,FC Cincinnati,,
U16,Central (Pro Player Pathway),29161,2026-10-31T16:00Z,7224,7266,Colorado Rapids,Chicago Fire FC,,
U16,Central (Pro Player Pathway),29164,2026-10-31T18:30Z,7261,7197,Sporting Kansas City,FC Cincinnati,,
U16,Central (Pro Player Pathway),29562,2026-11-07T19:00Z,7227,5986,Minnesota United FC,St. Louis City SC,,
U16,Central (Pro Player Pathway),29559,2026-11-07T20:30Z,7266,7223,Chicago Fire FC,Columbus Crew,,
U16,Central (Pro Player Pathway),29992,2026-11-14T15:00Z,7223,7227,Columbus Crew,Minnesota United FC,,
U16,Central (Pro Player Pathway),29995,2026-11-14T18:00Z,7197,7224,FC Cincinnati,Colorado Rapids,,
U16,Central (Pro Player Pathway),30458,2026-11-21T17:00Z,7224,7261,Colorado Rapids,Sporting Kansas City,,
U16,Central (Pro Player Pathway),30461,2026-11-21T20:30Z,5986,7266,St. Louis City SC,Chicago Fire FC,,
U16,Central (Pro Player Pathway),32070,2027-02-20,7223,7197,Columbus Crew,FC Cincinnati,,
U16,Central (Pro Player Pathway),32073,2027-02-20,7224,7227,Colorado Rapids,Minnesota United FC,,
U16,Central (Pro Player Pathway),32067,2027-02-20T20:30Z,7266,5986,Chicago Fire FC,St. Louis City SC,,
U16,Central (Pro Player Pathway),32493,2027-02-27T17:00Z,7224,7197,Colorado Rapids,FC Cincinnati,,
U16,Central (Pro Player Pathway),32496,2027-02-27T19:00Z,7227,7261,Minnesota United FC,Sporting Kansas City,,
U16,Central (Pro Player Pathway),32936,2027-03-06,5986,7223,St. Louis City SC,Columbus Crew,,
U16,Central (Pro Player Pathway),33366,2027-03-13,7223,7224,Columbus Crew,Colorado Rapids,,
U16,Central (Pro Player Pathway),33369,2027-03-13,7197,7261,FC Cincinnati,Sporting Kansas City,,
U16,Central (Pro Player Pathway),34942,2027-04-10,5986,7261,St. Louis City SC,Sporting Kansas City,,
U16,Central (Pro Player Pathway),34939,2027-04-10T18:00Z,7227,7266,Minnesota United FC,Chicago Fire FC,,
U16,Central (Pro Player Pathway),35332,2027-04-17,7223,7266,Columbus Crew,Chicago Fire FC,,
U16,Central (Pro Player Pathway),35335,2027-04-17,7261,7224,Sporting Kansas City,Colorado Rapids,,
U16,Central (Pro Player Pathway),35338,2027-04-17,5986,7227,St. Louis City SC,Minnesota United FC,,
U16,Central (Pro Player Pathway),35799,2027-04-24,7227,7223,Minnesota United FC,Columbus Crew,,
U16,Central (Pro Player Pathway),35796,2027-04-24T15:00Z,7266,7197,Chicago Fire FC,FC Cincinnati,,
U16,Central (Pro Player Pathway),36262,2027-05-08,7197,5986,FC Cincinnati,St. Louis City SC,,
U16,Central (Pro Player Pathway),36265,2027-05-08,7261,7223,Sporting Kansas City,Columbus Crew,,
U16,Central (Pro Player Pathway),36259,2027-05-08T15:00Z,7266,7224,Chicago Fire FC,Colorado Rapids,,
U16,Central (Pro Player Pathway),36615,2027-05-15,7224,5986,Colorado Rapids,St. Louis City SC,,
U16,Central (Pro Player Pathway),36618,2027-05-15,7197,7227,FC Cincinnati,Minnesota United FC,,
U16,Central (Pro Player Pathway),36621,2027-05-15,7261,7266,Sporting Kansas City,Chicago Fire FC,,
U16,Florida,26032,2026-09-05T15:00Z,5768,5948,South Florida Football Academy,Athletum FC Academy,1,3
U16,Florida,26014,2026-09-05T16:00Z,9750,6133,Orlando City Soccer School South,Tampa Bay United,3,0
U16,Florida,26026,2026-09-05T16:00Z,5752,10490,Sol SC Florida,One FC,1,2
U16,Florida,26421,2026-09-12T16:00Z,5846,5948,West Florida Flames,Athletum FC Academy,3,0
U16,Florida,27285,2026-09-26T15:00Z,5768,5969,South Florida Football Academy,Miami Futbol Academy Rush,3,0
U16,Florida,29586,2026-10-11T18:00Z,5752,5812,Sol SC Florida,Jacksonville FC,,
U16,Florida,28270,2026-10-17T17:00Z,5846,9727,West Florida Flames,IdeaSport SA,,
U16,Florida,28250,2026-10-17T18:30Z,5969,5752,Miami Futbol Academy Rush,Sol SC Florida,,
U16,Florida,29182,2026-10-31T14:00Z,5752,5786,Sol SC Florida,Seminole United,,
U16,Florida,29188,2026-11-01T18:00Z,6133,5812,Tampa Bay United,Jacksonville FC,,
U16,Florida,29568,2026-11-07T21:00Z,5948,6133,Athletum FC Academy,Tampa Bay United,,
U16,Florida,30031,2026-11-14T14:00Z,5846,6133,West Florida Flames,Tampa Bay United,,
U16,Florida,30013,2026-11-14T17:30Z,5812,5948,Jacksonville FC,Athletum FC Academy,,
U16,Florida,29598,2026-11-15T20:00Z,5713,5787,Weston FC,IMG,,
U16,Florida,30487,2026-11-21T16:00Z,9750,5812,Orlando City Soccer School South,Jacksonville FC,,
U16,Florida,30479,2026-11-21T20:00Z,10490,5786,One FC,Seminole United,,
U16,Florida,29592,2026-12-19T20:00Z,5768,9750,South Florida Football Academy,Orlando City Soccer School South,,
U16,Florida,30951,2027-01-09,5969,9750,Miami Futbol Academy Rush,Orlando City Soccer School South,,
U16,Florida,30961,2027-01-09,5768,9727,South Florida Football Academy,IdeaSport SA,,
U16,Florida,31051,2027-01-16,9727,5713,IdeaSport SA,Weston FC,,
U16,Florida,31057,2027-01-16,10490,5948,One FC,Athletum FC Academy,,
U16,Florida,31069,2027-01-16,5786,5969,Seminole United,Miami Futbol Academy Rush,,
U16,Florida,31419,2027-01-30T19:00Z,5787,5812,IMG,Jacksonville FC,,
U16,Florida,31615,2027-02-06,9727,6133,IdeaSport SA,Tampa Bay United,,
U16,Florida,31609,2027-02-06T15:00Z,5787,5786,IMG,Seminole United,,
U16,Florida,31633,2027-02-06T20:00Z,5846,5969,West Florida Flames,Miami Futbol Academy Rush,,
U16,Florida,34216,2027-02-07T19:00Z,9750,5713,Orlando City Soccer School South,Weston FC,,
U16,Florida,30025,2027-02-20T20:00Z,5786,9750,Seminole United,Orlando City Soccer School South,,
U16,Florida,32508,2027-02-27T14:00Z,5787,5846,IMG,West Florida Flames,,
U16,Florida,32948,2027-03-06,9727,9750,IdeaSport SA,Orlando City Soccer School South,,
U16,Florida,32956,2027-03-06,5969,5713,Miami Futbol Academy Rush,Weston FC,,
U16,Florida,32966,2027-03-06,6133,5768,Tampa Bay United,South Florida Football Academy,,
U16,Florida,32942,2027-03-06T17:00Z,5787,10490,IMG,One FC,,
U16,Florida,33375,2027-03-13,5948,5713,Athletum FC Academy,Weston FC,,
U16,Florida,33385,2027-03-13,10490,5969,One FC,Miami Futbol Academy Rush,,
U16,Florida,33399,2027-03-13,9727,5752,IdeaSport SA,Sol SC Florida,,
U16,Florida,33811,2027-03-20T15:00Z,5713,5768,Weston FC,South Florida Football Academy,,
U16,Florida,33805,2027-03-20T16:00Z,5846,5752,West Florida Flames,Sol SC Florida,,
U16,Florida,34222,2027-03-27,5752,5787,Sol SC Florida,IMG,,
U16,Florida,34502,2027-04-03,5948,5752,Athletum FC Academy,Sol SC Florida,,
U16,Florida,34508,2027-04-03,5787,5768,IMG,South Florida Football Academy,,
U16,Florida,34514,2027-04-03,5969,5812,Miami Futbol Academy Rush,Jacksonville FC,,
U16,Florida,34522,2027-04-03,5786,9727,Seminole United,IdeaSport SA,,
U16,Florida,34528,2027-04-03,6133,10490,Tampa Bay United,One FC,,
U16,Florida,34534,2027-04-03T17:00Z,5846,9750,West Florida Flames,Orlando City Soccer School South,,
U16,Florida,26403,2027-04-04T18:00Z,10490,5812,One FC,Jacksonville FC,0,0
U16,Florida,34948,2027-04-10,5948,9727,Athletum FC Academy,IdeaSport SA,,
U16,Florida,34954,2027-04-10,5786,5812,Seminole United,Jacksonville FC,,
U16,Florida,34960,2027-04-10,10490,5768,One FC,South Florida Football Academy,,
U16,Florida,34972,2027-04-10,5752,6133,Sol SC Florida,Tampa Bay United,,
U16,Florida,34966,2027-04-10T17:00Z,9750,5787,Orlando City Soccer School South,IMG,,
U16,Florida,34978,2027-04-10T19:00Z,5713,5846,Weston FC,West Florida Flames,,
U16,Florida,32107,2027-04-11T15:00Z,5768,5846,South Florida Football Academy,West Florida Flames,,
U16,Florida,35344,2027-04-17,5787,5948,IMG,Athletum FC Academy,,
U16,Florida,35350,2027-04-17,9727,5969,IdeaSport SA,Miami Futbol Academy Rush,,
U16,Florida,35362,2027-04-17,5768,5752,South Florida Football Academy,Sol SC Florida,,
U16,Florida,35368,2027-04-17,6133,5786,Tampa Bay United,Seminole United,,
U16,Florida,35356,2027-04-17T16:00Z,9750,10490,Orlando City Soccer School South,One FC,,
U16,Florida,35374,2027-04-17T18:00Z,5713,5812,Weston FC,Jacksonville FC,,
U16,Florida,35805,2027-04-24,5948,9750,Athletum FC Academy,Orlando City Soccer School South,,
U16,Florida,35811,2027-04-24,5812,5846,Jacksonville FC,West Florida Flames,,
U16,Florida,35817,2027-04-24,5969,5787,Miami Futbol Academy Rush,IMG,,
U16,Florida,35823,2027-04-24,10490,9727,One FC,IdeaSport SA,,
U16,Florida,35829,2027-04-24,5786,5768,Seminole United,South Florida Football Academy,,
U16,Florida,35835,2027-04-24,6133,5713,Tampa Bay United,Weston FC,,
U16,Florida,36271,2027-05-08,5948,5969,Athletum FC Academy,Miami Futbol Academy Rush,,
U16,Florida,36277,2027-05-08,5812,9727,Jacksonville FC,IdeaSport SA,,
U16,Florida,36293,2027-05-08,6133,5787,Tampa Bay United,IMG,,
U16,Florida,36299,2027-05-08T14:00Z,5713,10490,Weston FC,One FC,,
U16,Florida,36283,2027-05-08T18:00Z,9750,5752,Orlando City Soccer School South,Sol SC Florida,,
U16,Florida,36627,2027-05-15,9727,5787,IdeaSport SA,IMG,,
U16,Florida,36633,2027-05-15,5812,5768,Jacksonville FC,South Florida Football Academy,,
U16,Florida,36639,2027-05-15,5969,6133,Miami Futbol Academy Rush,Tampa Bay United,,
U16,Florida,36645,2027-05-15,10490,5846,One FC,West Florida Flames,,
U16,Florida,36651,2027-05-15,5786,5948,Seminole United,Athletum FC Academy,,
U16,Florida,36657,2027-05-15T20:00Z,5752,5713,Sol SC Florida,Weston FC,,
U16,Florida,29580,2027-06-08T18:00Z,5786,5846,Seminole United,West Florida Flames,,
U16,Florida,26427,2027-06-08T19:00Z,5713,5786,Weston FC,Seminole United,,
U16,Frontier,27303,2026-09-26T17:00Z,7151,5926,AC River,Houston Rangers,1,3
U16,Frontier,27309,2026-09-26T19:00Z,6340,10485,GFI Academy,SGA,4,0
U16,Frontier,34018,2026-10-10T15:00Z,6315,9690,Capital City SC,Tulsa Greenwood SC,,
U16,Frontier,28276,2026-10-17T20:00Z,6155,10485,Dallas Hornets,SGA,,
U16,Frontier,28504,2026-10-18T18:00Z,5926,9690,Houston Rangers,Tulsa Greenwood SC,,
U16,Frontier,33183,2026-10-18T18:00Z,9666,7151,ALBION SC Colorado,AC River,,
U16,Frontier,29011,2026-10-25T16:00Z,9690,9666,Tulsa Greenwood SC,ALBION SC Colorado,,
U16,Frontier,29604,2026-11-07T19:00Z,9666,6155,ALBION SC Colorado,Dallas Hornets,,
U16,Frontier,30511,2026-11-21T20:00Z,6315,9666,Capital City SC,ALBION SC Colorado,,
U16,Frontier,31644,2027-02-06T18:00Z,6340,7151,GFI Academy,AC River,,
U16,Frontier,31820,2027-02-13,6155,6340,Dallas Hornets,GFI Academy,,
U16,Frontier,31831,2027-02-13,10485,5926,SGA,Houston Rangers,,
U16,Frontier,32547,2027-02-27,6340,6315,GFI Academy,Capital City SC,,
U16,Frontier,32978,2027-03-06,9666,10485,ALBION SC Colorado,SGA,,
U16,Frontier,32988,2027-03-06,5926,6155,Houston Rangers,Dallas Hornets,,
U16,Frontier,33829,2027-03-20,5926,9666,Houston Rangers,ALBION SC Colorado,,
U16,Frontier,34234,2027-03-27,6315,5926,Capital City SC,Houston Rangers,,
U16,Frontier,34240,2027-03-27,9690,6340,Tulsa Greenwood SC,GFI Academy,,
U16,Frontier,34552,2027-04-03,9690,10485,Tulsa Greenwood SC,SGA,,
U16,Frontier,34540,2027-04-03T19:00Z,7151,6315,AC River,Capital City SC,,
U16,Frontier,34984,2027-04-10,6155,7151,Dallas Hornets,AC River,,
U16,Frontier,34024,2027-04-17T16:00Z,6340,9666,GFI Academy,ALBION SC Colorado,,
U16,Frontier,35842,2027-04-24,5926,6340,Houston Rangers,GFI Academy,,
U16,Frontier,35848,2027-04-24,10485,7151,SGA,AC River,,
U16,Frontier,35854,2027-04-24,9690,6155,Tulsa Greenwood SC,Dallas Hornets,,
U16,Frontier,36021,2027-04-25,10485,6315,SGA,Capital City SC,,
U16,Frontier,36305,2027-05-01T15:00Z,7151,9690,AC River,Tulsa Greenwood SC,,
U16,Frontier,36311,2027-05-08,6155,6315,Dallas Hornets,Capital City SC,,
U16,Mid-America,26038,2026-09-05T18:00Z,5979,7165,Bavarian United SC,Hoosier Premier,1,4
U16,Mid-America,32558,2026-09-05T19:00Z,6241,9714,Chicago FC United,Cincinnati United Soccer Club,2,1
U16,Mid-America,26215,2026-09-06T18:00Z,6217,7165,SC Wave,Hoosier Premier,1,1
U16,Mid-America,32766,2026-09-06T19:00Z,6034,9714,Sockers FC Chicago,Cincinnati United Soccer Club,4,4
U16,Mid-America,32131,2026-09-06T20:00Z,6253,6003,Midwest United FC,Vardar Soccer Club,0,7
U16,Mid-America,26458,2026-09-12T15:00Z,9660,6217,AC Grand Rapids,SC Wave,5,0
U16,Mid-America,26627,2026-09-13T13:00Z,6253,6217,Midwest United FC,SC Wave,0,4
U16,Mid-America,27331,2026-09-26T14:00Z,5991,6003,St. Louis Scott Gallagher,Vardar Soccer Club,1,2
U16,Mid-America,27335,2026-09-26T17:00Z,7165,10500,Hoosier Premier,Club Ohio,2,1
U16,Mid-America,27320,2026-09-26T20:00Z,6241,5996,Chicago FC United,Michigan Jaguars,1,1
U16,Mid-America,27517,2026-09-27T17:00Z,6227,6003,Lou Fusz Athletic,Vardar Soccer Club,0,1
U16,Mid-America,27753,2026-10-03T13:00Z,5697,6075,Michigan Wolves,Shattuck-St. Mary's,,
U16,Mid-America,27759,2026-10-03T19:00Z,6034,9660,Sockers FC Chicago,AC Grand Rapids,,
U16,Mid-America,27972,2026-10-04T16:00Z,6241,9660,Chicago FC United,AC Grand Rapids,,
U16,Mid-America,34250,2026-10-04T16:00Z,9714,6075,Cincinnati United Soccer Club,Shattuck-St. Mary's,,
U16,Mid-America,28177,2026-10-10T18:30Z,6075,6227,Shattuck-St. Mary's,Lou Fusz Athletic,,
U16,Mid-America,28220,2026-10-11T18:30Z,6075,6115,Shattuck-St. Mary's,Indy Eleven,,
U16,Mid-America,28294,2026-10-17T18:00Z,5979,6034,Bavarian United SC,Sockers FC Chicago,,
U16,Mid-America,28302,2026-10-17T20:00Z,5697,9714,Michigan Wolves,Cincinnati United Soccer Club,,
U16,Mid-America,28510,2026-10-18T14:00Z,5979,5996,Bavarian United SC,Michigan Jaguars,,
U16,Mid-America,28523,2026-10-18T17:00Z,6003,6115,Vardar Soccer Club,Indy Eleven,,
U16,Mid-America,29041,2026-10-24T14:00Z,6217,5697,SC Wave,Michigan Wolves,,
U16,Mid-America,28798,2026-10-24T17:15Z,6115,6241,Indy Eleven,Chicago FC United,,
U16,Mid-America,28784,2026-10-24T17:30Z,9714,6227,Cincinnati United Soccer Club,Lou Fusz Athletic,,
U16,Mid-America,28790,2026-10-24T19:45Z,10500,5996,Club Ohio,Michigan Jaguars,,
U16,Mid-America,29029,2026-10-25T13:00Z,7165,6241,Hoosier Premier,Chicago FC United,,
U16,Mid-America,29047,2026-10-25T14:00Z,5991,9660,St. Louis Scott Gallagher,AC Grand Rapids,,
U16,Mid-America,29017,2026-10-25T15:30Z,9714,5979,Cincinnati United Soccer Club,Bavarian United SC,,
U16,Mid-America,29023,2026-10-25T15:45Z,10500,6227,Club Ohio,Lou Fusz Athletic,,
U16,Mid-America,29035,2026-10-25T17:15Z,6115,6253,Indy Eleven,Midwest United FC,,
U16,Mid-America,29223,2026-10-31T17:15Z,6115,9714,Indy Eleven,Cincinnati United Soccer Club,,
U16,Mid-America,29635,2026-11-07T17:15Z,6075,6241,Shattuck-St. Mary's,Chicago FC United,,
U16,Mid-America,32137,2026-11-07T18:00Z,6217,10500,SC Wave,Club Ohio,,
U16,Mid-America,29625,2026-11-07T19:00Z,9714,6003,Cincinnati United Soccer Club,Vardar Soccer Club,,
U16,Mid-America,29840,2026-11-08T15:00Z,5991,6034,St. Louis Scott Gallagher,Sockers FC Chicago,,
U16,Mid-America,32332,2026-11-08T18:00Z,5979,10500,Bavarian United SC,Club Ohio,,
U16,Mid-America,30070,2026-11-14T15:00Z,5991,5979,St. Louis Scott Gallagher,Bavarian United SC,,
U16,Mid-America,30064,2026-11-14T18:00Z,5996,6217,Michigan Jaguars,SC Wave,,
U16,Mid-America,30056,2026-11-14T18:45Z,10500,6034,Club Ohio,Sockers FC Chicago,,
U16,Mid-America,30278,2026-11-15T16:45Z,10500,6241,Club Ohio,Chicago FC United,,
U16,Mid-America,30293,2026-11-15T18:00Z,6003,6217,Vardar Soccer Club,SC Wave,,
U16,Mid-America,30532,2026-11-21T18:00Z,6227,5979,Lou Fusz Athletic,Bavarian United SC,,
U16,Mid-America,30550,2026-11-21T18:00Z,6034,6075,Sockers FC Chicago,Shattuck-St. Mary's,,
U16,Mid-America,30538,2026-11-21T19:00Z,9660,10500,AC Grand Rapids,Club Ohio,,
U16,Mid-America,30546,2026-11-21T19:00Z,6253,5697,Midwest United FC,Michigan Wolves,,
U16,Mid-America,30782,2026-11-22T15:00Z,7165,6003,Hoosier Premier,Vardar Soccer Club,,
U16,Mid-America,32145,2027-02-20T17:00Z,5991,5697,St. Louis Scott Gallagher,Michigan Wolves,,
U16,Mid-America,34780,2027-02-20T19:30Z,6075,6253,Shattuck-St. Mary's,Midwest United FC,,
U16,Mid-America,32340,2027-02-21,5996,6253,Michigan Jaguars,Midwest United FC,,
U16,Mid-America,32567,2027-02-27,9660,5996,AC Grand Rapids,Michigan Jaguars,,
U16,Mid-America,32757,2027-02-28,6241,6227,Chicago FC United,Lou Fusz Athletic,,
U16,Mid-America,33004,2027-03-06,10500,6253,Club Ohio,Midwest United FC,,
U16,Mid-America,33010,2027-03-06,6115,7165,Indy Eleven,Hoosier Premier,,
U16,Mid-America,33195,2027-03-07,7165,9660,Hoosier Premier,AC Grand Rapids,,
U16,Mid-America,33203,2027-03-07,6227,5991,Lou Fusz Athletic,St. Louis Scott Gallagher,,
U16,Mid-America,29834,2027-03-07T17:00Z,5697,10500,Michigan Wolves,Club Ohio,,
U16,Mid-America,33426,2027-03-13,9660,6115,AC Grand Rapids,Indy Eleven,,
U16,Mid-America,33848,2027-03-20,6227,6217,Lou Fusz Athletic,SC Wave,,
U16,Mid-America,33854,2027-03-20,9660,5697,AC Grand Rapids,Michigan Wolves,,
U16,Mid-America,33858,2027-03-20T16:00Z,5991,6075,St. Louis Scott Gallagher,Shattuck-St. Mary's,,
U16,Mid-America,33842,2027-03-20T19:30Z,6115,5996,Indy Eleven,Michigan Jaguars,,
U16,Mid-America,35008,2027-03-20T20:00Z,6253,7165,Midwest United FC,Hoosier Premier,,
U16,Mid-America,34030,2027-03-21,6241,6253,Chicago FC United,Midwest United FC,,
U16,Mid-America,34258,2027-03-27,9660,6227,AC Grand Rapids,Lou Fusz Athletic,,
U16,Mid-America,34264,2027-03-27,5996,6034,Michigan Jaguars,Sockers FC Chicago,,
U16,Mid-America,34558,2027-04-03,6241,5979,Chicago FC United,Bavarian United SC,,
U16,Mid-America,34564,2027-04-03,6227,7165,Lou Fusz Athletic,Hoosier Premier,,
U16,Mid-America,34570,2027-04-03,5996,9714,Michigan Jaguars,Cincinnati United Soccer Club,,
U16,Mid-America,34580,2027-04-03,6034,5697,Sockers FC Chicago,Michigan Wolves,,
U16,Mid-America,34770,2027-04-04,6241,5991,Chicago FC United,St. Louis Scott Gallagher,,
U16,Mid-America,34776,2027-04-04,6227,6115,Lou Fusz Athletic,Indy Eleven,,
U16,Mid-America,34786,2027-04-04,6034,6003,Sockers FC Chicago,Vardar Soccer Club,,
U16,Mid-America,34246,2027-04-04T18:00Z,5979,6217,Bavarian United SC,SC Wave,,
U16,Mid-America,35002,2027-04-10,5697,6115,Michigan Wolves,Indy Eleven,,
U16,Mid-America,34994,2027-04-10T18:00Z,5979,6075,Bavarian United SC,Shattuck-St. Mary's,,
U16,Mid-America,35160,2027-04-11,10500,9714,Club Ohio,Cincinnati United Soccer Club,,
U16,Mid-America,35166,2027-04-11,5996,5697,Michigan Jaguars,Michigan Wolves,,
U16,Mid-America,35172,2027-04-11,6253,9660,Midwest United FC,AC Grand Rapids,,
U16,Mid-America,35178,2027-04-11,6217,6034,SC Wave,Sockers FC Chicago,,
U16,Mid-America,35385,2027-04-17,9714,6217,Cincinnati United Soccer Club,SC Wave,,
U16,Mid-America,35391,2027-04-17,7165,5991,Hoosier Premier,St. Louis Scott Gallagher,,
U16,Mid-America,35397,2027-04-17,6115,6034,Indy Eleven,Sockers FC Chicago,,
U16,Mid-America,35403,2027-04-17,6227,5996,Lou Fusz Athletic,Michigan Jaguars,,
U16,Mid-America,35409,2027-04-17,5697,5979,Michigan Wolves,Bavarian United SC,,
U16,Mid-America,35416,2027-04-17,6003,6241,Vardar Soccer Club,Chicago FC United,,
U16,Mid-America,34574,2027-04-17T18:30Z,6075,9660,Shattuck-St. Mary's,AC Grand Rapids,,
U16,Mid-America,35633,2027-04-18,7165,6034,Hoosier Premier,Sockers FC Chicago,,
U16,Mid-America,35645,2027-04-18,6227,6253,Lou Fusz Athletic,Midwest United FC,,
U16,Mid-America,35651,2027-04-18,5697,6241,Michigan Wolves,Chicago FC United,,
U16,Mid-America,35662,2027-04-18,6003,5979,Vardar Soccer Club,Bavarian United SC,,
U16,Mid-America,35639,2027-04-18T17:15Z,6115,5991,Indy Eleven,St. Louis Scott Gallagher,,
U16,Mid-America,35655,2027-04-18T18:30Z,6075,10500,Shattuck-St. Mary's,Club Ohio,,
U16,Mid-America,35860,2027-04-24,9714,9660,Cincinnati United Soccer Club,AC Grand Rapids,,
U16,Mid-America,35866,2027-04-24,5996,7165,Michigan Jaguars,Hoosier Premier,,
U16,Mid-America,35871,2027-04-24,6003,6075,Vardar Soccer Club,Shattuck-St. Mary's,,
U16,Mid-America,36053,2027-04-24T14:00Z,6217,5991,SC Wave,St. Louis Scott Gallagher,,
U16,Mid-America,36029,2027-04-25,9714,6253,Cincinnati United Soccer Club,Midwest United FC,,
U16,Mid-America,36035,2027-04-25,10500,6115,Club Ohio,Indy Eleven,,
U16,Mid-America,36041,2027-04-25,5996,6075,Michigan Jaguars,Shattuck-St. Mary's,,
U16,Mid-America,36047,2027-04-25,5697,6003,Michigan Wolves,Vardar Soccer Club,,
U16,Mid-America,36059,2027-04-25,6034,6241,Sockers FC Chicago,Chicago FC United,,
U16,Mid-America,36324,2027-05-08,9714,7165,Cincinnati United Soccer Club,Hoosier Premier,,
U16,Mid-America,36330,2027-05-08,9660,5979,AC Grand Rapids,Bavarian United SC,,
U16,Mid-America,36336,2027-05-08,5996,5991,Michigan Jaguars,St. Louis Scott Gallagher,,
U16,Mid-America,36342,2027-05-08,5697,6227,Michigan Wolves,Lou Fusz Athletic,,
U16,Mid-America,36348,2027-05-08,6253,6034,Midwest United FC,Sockers FC Chicago,,
U16,Mid-America,36352,2027-05-08,6217,6075,SC Wave,Shattuck-St. Mary's,,
U16,Mid-America,36360,2027-05-08,6003,10500,Vardar Soccer Club,Club Ohio,,
U16,Mid-America,34270,2027-05-09T18:00Z,6253,5991,Midwest United FC,St. Louis Scott Gallagher,,
U16,Mid-America,36669,2027-05-15,7165,5697,Hoosier Premier,Michigan Wolves,,
U16,Mid-America,36675,2027-05-15,6217,6241,SC Wave,Chicago FC United,,
U16,Mid-America,36688,2027-05-15,6003,5996,Vardar Soccer Club,Michigan Jaguars,,
U16,Mid-America,36682,2027-05-15T14:00Z,5991,9714,St. Louis Scott Gallagher,Cincinnati United Soccer Club,,
U16,Mid-America,36663,2027-05-15T18:00Z,5979,6115,Bavarian United SC,Indy Eleven,,
U16,Mid-America,36817,2027-05-16,7165,6075,Hoosier Premier,Shattuck-St. Mary's,,
U16,Mid-America,36823,2027-05-16,6217,6115,SC Wave,Indy Eleven,,
U16,Mid-America,36829,2027-05-16,6034,6227,Sockers FC Chicago,Lou Fusz Athletic,,
U16,Mid-America,36842,2027-05-16,6003,9660,Vardar Soccer Club,AC Grand Rapids,,
U16,Mid-America,36836,2027-05-16T14:00Z,5991,10500,St. Louis Scott Gallagher,Club Ohio,,
U16,Mid-America,36813,2027-05-16T16:00Z,5979,6253,Bavarian United SC,Midwest United FC,,
U16,Mid-Atlantic,26155,2026-09-05T14:00Z,9733,6111,Keystone FC,Beadling SC,1,1
U16,Mid-Atlantic,26327,2026-09-06T14:00Z,9733,6081,Keystone FC,Alexandria SA,5,1
U16,Mid-Atlantic,26331,2026-09-06T18:00Z,10464,6111,Penn Rising XI,Beadling SC,0,1
U16,Mid-Atlantic,26661,2026-09-12T20:00Z,6237,6139,Baltimore Armour,Players Development Academy,1,1
U16,Mid-Atlantic,27138,2026-09-19T18:00Z,10493,5890,Coppermine SC,PA Classics,0,8
U16,Mid-Atlantic,27137,2026-09-19T19:30Z,6270,5879,Achilles FC,Cedar Stars Academy Monmouth,0,4
U16,Mid-Atlantic,27141,2026-09-19T20:00Z,6089,5679,Sporting Athletic Club,FC DELCO,1,1
U16,Mid-Atlantic,27420,2026-09-20T16:00Z,6089,5879,Sporting Athletic Club,Cedar Stars Academy Monmouth,4,0
U16,Mid-Atlantic,27354,2026-09-20T19:00Z,10493,5679,Coppermine SC,FC DELCO,0,9
U16,Mid-Atlantic,28228,2026-09-20T19:00Z,9648,10464,The Football Academy,Penn Rising XI,5,0
U16,Mid-Atlantic,34301,2026-09-27T14:00Z,6081,6089,Alexandria SA,Sporting Athletic Club,1,2
U16,Mid-Atlantic,32018,2026-10-03T16:00Z,6237,9733,Baltimore Armour,Keystone FC,,
U16,Mid-Atlantic,28025,2026-10-03T17:00Z,5679,6179,FC DELCO,Bethesda SC,,
U16,Mid-Atlantic,28182,2026-10-03T17:00Z,6111,5890,Beadling SC,PA Classics,,
U16,Mid-Atlantic,28028,2026-10-03T18:00Z,6139,6270,Players Development Academy,Achilles FC,,
U16,Mid-Atlantic,28039,2026-10-03T20:00Z,6081,10493,Alexandria SA,Coppermine SC,,
U16,Mid-Atlantic,28225,2026-10-04T17:30Z,5664,6270,Real Futbol Academy,Achilles FC,,
U16,Mid-Atlantic,28181,2026-10-04T18:00Z,6237,9672,Baltimore Armour,Northern Virginia Alliance,,
U16,Mid-Atlantic,28227,2026-10-04T20:00Z,6161,6089,Springfield SYC,Sporting Athletic Club,,
U16,Mid-Atlantic,26325,2026-10-10T16:00Z,5679,9672,FC DELCO,Northern Virginia Alliance,,
U16,Mid-Atlantic,28572,2026-10-17T16:00Z,5664,6237,Real Futbol Academy,Baltimore Armour,,
U16,Mid-Atlantic,28567,2026-10-17T17:00Z,6111,6270,Beadling SC,Achilles FC,,
U16,Mid-Atlantic,28832,2026-10-17T18:00Z,6089,9733,Sporting Athletic Club,Keystone FC,,
U16,Mid-Atlantic,28570,2026-10-17T18:30Z,5890,5879,PA Classics,Cedar Stars Academy Monmouth,,
U16,Mid-Atlantic,28829,2026-10-18T18:00Z,6139,9648,Players Development Academy,The Football Academy,,
U16,Mid-Atlantic,28571,2026-10-18T19:00Z,10464,5679,Penn Rising XI,FC DELCO,,
U16,Mid-Atlantic,28830,2026-10-18T19:00Z,5664,6179,Real Futbol Academy,Bethesda SC,,
U16,Mid-Atlantic,29068,2026-10-24T17:00Z,9672,6139,Northern Virginia Alliance,Players Development Academy,,
U16,Mid-Atlantic,29272,2026-10-25T16:00Z,6081,6139,Alexandria SA,Players Development Academy,,
U16,Mid-Atlantic,29352,2026-10-25T17:00Z,9672,10464,Northern Virginia Alliance,Penn Rising XI,,
U16,Mid-Atlantic,29488,2026-10-31T19:00Z,5879,9672,Cedar Stars Academy Monmouth,Northern Virginia Alliance,,
U16,Mid-Atlantic,29760,2026-11-01T18:30Z,5664,9672,Real Futbol Academy,Northern Virginia Alliance,,
U16,Mid-Atlantic,29762,2026-11-01T19:00Z,6161,10493,Springfield SYC,Coppermine SC,,
U16,Mid-Atlantic,29927,2026-11-07T14:00Z,6179,9648,Bethesda SC,The Football Academy,,
U16,Mid-Atlantic,34305,2026-11-07T17:00Z,9733,9672,Keystone FC,Northern Virginia Alliance,,
U16,Mid-Atlantic,30202,2026-11-08T14:00Z,6179,10464,Bethesda SC,Penn Rising XI,,
U16,Mid-Atlantic,30209,2026-11-08T16:00Z,5679,6270,FC DELCO,Achilles FC,,
U16,Mid-Atlantic,30210,2026-11-08T19:00Z,9733,5664,Keystone FC,Real Futbol Academy,,
U16,Mid-Atlantic,30213,2026-11-08T20:45Z,6161,5890,Springfield SYC,PA Classics,,
U16,Mid-Atlantic,30580,2026-11-15T14:00Z,5679,6237,FC DELCO,Baltimore Armour,,
U16,Mid-Atlantic,32785,2026-11-15T16:00Z,6111,6089,Beadling SC,Sporting Athletic Club,,
U16,Mid-Atlantic,30394,2026-11-15T18:30Z,9648,6237,The Football Academy,Baltimore Armour,,
U16,Mid-Atlantic,30317,2026-11-15T20:00Z,5879,9733,Cedar Stars Academy Monmouth,Keystone FC,,
U16,Mid-Atlantic,31835,2026-11-21T01:00Z,6179,6161,Bethesda SC,Springfield SYC,,
U16,Mid-Atlantic,30814,2026-11-21T19:00Z,10493,6237,Coppermine SC,Baltimore Armour,,
U16,Mid-Atlantic,31834,2026-11-22T18:00Z,6111,5879,Beadling SC,Cedar Stars Academy Monmouth,,
U16,Mid-Atlantic,31841,2026-11-22T18:00Z,5890,9648,PA Classics,The Football Academy,,
U16,Mid-Atlantic,32024,2027-02-13,6161,9672,Springfield SYC,Northern Virginia Alliance,,
U16,Mid-Atlantic,32372,2027-02-20,6179,6081,Bethesda SC,Alexandria SA,,
U16,Mid-Atlantic,32374,2027-02-20,9733,10493,Keystone FC,Coppermine SC,,
U16,Mid-Atlantic,32589,2027-02-21,5879,6139,Cedar Stars Academy Monmouth,Players Development Academy,,
U16,Mid-Atlantic,32592,2027-02-21,10464,10493,Penn Rising XI,Coppermine SC,,
U16,Mid-Atlantic,32594,2027-02-21,5664,5890,Real Futbol Academy,PA Classics,,
U16,Mid-Atlantic,32596,2027-02-21T19:00Z,6089,9672,Sporting Athletic Club,Northern Virginia Alliance,,
U16,Mid-Atlantic,32783,2027-02-27,6270,9648,Achilles FC,The Football Academy,,
U16,Mid-Atlantic,32883,2027-02-28,10493,6179,Coppermine SC,Bethesda SC,,
U16,Mid-Atlantic,32885,2027-02-28,5890,6237,PA Classics,Baltimore Armour,,
U16,Mid-Atlantic,33221,2027-03-06,6081,5679,Alexandria SA,FC DELCO,,
U16,Mid-Atlantic,33228,2027-03-06,6139,10493,Players Development Academy,Coppermine SC,,
U16,Mid-Atlantic,33229,2027-03-06,6161,5664,Springfield SYC,Real Futbol Academy,,
U16,Mid-Atlantic,33230,2027-03-06,9648,6111,The Football Academy,Beadling SC,,
U16,Mid-Atlantic,33453,2027-03-07,6081,5664,Alexandria SA,Real Futbol Academy,,
U16,Mid-Atlantic,33454,2027-03-07,5879,6179,Cedar Stars Academy Monmouth,Bethesda SC,,
U16,Mid-Atlantic,33459,2027-03-07,6139,6111,Players Development Academy,Beadling SC,,
U16,Mid-Atlantic,33530,2027-03-07,6161,5679,Springfield SYC,FC DELCO,,
U16,Mid-Atlantic,33531,2027-03-07,9648,10493,The Football Academy,Coppermine SC,,
U16,Mid-Atlantic,33446,2027-03-13,6179,6111,Bethesda SC,Beadling SC,,
U16,Mid-Atlantic,33731,2027-03-13,5679,5890,FC DELCO,PA Classics,,
U16,Mid-Atlantic,33733,2027-03-13T19:00Z,6089,6270,Sporting Athletic Club,Achilles FC,,
U16,Mid-Atlantic,33950,2027-03-14,6237,6081,Baltimore Armour,Alexandria SA,,
U16,Mid-Atlantic,33952,2027-03-14,5879,10464,Cedar Stars Academy Monmouth,Penn Rising XI,,
U16,Mid-Atlantic,33956,2027-03-14,5664,9648,Real Futbol Academy,The Football Academy,,
U16,Mid-Atlantic,33955,2027-03-14T18:00Z,6139,9733,Players Development Academy,Keystone FC,,
U16,Mid-Atlantic,34136,2027-03-20,5679,5879,FC DELCO,Cedar Stars Academy Monmouth,,
U16,Mid-Atlantic,34138,2027-03-20,9733,6161,Keystone FC,Springfield SYC,,
U16,Mid-Atlantic,34141,2027-03-20,5890,6139,PA Classics,Players Development Academy,,
U16,Mid-Atlantic,34302,2027-03-21,6111,5664,Beadling SC,Real Futbol Academy,,
U16,Mid-Atlantic,34307,2027-03-21,10464,6161,Penn Rising XI,Springfield SYC,,
U16,Mid-Atlantic,34604,2027-03-27,5890,6270,PA Classics,Achilles FC,,
U16,Mid-Atlantic,34607,2027-03-27,5664,5679,Real Futbol Academy,FC DELCO,,
U16,Mid-Atlantic,34610,2027-03-27,6161,6081,Springfield SYC,Alexandria SA,,
U16,Mid-Atlantic,34597,2027-03-27T18:00Z,6111,6237,Beadling SC,Baltimore Armour,,
U16,Mid-Atlantic,34609,2027-03-27T18:00Z,6089,6179,Sporting Athletic Club,Bethesda SC,,
U16,Mid-Atlantic,34605,2027-03-27T22:00Z,6139,10464,Players Development Academy,Penn Rising XI,,
U16,Mid-Atlantic,34797,2027-04-03,9648,6081,The Football Academy,Alexandria SA,,
U16,Mid-Atlantic,34603,2027-04-03T14:00Z,9672,10493,Northern Virginia Alliance,Coppermine SC,,
U16,Mid-Atlantic,34796,2027-04-03T20:00Z,6139,6089,Players Development Academy,Sporting Athletic Club,,
U16,Mid-Atlantic,34887,2027-04-04,6237,6179,Baltimore Armour,Bethesda SC,,
U16,Mid-Atlantic,35014,2027-04-04,5879,6081,Cedar Stars Academy Monmouth,Alexandria SA,,
U16,Mid-Atlantic,35015,2027-04-04,10493,6270,Coppermine SC,Achilles FC,,
U16,Mid-Atlantic,35018,2027-04-04,5890,9733,PA Classics,Keystone FC,,
U16,Mid-Atlantic,35021,2027-04-04,9648,6089,The Football Academy,Sporting Athletic Club,,
U16,Mid-Atlantic,35019,2027-04-04T19:00Z,10464,5664,Penn Rising XI,Real Futbol Academy,,
U16,Mid-Atlantic,35190,2027-04-10,6179,9672,Bethesda SC,Northern Virginia Alliance,,
U16,Mid-Atlantic,35194,2027-04-10,6139,6161,Players Development Academy,Springfield SYC,,
U16,Mid-Atlantic,35422,2027-04-11,6270,6237,Achilles FC,Baltimore Armour,,
U16,Mid-Atlantic,35423,2027-04-11,6081,6111,Alexandria SA,Beadling SC,,
U16,Mid-Atlantic,35424,2027-04-11,5879,6161,Cedar Stars Academy Monmouth,Springfield SYC,,
U16,Mid-Atlantic,35425,2027-04-11,10493,6089,Coppermine SC,Sporting Athletic Club,,
U16,Mid-Atlantic,35426,2027-04-11,5679,9648,FC DELCO,The Football Academy,,
U16,Mid-Atlantic,35428,2027-04-11,9733,10464,Keystone FC,Penn Rising XI,,
U16,Mid-Atlantic,35017,2027-04-11T16:00Z,9672,6111,Northern Virginia Alliance,Beadling SC,,
U16,Mid-Atlantic,35667,2027-04-17,6270,9733,Achilles FC,Keystone FC,,
U16,Mid-Atlantic,35668,2027-04-17,6081,5890,Alexandria SA,PA Classics,,
U16,Mid-Atlantic,35669,2027-04-17,6237,10464,Baltimore Armour,Penn Rising XI,,
U16,Mid-Atlantic,35670,2027-04-17,6179,6139,Bethesda SC,Players Development Academy,,
U16,Mid-Atlantic,35672,2027-04-17,10493,5879,Coppermine SC,Cedar Stars Academy Monmouth,,
U16,Mid-Atlantic,35673,2027-04-17T17:00Z,9672,9648,Northern Virginia Alliance,The Football Academy,,
U16,Mid-Atlantic,35674,2027-04-17T18:00Z,6089,5664,Sporting Athletic Club,Real Futbol Academy,,
U16,Mid-Atlantic,35878,2027-04-18,6270,10464,Achilles FC,Penn Rising XI,,
U16,Mid-Atlantic,35879,2027-04-18,6237,5879,Baltimore Armour,Cedar Stars Academy Monmouth,,
U16,Mid-Atlantic,35880,2027-04-18,6111,5679,Beadling SC,FC DELCO,,
U16,Mid-Atlantic,35881,2027-04-18,6179,9733,Bethesda SC,Keystone FC,,
U16,Mid-Atlantic,35883,2027-04-18,10493,5664,Coppermine SC,Real Futbol Academy,,
U16,Mid-Atlantic,35888,2027-04-18,6161,9648,Springfield SYC,The Football Academy,,
U16,Mid-Atlantic,35886,2027-04-18T15:00Z,9672,5890,Northern Virginia Alliance,PA Classics,,
U16,Mid-Atlantic,36077,2027-04-24,6111,10493,Beadling SC,Coppermine SC,,
U16,Mid-Atlantic,36080,2027-04-24,5890,6089,PA Classics,Sporting Athletic Club,,
U16,Mid-Atlantic,36082,2027-04-24,9648,9733,The Football Academy,Keystone FC,,
U16,Mid-Atlantic,36081,2027-04-24T21:00Z,10464,6081,Penn Rising XI,Alexandria SA,,
U16,Mid-Atlantic,36371,2027-04-25,6270,9672,Achilles FC,Northern Virginia Alliance,,
U16,Mid-Atlantic,36372,2027-04-25,6237,6161,Baltimore Armour,Springfield SYC,,
U16,Mid-Atlantic,36373,2027-04-25,5879,5664,Cedar Stars Academy Monmouth,Real Futbol Academy,,
U16,Mid-Atlantic,36374,2027-04-25,5679,6139,FC DELCO,Players Development Academy,,
U16,Mid-Atlantic,36378,2027-04-25,5890,6179,PA Classics,Bethesda SC,,
U16,Mid-Atlantic,36379,2027-04-25T19:00Z,10464,6089,Penn Rising XI,Sporting Athletic Club,,
U16,Mid-Atlantic,30813,2027-05-02,6270,6081,Achilles FC,Alexandria SA,,
U16,Mid-Atlantic,36704,2027-05-08,6270,6179,Achilles FC,Bethesda SC,,
U16,Mid-Atlantic,36707,2027-05-08,9733,5679,Keystone FC,FC DELCO,,
U16,Mid-Atlantic,36711,2027-05-08,5664,6139,Real Futbol Academy,Players Development Academy,,
U16,Mid-Atlantic,36713,2027-05-08,6161,6111,Springfield SYC,Beadling SC,,
U16,Mid-Atlantic,36714,2027-05-08,9648,5879,The Football Academy,Cedar Stars Academy Monmouth,,
U16,Mid-Atlantic,36708,2027-05-08T15:00Z,9672,6081,Northern Virginia Alliance,Alexandria SA,,
U16,Mid-Atlantic,36712,2027-05-08T18:00Z,6089,6237,Sporting Athletic Club,Baltimore Armour,,
U16,Mid-Atlantic,36709,2027-05-09T19:00Z,10464,5890,Penn Rising XI,PA Classics,,
U16,Mid-Atlantic,30578,2027-06-06,6270,6161,Achilles FC,Springfield SYC,,
U16,Northeast,26097,2026-09-05T20:30Z,5942,5744,New York SC,Bayside FC,0,2
U16,Northeast,26296,2026-09-06T14:00Z,5942,10470,New York SC,The Island FC East,2,0
U16,Northeast,26280,2026-09-06T15:00Z,9724,6021,FA Euro New York,Seacoast United,1,4
U16,Northeast,26274,2026-09-06T17:00Z,9721,9737,Downtown United Soccer Club,The Island FC West,3,1
U16,Northeast,26286,2026-09-06T19:00Z,5641,5824,Intercontinental Football Academy of New England,Metropolitan Oval,4,1
U16,Northeast,26713,2026-09-13T19:15Z,5824,9721,Metropolitan Oval,Downtown United Soccer Club,3,0
U16,Northeast,26941,2026-09-19T14:00Z,5658,9721,FC Westchester,Downtown United Soccer Club,3,3
U16,Northeast,26959,2026-09-19T18:45Z,5942,6031,New York SC,NEFC,1,0
U16,Northeast,27169,2026-09-20T15:00Z,7159,5824,Connecticut United FC,Metropolitan Oval,1,2
U16,Northeast,27175,2026-09-20T15:00Z,9724,5938,FA Euro New York,Valeo Futbol Club,1,0
U16,Northeast,27181,2026-09-20T16:15Z,5658,6031,FC Westchester,NEFC,0,5
U16,Northeast,27159,2026-09-20T18:45Z,5744,6187,Bayside FC,Beachside of Connecticut,2,2
U16,Northeast,26496,2026-09-20T20:30Z,10470,5706,The Island FC East,Blau Weiss Gottschee,1,4
U16,Northeast,27587,2026-09-27T19:15Z,5824,5706,Metropolitan Oval,Blau Weiss Gottschee,4,2
U16,Northeast,27804,2026-10-03T14:00Z,9721,6187,Downtown United Soccer Club,Beachside of Connecticut,,
U16,Northeast,27810,2026-10-03T17:30Z,5641,9724,Intercontinental Football Academy of New England,FA Euro New York,,
U16,Northeast,27816,2026-10-03T21:00Z,9703,10470,Ironbound Soccer Club,The Island FC East,,
U16,Northeast,28065,2026-10-04T16:30Z,9737,5658,The Island FC West,FC Westchester,,
U16,Northeast,28047,2026-10-04T17:00Z,5706,5942,Blau Weiss Gottschee,New York SC,,
U16,Northeast,28053,2026-10-04T20:45Z,6069,6021,Cedar Stars Academy Bergen,Seacoast United,,
U16,Northeast,28059,2026-10-04T21:00Z,9703,5824,Ironbound Soccer Club,Metropolitan Oval,,
U16,Northeast,26724,2026-10-10T22:30Z,6069,6105,Cedar Stars Academy Bergen,TSF Academy,,
U16,Northeast,26935,2026-10-11T14:00Z,9724,5763,FA Euro New York,FC Greater Boston Bolts,,
U16,Northeast,28337,2026-10-11T19:00Z,5744,5658,Bayside FC,FC Westchester,,
U16,Northeast,28351,2026-10-17T15:00Z,5763,5824,FC Greater Boston Bolts,Metropolitan Oval,,
U16,Northeast,28362,2026-10-17T18:00Z,6105,5641,TSF Academy,Intercontinental Football Academy of New England,,
U16,Northeast,28368,2026-10-17T21:00Z,5938,9721,Valeo Futbol Club,Downtown United Soccer Club,,
U16,Northeast,28607,2026-10-18T13:00Z,6031,5824,NEFC,Metropolitan Oval,,
U16,Northeast,28616,2026-10-18T13:30Z,6021,5658,Seacoast United,FC Westchester,,
U16,Northeast,28585,2026-10-18T15:00Z,7159,5641,Connecticut United FC,Intercontinental Football Academy of New England,,
U16,Northeast,28593,2026-10-18T17:00Z,5763,9721,FC Greater Boston Bolts,Downtown United Soccer Club,,
U16,Northeast,28599,2026-10-18T19:00Z,9703,6069,Ironbound Soccer Club,Cedar Stars Academy Bergen,,
U16,Northeast,28868,2026-10-24T16:00Z,10470,5938,The Island FC East,Valeo Futbol Club,,
U16,Northeast,29093,2026-10-24T17:00Z,6031,7159,NEFC,Connecticut United FC,,
U16,Northeast,28841,2026-10-24T19:00Z,9737,6069,The Island FC West,Cedar Stars Academy Bergen,,
U16,Northeast,28849,2026-10-24T19:15Z,5824,6021,Metropolitan Oval,Seacoast United,,
U16,Northeast,29079,2026-10-25T16:00Z,9721,6021,Downtown United Soccer Club,Seacoast United,,
U16,Northeast,29087,2026-10-25T16:30Z,5824,5938,Metropolitan Oval,Valeo Futbol Club,,
U16,Northeast,28855,2026-10-25T17:00Z,6031,9724,NEFC,FA Euro New York,,
U16,Northeast,29073,2026-10-25T23:00Z,6069,5706,Cedar Stars Academy Bergen,Blau Weiss Gottschee,,
U16,Northeast,29279,2026-10-31T13:00Z,9724,6105,FA Euro New York,TSF Academy,,
U16,Northeast,29466,2026-11-01T18:00Z,5942,6187,New York SC,Beachside of Connecticut,,
U16,Northeast,29478,2026-11-01T18:00Z,5938,5658,Valeo Futbol Club,FC Westchester,,
U16,Northeast,29454,2026-11-01T19:00Z,7159,6069,Connecticut United FC,Cedar Stars Academy Bergen,,
U16,Northeast,29460,2026-11-01T20:30Z,5641,9703,Intercontinental Football Academy of New England,Ironbound Soccer Club,,
U16,Northeast,29472,2026-11-01T20:45Z,6021,5763,Seacoast United,FC Greater Boston Bolts,,
U16,Northeast,26705,2026-11-07T14:30Z,6187,9737,Beachside of Connecticut,The Island FC West,,
U16,Northeast,29667,2026-11-07T16:00Z,7159,5744,Connecticut United FC,Bayside FC,,
U16,Northeast,29676,2026-11-07T18:00Z,5763,6031,FC Greater Boston Bolts,NEFC,,
U16,Northeast,29885,2026-11-08T18:00Z,5706,9737,Blau Weiss Gottschee,The Island FC West,,
U16,Northeast,29900,2026-11-08T19:00Z,6105,5942,TSF Academy,New York SC,,
U16,Northeast,29893,2026-11-08T20:00Z,9703,5744,Ironbound Soccer Club,Bayside FC,,
U16,Northeast,30124,2026-11-14T19:00Z,6105,9721,TSF Academy,Downtown United Soccer Club,,
U16,Northeast,30378,2026-11-15T14:00Z,5942,5763,New York SC,FC Greater Boston Bolts,,
U16,Northeast,30384,2026-11-15T17:00Z,6105,10470,TSF Academy,The Island FC East,,
U16,Northeast,30370,2026-11-15T18:00Z,5706,9703,Blau Weiss Gottschee,Ironbound Soccer Club,,
U16,Northeast,30362,2026-11-15T20:00Z,5744,5641,Bayside FC,Intercontinental Football Academy of New England,,
U16,Northeast,30590,2026-11-21T16:00Z,7159,9703,Connecticut United FC,Ironbound Soccer Club,,
U16,Northeast,30614,2026-11-21T17:00Z,10470,6069,The Island FC East,Cedar Stars Academy Bergen,,
U16,Northeast,30598,2026-11-21T17:30Z,9737,5641,The Island FC West,Intercontinental Football Academy of New England,,
U16,Northeast,30623,2026-11-21T18:00Z,5938,5706,Valeo Futbol Club,Blau Weiss Gottschee,,
U16,Northeast,30604,2026-11-21T22:00Z,6031,5744,NEFC,Bayside FC,,
U16,Northeast,30838,2026-11-22T16:00Z,9724,9721,FA Euro New York,Downtown United Soccer Club,,
U16,Northeast,30850,2026-11-22T17:00Z,10470,5658,The Island FC East,FC Westchester,,
U16,Northeast,30856,2026-11-22T18:00Z,5938,5942,Valeo Futbol Club,New York SC,,
U16,Northeast,32169,2027-02-20,9721,6031,Downtown United Soccer Club,NEFC,,
U16,Northeast,32175,2027-02-20,5763,6069,FC Greater Boston Bolts,Cedar Stars Academy Bergen,,
U16,Northeast,32181,2027-02-20,5658,9724,FC Westchester,FA Euro New York,,
U16,Northeast,32187,2027-02-20,5641,6187,Intercontinental Football Academy of New England,Beachside of Connecticut,,
U16,Northeast,32204,2027-02-20,6021,7159,Seacoast United,Connecticut United FC,,
U16,Northeast,26947,2027-02-20T17:00Z,9737,10470,The Island FC West,The Island FC East,,
U16,Northeast,32399,2027-02-21,5763,6187,FC Greater Boston Bolts,Beachside of Connecticut,,
U16,Northeast,32405,2027-02-21,5641,6069,Intercontinental Football Academy of New England,Cedar Stars Academy Bergen,,
U16,Northeast,32417,2027-02-21,9737,6031,The Island FC West,NEFC,,
U16,Northeast,32411,2027-02-21T20:00Z,9703,5938,Ironbound Soccer Club,Valeo Futbol Club,,
U16,Northeast,32618,2027-02-27,5641,5763,Intercontinental Football Academy of New England,FC Greater Boston Bolts,,
U16,Northeast,32629,2027-02-27,5942,5824,New York SC,Metropolitan Oval,,
U16,Northeast,32635,2027-02-27,6021,9737,Seacoast United,The Island FC West,,
U16,Northeast,32824,2027-02-28,6187,7159,Beachside of Connecticut,Connecticut United FC,,
U16,Northeast,32830,2027-02-28,6069,5658,Cedar Stars Academy Bergen,FC Westchester,,
U16,Northeast,32847,2027-02-28,5938,9737,Valeo Futbol Club,The Island FC West,,
U16,Northeast,33058,2027-03-06,5706,6105,Blau Weiss Gottschee,TSF Academy,,
U16,Northeast,33064,2027-03-06,6069,9724,Cedar Stars Academy Bergen,FA Euro New York,,
U16,Northeast,33072,2027-03-06,9703,9721,Ironbound Soccer Club,Downtown United Soccer Club,,
U16,Northeast,33261,2027-03-07,5658,6187,FC Westchester,Beachside of Connecticut,,
U16,Northeast,33267,2027-03-07,9737,6105,The Island FC West,TSF Academy,,
U16,Northeast,33275,2027-03-07,6031,5641,NEFC,Intercontinental Football Academy of New England,,
U16,Northeast,33251,2027-03-07T18:00Z,5744,6021,Bayside FC,Seacoast United,,
U16,Northeast,33464,2027-03-13,6187,6031,Beachside of Connecticut,NEFC,,
U16,Northeast,33480,2027-03-13,6105,6021,TSF Academy,Seacoast United,,
U16,Northeast,33683,2027-03-14,9703,6021,Ironbound Soccer Club,Seacoast United,,
U16,Northeast,33691,2027-03-14,6105,6031,TSF Academy,NEFC,,
U16,Northeast,33697,2027-03-14,5938,5744,Valeo Futbol Club,Bayside FC,,
U16,Northeast,33890,2027-03-20,9724,5744,FA Euro New York,Bayside FC,,
U16,Northeast,34090,2027-03-21,9721,5706,Downtown United Soccer Club,Blau Weiss Gottschee,,
U16,Northeast,34098,2027-03-21,5763,5938,FC Greater Boston Bolts,Valeo Futbol Club,,
U16,Northeast,34106,2027-03-21,9737,7159,The Island FC West,Connecticut United FC,,
U16,Northeast,34112,2027-03-21,6031,10470,NEFC,The Island FC East,,
U16,Northeast,32193,2027-03-21T19:15Z,5824,5744,Metropolitan Oval,Bayside FC,,
U16,Northeast,34330,2027-03-27,9724,9703,FA Euro New York,Ironbound Soccer Club,,
U16,Northeast,34336,2027-03-27,5658,5706,FC Westchester,Blau Weiss Gottschee,,
U16,Northeast,34346,2027-03-27,6021,5942,Seacoast United,New York SC,,
U16,Northeast,34352,2027-03-27,6105,5938,TSF Academy,Valeo Futbol Club,,
U16,Northeast,34358,2027-03-27,10470,5824,The Island FC East,Metropolitan Oval,,
U16,Northeast,34621,2027-04-03,6187,6021,Beachside of Connecticut,Seacoast United,,
U16,Northeast,34627,2027-04-03,5706,9724,Blau Weiss Gottschee,FA Euro New York,,
U16,Northeast,34633,2027-04-03,5658,7159,FC Westchester,Connecticut United FC,,
U16,Northeast,34615,2027-04-03T17:00Z,5744,6105,Bayside FC,TSF Academy,,
U16,Northeast,34839,2027-04-03T19:15Z,5824,9737,Metropolitan Oval,The Island FC West,,
U16,Northeast,34821,2027-04-04,6069,6031,Cedar Stars Academy Bergen,NEFC,,
U16,Northeast,34827,2027-04-04,9721,10470,Downtown United Soccer Club,The Island FC East,,
U16,Northeast,34833,2027-04-04,5763,6105,FC Greater Boston Bolts,TSF Academy,,
U16,Northeast,34845,2027-04-04,5942,9703,New York SC,Ironbound Soccer Club,,
U16,Northeast,34853,2027-04-04,5938,5641,Valeo Futbol Club,Intercontinental Football Academy of New England,,
U16,Northeast,35046,2027-04-10,5706,5744,Blau Weiss Gottschee,Bayside FC,,
U16,Northeast,35054,2027-04-10,9721,5641,Downtown United Soccer Club,Intercontinental Football Academy of New England,,
U16,Northeast,35060,2027-04-10,5658,5763,FC Westchester,FC Greater Boston Bolts,,
U16,Northeast,35217,2027-04-11,5706,5641,Blau Weiss Gottschee,Intercontinental Football Academy of New England,,
U16,Northeast,35223,2027-04-11,6069,6187,Cedar Stars Academy Bergen,Beachside of Connecticut,,
U16,Northeast,35229,2027-04-11,7159,5763,Connecticut United FC,FC Greater Boston Bolts,,
U16,Northeast,35237,2027-04-11,9724,5824,FA Euro New York,Metropolitan Oval,,
U16,Northeast,35251,2027-04-11,9737,5942,The Island FC West,New York SC,,
U16,Northeast,35257,2027-04-11,6031,5938,NEFC,Valeo Futbol Club,,
U16,Northeast,35263,2027-04-11,10470,5744,The Island FC East,Bayside FC,,
U16,Northeast,35245,2027-04-11T19:00Z,9703,6105,Ironbound Soccer Club,TSF Academy,,
U16,Northeast,35464,2027-04-17,6187,5938,Beachside of Connecticut,Valeo Futbol Club,,
U16,Northeast,35473,2027-04-17,7159,9724,Connecticut United FC,FA Euro New York,,
U16,Northeast,35479,2027-04-17,5763,5744,FC Greater Boston Bolts,Bayside FC,,
U16,Northeast,35491,2027-04-17,6031,5706,NEFC,Blau Weiss Gottschee,,
U16,Northeast,35503,2027-04-17,6021,10470,Seacoast United,The Island FC East,,
U16,Northeast,35485,2027-04-17T19:00Z,9703,9737,Ironbound Soccer Club,The Island FC West,,
U16,Northeast,35724,2027-04-17T19:15Z,5824,5658,Metropolitan Oval,FC Westchester,,
U16,Northeast,35700,2027-04-18,6187,9724,Beachside of Connecticut,FA Euro New York,,
U16,Northeast,35706,2027-04-18,6069,5942,Cedar Stars Academy Bergen,New York SC,,
U16,Northeast,35712,2027-04-18,7159,5938,Connecticut United FC,Valeo Futbol Club,,
U16,Northeast,35718,2027-04-18,5641,10470,Intercontinental Football Academy of New England,The Island FC East,,
U16,Northeast,35732,2027-04-18,6021,5706,Seacoast United,Blau Weiss Gottschee,,
U16,Northeast,35910,2027-04-24,5658,5641,FC Westchester,Intercontinental Football Academy of New England,,
U16,Northeast,35916,2027-04-24,9737,5763,The Island FC West,FC Greater Boston Bolts,,
U16,Northeast,35901,2027-04-24T18:45Z,5744,9721,Bayside FC,Downtown United Soccer Club,,
U16,Northeast,36095,2027-04-25,5744,6069,Bayside FC,Cedar Stars Academy Bergen,,
U16,Northeast,36101,2027-04-25,6187,9703,Beachside of Connecticut,Ironbound Soccer Club,,
U16,Northeast,36107,2027-04-25,5706,5763,Blau Weiss Gottschee,FC Greater Boston Bolts,,
U16,Northeast,36113,2027-04-25,7159,6105,Connecticut United FC,TSF Academy,,
U16,Northeast,36125,2027-04-25,5942,5641,New York SC,Intercontinental Football Academy of New England,,
U16,Northeast,36131,2027-04-25,6021,6031,Seacoast United,NEFC,,
U16,Northeast,36137,2027-04-25,10470,9724,The Island FC East,FA Euro New York,,
U16,Northeast,36410,2027-05-08,6187,5706,Beachside of Connecticut,Blau Weiss Gottschee,,
U16,Northeast,36419,2027-05-08,6069,5938,Cedar Stars Academy Bergen,Valeo Futbol Club,,
U16,Northeast,36427,2027-05-08,5641,6021,Intercontinental Football Academy of New England,Seacoast United,,
U16,Northeast,36433,2027-05-08,9703,5658,Ironbound Soccer Club,FC Westchester,,
U16,Northeast,36439,2027-05-08,9737,9724,The Island FC West,FA Euro New York,,
U16,Northeast,36454,2027-05-08,5942,7159,New York SC,Connecticut United FC,,
U16,Northeast,36462,2027-05-08,10470,5763,The Island FC East,FC Greater Boston Bolts,,
U16,Northeast,36445,2027-05-08T19:15Z,5824,6105,Metropolitan Oval,TSF Academy,,
U16,Northeast,36744,2027-05-15,9721,6069,Downtown United Soccer Club,Cedar Stars Academy Bergen,,
U16,Northeast,36750,2027-05-15,9724,5942,FA Euro New York,New York SC,,
U16,Northeast,36756,2027-05-15,5763,9703,FC Greater Boston Bolts,Ironbound Soccer Club,,
U16,Northeast,36762,2027-05-15,5824,6187,Metropolitan Oval,Beachside of Connecticut,,
U16,Northeast,36768,2027-05-15,10470,7159,The Island FC East,Connecticut United FC,,
U16,Northeast,36777,2027-05-15,5938,6021,Valeo Futbol Club,Seacoast United,,
U16,Northeast,36866,2027-05-16,5706,7159,Blau Weiss Gottschee,Connecticut United FC,,
U16,Northeast,36872,2027-05-16,9721,5942,Downtown United Soccer Club,New York SC,,
U16,Northeast,36880,2027-05-16,5824,6069,Metropolitan Oval,Cedar Stars Academy Bergen,,
U16,Northeast,36886,2027-05-16,6031,9703,NEFC,Ironbound Soccer Club,,
U16,Northeast,36896,2027-05-16,6105,5658,TSF Academy,FC Westchester,,
U16,Northeast,36902,2027-05-16,10470,6187,The Island FC East,Beachside of Connecticut,,
U16,Northeast,36860,2027-05-16T18:45Z,5744,9737,Bayside FC,The Island FC West,,
U16,Northeast,27365,2027-06-08T13:00Z,9721,7159,Downtown United Soccer Club,Connecticut United FC,,
U16,Northeast,27573,2027-06-08T13:30Z,6187,6105,Beachside of Connecticut,TSF Academy,,
U16,Northeast,27581,2027-06-08T16:15Z,5658,5942,FC Westchester,New York SC,,
U16,Northeast (Pro Player Pathway),26953,2026-09-19T14:00Z,7229,5885,New York City FC,Philadelphia Union,2,0
U16,Northeast (Pro Player Pathway),26950,2026-09-19T17:00Z,7247,6518,New England Revolution,Toronto FC,0,4
U16,Northeast (Pro Player Pathway),27359,2026-09-26T13:00Z,7221,7273,D.C. United,CF Montreal,0,1
U16,Northeast (Pro Player Pathway),27821,2026-10-03T18:30Z,5885,7221,Philadelphia Union,D.C. United,,
U16,Northeast (Pro Player Pathway),28189,2026-10-10T15:00Z,6518,7273,Toronto FC,CF Montreal,,
U16,Northeast (Pro Player Pathway),28186,2026-10-10T18:30Z,7247,7229,New England Revolution,New York City FC,,
U16,Northeast (Pro Player Pathway),28342,2026-10-17T13:00Z,7273,5885,CF Montreal,Philadelphia Union,,
U16,Northeast (Pro Player Pathway),28345,2026-10-17T13:00Z,7221,7195,D.C. United,Red Bull New York,,
U16,Northeast (Pro Player Pathway),28356,2026-10-17T14:00Z,7229,6518,New York City FC,Toronto FC,,
U16,Northeast (Pro Player Pathway),28858,2026-10-24T18:30Z,5885,7247,Philadelphia Union,New England Revolution,,
U16,Northeast (Pro Player Pathway),29291,2026-10-31T14:00Z,7229,7273,New York City FC,CF Montreal,,
U16,Northeast (Pro Player Pathway),29288,2026-10-31T17:00Z,7247,7221,New England Revolution,D.C. United,,
U16,Northeast (Pro Player Pathway),29294,2026-11-01T16:00Z,6518,7195,Toronto FC,Red Bull New York,,
U16,Northeast (Pro Player Pathway),29670,2026-11-07T14:00Z,7221,7229,D.C. United,New York City FC,,
U16,Northeast (Pro Player Pathway),29683,2026-11-07T15:00Z,5885,6518,Philadelphia Union,Toronto FC,,
U16,Northeast (Pro Player Pathway),30105,2026-11-14T18:30Z,7273,7247,CF Montreal,New England Revolution,,
U16,Northeast (Pro Player Pathway),30114,2026-11-14T19:30Z,7195,5885,Red Bull New York,Philadelphia Union,,
U16,Northeast (Pro Player Pathway),30617,2026-11-21T15:00Z,6518,7221,Toronto FC,D.C. United,,
U16,Northeast (Pro Player Pathway),32163,2027-02-20,7221,6518,D.C. United,Toronto FC,,
U16,Northeast (Pro Player Pathway),32196,2027-02-20T19:30Z,5885,7195,Philadelphia Union,Red Bull New York,,
U16,Northeast (Pro Player Pathway),32612,2027-02-27,7221,5885,D.C. United,Philadelphia Union,,
U16,Northeast (Pro Player Pathway),32623,2027-02-27,7195,7273,Red Bull New York,CF Montreal,,
U16,Northeast (Pro Player Pathway),32638,2027-02-27,6518,7229,Toronto FC,New York City FC,,
U16,Northeast (Pro Player Pathway),33077,2027-03-06,7247,7273,New England Revolution,CF Montreal,,
U16,Northeast (Pro Player Pathway),33080,2027-03-06,7229,7195,New York City FC,Red Bull New York,,
U16,Northeast (Pro Player Pathway),33471,2027-03-13,7195,7221,Red Bull New York,D.C. United,,
U16,Northeast (Pro Player Pathway),33485,2027-03-13,6518,7247,Toronto FC,New England Revolution,,
U16,Northeast (Pro Player Pathway),33474,2027-03-13T19:30Z,5885,7229,Philadelphia Union,New York City FC,,
U16,Northeast (Pro Player Pathway),35065,2027-04-10,7229,7221,New York City FC,D.C. United,,
U16,Northeast (Pro Player Pathway),35068,2027-04-10,7195,6518,Red Bull New York,Toronto FC,,
U16,Northeast (Pro Player Pathway),35071,2027-04-10T14:00Z,5885,7273,Philadelphia Union,CF Montreal,,
U16,Northeast (Pro Player Pathway),35467,2027-04-17,7273,6518,CF Montreal,Toronto FC,,
U16,Northeast (Pro Player Pathway),35494,2027-04-17,7247,5885,New England Revolution,Philadelphia Union,,
U16,Northeast (Pro Player Pathway),35497,2027-04-17,7195,7229,Red Bull New York,New York City FC,,
U16,Northeast (Pro Player Pathway),35904,2027-04-24,7273,7195,CF Montreal,Red Bull New York,,
U16,Northeast (Pro Player Pathway),35919,2027-04-24,7229,7247,New York City FC,New England Revolution,,
U16,Northeast (Pro Player Pathway),36448,2027-05-08,7247,7195,New England Revolution,Red Bull New York,,
U16,Northeast (Pro Player Pathway),36413,2027-05-08T17:30Z,7273,7221,CF Montreal,D.C. United,,
U16,Northeast (Pro Player Pathway),36738,2027-05-15,7221,7247,D.C. United,New England Revolution,,
U16,Northeast (Pro Player Pathway),36771,2027-05-15,6518,5885,Toronto FC,Philadelphia Union,,
U16,Northeast (Pro Player Pathway),36735,2027-05-15T17:30Z,7273,7229,CF Montreal,New York City FC,,
U16,Northeast (Pro Player Pathway),27372,2027-06-08T18:30Z,7195,7247,Red Bull New York,New England Revolution,,
U16,Northwest,26146,2026-09-05T21:00Z,6210,9710,Silicon Valley Soccer Academy,ALBION SC Merced,6,0
U16,Northwest,26519,2026-09-12T20:00Z,5905,6210,Atletico Santa Rosa,Silicon Valley Soccer Academy,1,1
U16,Northwest,26980,2026-09-19T20:00Z,5964,5932,Ballistic United,De Anza Force,3,2
U16,Northwest,26986,2026-09-19T20:00Z,5731,5832,FC Bay Area Surf,Lamorinda Soccer Club,3,1
U16,Northwest,26992,2026-09-19T22:00Z,9746,5905,Modesto Ajax United,Atletico Santa Rosa,1,2
U16,Northwest,26531,2026-09-20T20:00Z,5921,5731,Sacramento Republic FC,FC Bay Area Surf,3,2
U16,Northwest,27404,2026-09-26T20:00Z,5895,9746,San Francisco Glens SC,Modesto Ajax United,8,0
U16,Northwest,27856,2026-10-03T20:00Z,5832,9710,Lamorinda Soccer Club,ALBION SC Merced,,
U16,Northwest,27876,2026-10-03T20:00Z,9760,6306,Woodside Soccer Club Crush,Sacramento United,,
U16,Northwest,27867,2026-10-03T22:00Z,5774,5895,The Town FC Academy,San Francisco Glens SC,,
U16,Northwest,28389,2026-10-17T20:00Z,5832,5895,Lamorinda Soccer Club,San Francisco Glens SC,,
U16,Northwest,28395,2026-10-17T20:00Z,9746,5932,Modesto Ajax United,De Anza Force,,
U16,Northwest,28889,2026-10-24T20:00Z,5932,5895,De Anza Force,San Francisco Glens SC,,
U16,Northwest,28921,2026-10-24T20:00Z,9760,9746,Woodside Soccer Club Crush,Modesto Ajax United,,
U16,Northwest,29326,2026-10-31T16:00Z,9746,5921,Modesto Ajax United,Sacramento Republic FC,,
U16,Northwest,29308,2026-10-31T20:00Z,9710,5774,ALBION SC Merced,The Town FC Academy,,
U16,Northwest,29314,2026-10-31T20:00Z,5964,6306,Ballistic United,Sacramento United,,
U16,Northwest,29730,2026-11-07T21:00Z,5921,6210,Sacramento Republic FC,Silicon Valley Soccer Academy,,
U16,Northwest,30151,2026-11-14T21:00Z,5921,5964,Sacramento Republic FC,Ballistic United,,
U16,Northwest,30157,2026-11-14T21:00Z,6306,5832,Sacramento United,Lamorinda Soccer Club,,
U16,Northwest,30182,2026-11-14T21:00Z,9760,5731,Woodside Soccer Club Crush,FC Bay Area Surf,,
U16,Northwest,31093,2027-01-16,9746,5832,Modesto Ajax United,Lamorinda Soccer Club,,
U16,Northwest,31293,2027-01-23,5932,5832,De Anza Force,Lamorinda Soccer Club,,
U16,Northwest,31299,2027-01-23,5731,9746,FC Bay Area Surf,Modesto Ajax United,,
U16,Northwest,31320,2027-01-23,5774,5905,The Town FC Academy,Atletico Santa Rosa,,
U16,Northwest,31485,2027-01-30,5932,9760,De Anza Force,Woodside Soccer Club Crush,,
U16,Northwest,31491,2027-01-30T21:00Z,5832,5921,Lamorinda Soccer Club,Sacramento Republic FC,,
U16,Northwest,31663,2027-02-06,5731,5774,FC Bay Area Surf,The Town FC Academy,,
U16,Northwest,31881,2027-02-13,6210,5731,Silicon Valley Soccer Academy,FC Bay Area Surf,,
U16,Northwest,31892,2027-02-13T21:00Z,9760,9710,Woodside Soccer Club Crush,ALBION SC Merced,,
U16,Northwest,32219,2027-02-20,5964,5905,Ballistic United,Atletico Santa Rosa,,
U16,Northwest,32243,2027-02-20,6306,5895,Sacramento United,San Francisco Glens SC,,
U16,Northwest,32647,2027-02-27,9710,5731,ALBION SC Merced,FC Bay Area Surf,,
U16,Northwest,32653,2027-02-27,5905,9760,Atletico Santa Rosa,Woodside Soccer Club Crush,,
U16,Northwest,33128,2027-03-06T21:00Z,9760,5964,Woodside Soccer Club Crush,Ballistic United,,
U16,Northwest,33501,2027-03-13,5932,9710,De Anza Force,ALBION SC Merced,,
U16,Northwest,33515,2027-03-13,5921,9760,Sacramento Republic FC,Woodside Soccer Club Crush,,
U16,Northwest,33521,2027-03-13,6306,5774,Sacramento United,The Town FC Academy,,
U16,Northwest,33527,2027-03-13,5895,6210,San Francisco Glens SC,Silicon Valley Soccer Academy,,
U16,Northwest,33904,2027-03-20,9710,6306,ALBION SC Merced,Sacramento United,,
U16,Northwest,33910,2027-03-20,5905,5921,Atletico Santa Rosa,Sacramento Republic FC,,
U16,Northwest,33922,2027-03-20,6210,9746,Silicon Valley Soccer Academy,Modesto Ajax United,,
U16,Northwest,33928,2027-03-20,5774,5932,The Town FC Academy,De Anza Force,,
U16,Northwest,30988,2027-03-21,5895,5964,San Francisco Glens SC,Ballistic United,,
U16,Northwest,34380,2027-03-27,5964,5774,Ballistic United,The Town FC Academy,,
U16,Northwest,34386,2027-03-27,5731,5905,FC Bay Area Surf,Atletico Santa Rosa,,
U16,Northwest,34398,2027-03-27,5895,9710,San Francisco Glens SC,ALBION SC Merced,,
U16,Northwest,34404,2027-03-27,6210,6306,Silicon Valley Soccer Academy,Sacramento United,,
U16,Northwest,34641,2027-04-03,9710,5964,ALBION SC Merced,Ballistic United,,
U16,Northwest,34647,2027-04-03,5932,5921,De Anza Force,Sacramento Republic FC,,
U16,Northwest,34661,2027-04-03,6306,5905,Sacramento United,Atletico Santa Rosa,,
U16,Northwest,34667,2027-04-03,5895,5731,San Francisco Glens SC,FC Bay Area Surf,,
U16,Northwest,34673,2027-04-03,5774,6210,The Town FC Academy,Silicon Valley Soccer Academy,,
U16,Northwest,34653,2027-04-03T20:00Z,5832,9760,Lamorinda Soccer Club,Woodside Soccer Club Crush,,
U16,Northwest,35077,2027-04-10,5905,5832,Atletico Santa Rosa,Lamorinda Soccer Club,,
U16,Northwest,35083,2027-04-10,5731,5932,FC Bay Area Surf,De Anza Force,,
U16,Northwest,35089,2027-04-10,9746,6306,Modesto Ajax United,Sacramento United,,
U16,Northwest,35095,2027-04-10,5921,9710,Sacramento Republic FC,ALBION SC Merced,,
U16,Northwest,35103,2027-04-10,6210,5964,Silicon Valley Soccer Academy,Ballistic United,,
U16,Northwest,35109,2027-04-10T20:00Z,9760,5774,Woodside Soccer Club Crush,The Town FC Academy,,
U16,Northwest,35513,2027-04-17,5905,5932,Atletico Santa Rosa,De Anza Force,,
U16,Northwest,35519,2027-04-17,5964,9746,Ballistic United,Modesto Ajax United,,
U16,Northwest,35525,2027-04-17,5731,6306,FC Bay Area Surf,Sacramento United,,
U16,Northwest,35537,2027-04-17,5895,9760,San Francisco Glens SC,Woodside Soccer Club Crush,,
U16,Northwest,35543,2027-04-17,5774,5921,The Town FC Academy,Sacramento Republic FC,,
U16,Northwest,35531,2027-04-17T20:00Z,5832,6210,Lamorinda Soccer Club,Silicon Valley Soccer Academy,,
U16,Northwest,35927,2027-04-24,9710,9746,ALBION SC Merced,Modesto Ajax United,,
U16,Northwest,35933,2027-04-24,5905,5895,Atletico Santa Rosa,San Francisco Glens SC,,
U16,Northwest,35939,2027-04-24,5964,5731,Ballistic United,FC Bay Area Surf,,
U16,Northwest,35945,2027-04-24,5932,6210,De Anza Force,Silicon Valley Soccer Academy,,
U16,Northwest,35951,2027-04-24,6306,5921,Sacramento United,Sacramento Republic FC,,
U16,Northwest,35957,2027-04-24,5774,5832,The Town FC Academy,Lamorinda Soccer Club,,
U16,Northwest,36468,2027-05-08,9710,5905,ALBION SC Merced,Atletico Santa Rosa,,
U16,Northwest,36482,2027-05-08,9746,5774,Modesto Ajax United,The Town FC Academy,,
U16,Northwest,36488,2027-05-08,5921,5895,Sacramento Republic FC,San Francisco Glens SC,,
U16,Northwest,36494,2027-05-08,6306,5932,Sacramento United,De Anza Force,,
U16,Northwest,36500,2027-05-08,6210,9760,Silicon Valley Soccer Academy,Woodside Soccer Club Crush,,
U16,Northwest,36476,2027-05-08T20:00Z,5832,5964,Lamorinda Soccer Club,Ballistic United,,
U16,Southeast,36380,2026-09-05T16:00Z,6274,10507,Triangle United Soccer Association,Chattanooga FC,3,6
U16,Southeast,36927,2026-09-19T15:00Z,9730,6274,Inter Atlanta FC,Triangle United Soccer Association,8,0
U16,Southeast,36852,2026-09-20T16:00Z,9707,6274,AFC Lightning,Triangle United Soccer Association,4,1
U16,Southeast,28831,2026-10-17T19:00Z,6322,5873,Southern Soccer Academy,Hoover-Vestavia Soccer,,
U16,Southeast,35429,2026-10-18T13:00Z,6322,6260,Southern Soccer Academy,Wake FC,,
U16,Southeast,34606,2026-10-18T17:00Z,6063,6274,Queen City Mutiny FC,Triangle United Soccer Association,,
U16,Southeast,29271,2026-10-25T16:00Z,9707,6063,AFC Lightning,Queen City Mutiny FC,,
U16,Southeast,29490,2026-10-31T15:00Z,9730,10504,Inter Atlanta FC,Carolina Core FC,,
U16,Southeast,27421,2026-11-07T14:00Z,6274,6260,Triangle United Soccer Association,Wake FC,,
U16,Southeast,29930,2026-11-07T19:00Z,9749,9730,Nashville United Soccer Academy (NUSA Next),Inter Atlanta FC,,
U16,Southeast,30583,2026-11-15T16:00Z,6063,5757,Queen City Mutiny FC,KSA,,
U16,Southeast,33532,2026-11-21T20:00Z,6260,9654,Wake FC,Charlotte Independence Soccer Club,,
U16,Southeast,31836,2027-01-30,10507,6322,Chattanooga FC,Southern Soccer Academy,,
U16,Southeast,35195,2027-02-07T18:00Z,6322,9654,Southern Soccer Academy,Charlotte Independence Soccer Club,,
U16,Southeast,32019,2027-02-13,10504,6322,Carolina Core FC,Southern Soccer Academy,,
U16,Southeast,32026,2027-02-13T20:00Z,6260,9730,Wake FC,Inter Atlanta FC,,
U16,Southeast,32253,2027-02-14,6274,6322,Triangle United Soccer Association,Southern Soccer Academy,,
U16,Southeast,32373,2027-02-20T16:00Z,9654,5873,Charlotte Independence Soccer Club,Hoover-Vestavia Soccer,,
U16,Southeast,32376,2027-02-20T19:00Z,9749,6260,Nashville United Soccer Academy (NUSA Next),Wake FC,,
U16,Southeast,32590,2027-02-21,5757,9707,KSA,AFC Lightning,,
U16,Southeast,32598,2027-02-21,6274,10504,Triangle United Soccer Association,Carolina Core FC,,
U16,Southeast,32595,2027-02-21T14:00Z,6322,6146,Southern Soccer Academy,Lanier Soccer Association,,
U16,Southeast,32790,2027-02-27,6146,5757,Lanier Soccer Association,KSA,,
U16,Southeast,32789,2027-02-27T20:00Z,5873,6274,Hoover-Vestavia Soccer,Triangle United Soccer Association,,
U16,Southeast,32881,2027-02-28,10504,6260,Carolina Core FC,Wake FC,,
U16,Southeast,32878,2027-02-28T18:00Z,9707,9730,AFC Lightning,Inter Atlanta FC,,
U16,Southeast,32884,2027-02-28T18:00Z,5873,10507,Hoover-Vestavia Soccer,Chattanooga FC,,
U16,Southeast,33222,2027-03-06,10507,5757,Chattanooga FC,KSA,,
U16,Southeast,33225,2027-03-06T16:00Z,9730,6063,Inter Atlanta FC,Queen City Mutiny FC,,
U16,Southeast,33224,2027-03-06T20:00Z,5873,6146,Hoover-Vestavia Soccer,Lanier Soccer Association,,
U16,Southeast,36375,2027-03-07T20:00Z,5873,10504,Hoover-Vestavia Soccer,Carolina Core FC,,
U16,Southeast,33734,2027-03-13,6274,9749,Triangle United Soccer Association,Nashville United Soccer Academy (NUSA Next),,
U16,Southeast,33730,2027-03-13T20:00Z,9654,9730,Charlotte Independence Soccer Club,Inter Atlanta FC,,
U16,Southeast,33951,2027-03-14,10504,9749,Carolina Core FC,Nashville United Soccer Academy (NUSA Next),,
U16,Southeast,33953,2027-03-14,9654,6146,Charlotte Independence Soccer Club,Lanier Soccer Association,,
U16,Southeast,34135,2027-03-20,10507,9654,Chattanooga FC,Charlotte Independence Soccer Club,,
U16,Southeast,34139,2027-03-20T13:00Z,6146,10504,Lanier Soccer Association,Carolina Core FC,,
U16,Southeast,34140,2027-03-20T18:00Z,9749,9707,Nashville United Soccer Academy (NUSA Next),AFC Lightning,,
U16,Southeast,34303,2027-03-21,10507,9707,Chattanooga FC,AFC Lightning,,
U16,Southeast,34308,2027-03-21T17:00Z,6260,6063,Wake FC,Queen City Mutiny FC,,
U16,Southeast,34306,2027-03-21T18:00Z,9749,9654,Nashville United Soccer Academy (NUSA Next),Charlotte Independence Soccer Club,,
U16,Southeast,34600,2027-03-27,10507,6260,Chattanooga FC,Wake FC,,
U16,Southeast,34601,2027-03-27,5757,9749,KSA,Nashville United Soccer Academy (NUSA Next),,
U16,Southeast,34608,2027-03-27T15:00Z,6322,9707,Southern Soccer Academy,AFC Lightning,,
U16,Southeast,34795,2027-04-03,10504,10507,Carolina Core FC,Chattanooga FC,,
U16,Southeast,34798,2027-04-03,6274,5757,Triangle United Soccer Association,KSA,,
U16,Southeast,35013,2027-04-04,10504,5757,Carolina Core FC,KSA,,
U16,Southeast,35020,2027-04-04,6063,10507,Queen City Mutiny FC,Chattanooga FC,,
U16,Southeast,35016,2027-04-04T15:00Z,5873,9730,Hoover-Vestavia Soccer,Inter Atlanta FC,,
U16,Southeast,34886,2027-04-04T17:00Z,9707,6146,AFC Lightning,Lanier Soccer Association,,
U16,Southeast,35191,2027-04-10,9730,6146,Inter Atlanta FC,Lanier Soccer Association,,
U16,Southeast,35192,2027-04-10,5757,6260,KSA,Wake FC,,
U16,Southeast,35193,2027-04-10T18:00Z,9749,5873,Nashville United Soccer Academy (NUSA Next),Hoover-Vestavia Soccer,,
U16,Southeast,35282,2027-04-11,6063,10504,Queen City Mutiny FC,Carolina Core FC,,
U16,Southeast,35427,2027-04-11,5757,9654,KSA,Charlotte Independence Soccer Club,,
U16,Southeast,35671,2027-04-17,10504,9707,Carolina Core FC,AFC Lightning,,
U16,Southeast,35565,2027-04-17T17:00Z,6146,6274,Lanier Soccer Association,Triangle United Soccer Association,,
U16,Southeast,35884,2027-04-18,5757,5873,KSA,Hoover-Vestavia Soccer,,
U16,Southeast,35885,2027-04-18T13:00Z,6146,9749,Lanier Soccer Association,Nashville United Soccer Academy (NUSA Next),,
U16,Southeast,35887,2027-04-18T13:00Z,6322,9730,Southern Soccer Academy,Inter Atlanta FC,,
U16,Southeast,35882,2027-04-18T15:00Z,9654,6063,Charlotte Independence Soccer Club,Queen City Mutiny FC,,
U16,Southeast,35889,2027-04-18T17:00Z,6260,9707,Wake FC,AFC Lightning,,
U16,Southeast,36078,2027-04-24T16:00Z,5873,6063,Hoover-Vestavia Soccer,Queen City Mutiny FC,,
U16,Southeast,36076,2027-04-24T17:00Z,9707,9654,AFC Lightning,Charlotte Independence Soccer Club,,
U16,Southeast,36079,2027-04-24T18:00Z,9749,6322,Nashville United Soccer Academy (NUSA Next),Southern Soccer Academy,,
U16,Southeast,36376,2027-04-25,9730,5757,Inter Atlanta FC,KSA,,
U16,Southeast,36377,2027-04-25T17:00Z,6146,6063,Lanier Soccer Association,Queen City Mutiny FC,,
U16,Southeast,36706,2027-05-08,10507,9749,Chattanooga FC,Nashville United Soccer Academy (NUSA Next),,
U16,Southeast,36710,2027-05-08,6063,6322,Queen City Mutiny FC,Southern Soccer Academy,,
U16,Southeast,36705,2027-05-08T15:00Z,9654,6274,Charlotte Independence Soccer Club,Triangle United Soccer Association,,
U16,Southeast,36506,2027-05-08T17:00Z,9707,5873,AFC Lightning,Hoover-Vestavia Soccer,,
U16,Southeast,36715,2027-05-08T17:00Z,6260,6146,Wake FC,Lanier Soccer Association,,
U16,Southeast,36853,2027-05-15,9730,10507,Inter Atlanta FC,Chattanooga FC,,
U16,Southeast,36854,2027-05-15,6063,9749,Queen City Mutiny FC,Nashville United Soccer Academy (NUSA Next),,
U16,Southeast,36855,2027-05-15T17:00Z,6260,5873,Wake FC,Hoover-Vestavia Soccer,,
U16,Southeast,36928,2027-05-16,5757,6322,KSA,Southern Soccer Academy,,
U16,Southeast,36929,2027-05-16T13:00Z,6146,10507,Lanier Soccer Association,Chattanooga FC,,
U16,Southeast,36926,2027-05-16T15:00Z,9654,10504,Charlotte Independence Soccer Club,Carolina Core FC,,
U16,Southeast (Pro Player Pathway),27018,2026-09-19T13:00Z,2627,5702,Inter Miami CF,Atlanta United,1,0
U16,Southeast (Pro Player Pathway),27027,2026-09-19T13:00Z,7351,7264,Nashville SC,Charlotte FC,1,7
U16,Southeast (Pro Player Pathway),27030,2026-09-19T17:00Z,7236,7242,Orlando City SC,Houston Dynamo FC,3,1
U16,Southeast (Pro Player Pathway),27015,2026-09-19T20:00Z,5808,7356,FC Dallas,Austin FC,3,3
U16,Southeast (Pro Player Pathway),27425,2026-09-26T13:00Z,7264,5808,Charlotte FC,FC Dallas,2,0
U16,Southeast (Pro Player Pathway),27428,2026-09-26T15:00Z,7242,5702,Houston Dynamo FC,Atlanta United,5,1
U16,Southeast (Pro Player Pathway),27441,2026-09-26T16:00Z,7351,2627,Nashville SC,Inter Miami CF,1,4
U16,Southeast (Pro Player Pathway),27422,2026-09-26T18:00Z,7356,7236,Austin FC,Orlando City SC,1,4
U16,Southeast (Pro Player Pathway),28205,2026-10-10T14:00Z,7236,2627,Orlando City SC,Inter Miami CF,,
U16,Southeast (Pro Player Pathway),28199,2026-10-10T15:00Z,7264,7242,Charlotte FC,Houston Dynamo FC,,
U16,Southeast (Pro Player Pathway),28202,2026-10-10T16:00Z,5808,5702,FC Dallas,Atlanta United,,
U16,Southeast (Pro Player Pathway),28195,2026-10-10T18:00Z,7356,7351,Austin FC,Nashville SC,,
U16,Southeast (Pro Player Pathway),28413,2026-10-17T13:00Z,5702,7264,Atlanta United,Charlotte FC,,
U16,Southeast (Pro Player Pathway),28429,2026-10-17T14:00Z,2627,7356,Inter Miami CF,Austin FC,,
U16,Southeast (Pro Player Pathway),28426,2026-10-17T18:00Z,7242,5808,Houston Dynamo FC,FC Dallas,,
U16,Southeast (Pro Player Pathway),35568,2026-10-24T17:00Z,7236,7351,Orlando City SC,Nashville SC,,
U16,Southeast (Pro Player Pathway),36787,2026-10-31T14:00Z,7351,5808,Nashville SC,FC Dallas,,
U16,Southeast (Pro Player Pathway),29346,2026-10-31T15:00Z,7264,7236,Charlotte FC,Orlando City SC,,
U16,Southeast (Pro Player Pathway),29343,2026-10-31T17:00Z,7356,5702,Austin FC,Atlanta United,,
U16,Southeast (Pro Player Pathway),29752,2026-11-07T15:00Z,2627,7264,Inter Miami CF,Charlotte FC,,
U16,Southeast (Pro Player Pathway),29744,2026-11-07T21:00Z,7356,7242,Austin FC,Houston Dynamo FC,,
U16,Southeast (Pro Player Pathway),30185,2026-11-14T14:00Z,5702,7351,Atlanta United,Nashville SC,,
U16,Southeast (Pro Player Pathway),30204,2026-11-14T14:00Z,7236,5808,Orlando City SC,FC Dallas,,
U16,Southeast (Pro Player Pathway),30683,2026-11-21T14:00Z,5702,7236,Atlanta United,Orlando City SC,,
U16,Southeast (Pro Player Pathway),30686,2026-11-21T15:00Z,7264,7356,Charlotte FC,Austin FC,,
U16,Southeast (Pro Player Pathway),30710,2026-11-21T16:00Z,7351,7242,Nashville SC,Houston Dynamo FC,,
U16,Southeast (Pro Player Pathway),30689,2026-11-21T18:00Z,5808,2627,FC Dallas,Inter Miami CF,,
U16,Southeast (Pro Player Pathway),29356,2027-01-16T16:00Z,7242,2627,Houston Dynamo FC,Inter Miami CF,,
U16,Southeast (Pro Player Pathway),31326,2027-01-23,7242,7351,Houston Dynamo FC,Nashville SC,,
U16,Southeast (Pro Player Pathway),31329,2027-01-23,7236,5702,Orlando City SC,Atlanta United,,
U16,Southeast (Pro Player Pathway),31323,2027-01-23T16:00Z,5808,7264,FC Dallas,Charlotte FC,,
U16,Southeast (Pro Player Pathway),31508,2027-01-30,7356,7264,Austin FC,Charlotte FC,,
U16,Southeast (Pro Player Pathway),31511,2027-01-30T15:00Z,2627,7351,Inter Miami CF,Nashville SC,,
U16,Southeast (Pro Player Pathway),31704,2027-02-06,7236,7356,Orlando City SC,Austin FC,,
U16,Southeast (Pro Player Pathway),31698,2027-02-06T15:00Z,7264,2627,Charlotte FC,Inter Miami CF,,
U16,Southeast (Pro Player Pathway),31701,2027-02-06T17:00Z,7351,5702,Nashville SC,Atlanta United,,
U16,Southeast (Pro Player Pathway),31902,2027-02-13,7242,7236,Houston Dynamo FC,Orlando City SC,,
U16,Southeast (Pro Player Pathway),31895,2027-02-13T14:00Z,5702,5808,Atlanta United,FC Dallas,,
U16,Southeast (Pro Player Pathway),32257,2027-02-20,2627,7242,Inter Miami CF,Houston Dynamo FC,,
U16,Southeast (Pro Player Pathway),32712,2027-02-27T17:00Z,7351,7356,Nashville SC,Austin FC,,
U16,Southeast (Pro Player Pathway),33136,2027-03-06,7356,2627,Austin FC,Inter Miami CF,,
U16,Southeast (Pro Player Pathway),33139,2027-03-06,7242,7264,Houston Dynamo FC,Charlotte FC,,
U16,Southeast (Pro Player Pathway),33540,2027-03-13,5808,7236,FC Dallas,Orlando City SC,,
U16,Southeast (Pro Player Pathway),35112,2027-04-10,5702,7356,Atlanta United,Austin FC,,
U16,Southeast (Pro Player Pathway),35549,2027-04-17,7356,5808,Austin FC,FC Dallas,,
U16,Southeast (Pro Player Pathway),35546,2027-04-17T14:00Z,5702,2627,Atlanta United,Inter Miami CF,,
U16,Southeast (Pro Player Pathway),28943,2027-04-17T16:00Z,7351,7236,Nashville SC,Orlando City SC,,
U16,Southeast (Pro Player Pathway),35962,2027-04-24,7264,7351,Charlotte FC,Nashville SC,,
U16,Southeast (Pro Player Pathway),35969,2027-04-24,5808,7242,FC Dallas,Houston Dynamo FC,,
U16,Southeast (Pro Player Pathway),35982,2027-04-24T14:00Z,2627,7236,Inter Miami CF,Orlando City SC,,
U16,Southeast (Pro Player Pathway),36511,2027-05-08,7264,5702,Charlotte FC,Atlanta United,,
U16,Southeast (Pro Player Pathway),36517,2027-05-08,7242,7356,Houston Dynamo FC,Austin FC,,
U16,Southeast (Pro Player Pathway),36526,2027-05-08,2627,5808,Inter Miami CF,FC Dallas,,
U16,Southeast (Pro Player Pathway),36780,2027-05-15,5702,7242,Atlanta United,Houston Dynamo FC,,
U16,Southeast (Pro Player Pathway),36790,2027-05-15,7236,7264,Orlando City SC,Charlotte FC,,
U16,Southeast (Pro Player Pathway),29353,2027-05-15T14:00Z,5808,7351,FC Dallas,Nashville SC,,
U16,Southwest,26180,2026-09-05T16:00Z,6168,6174,FC Golden State Force,SC Del Sol,2,1
U16,Southwest,26786,2026-09-13T16:00Z,6058,5956,City SC - San Diego,LA Surf Soccer Club,2,0
U16,Southwest,26799,2026-09-13T20:00Z,9743,6095,Los Angeles Sports Club,Barca Residency Academy,1,5
U16,Southwest,27046,2026-09-19T16:00Z,6168,5862,FC Golden State Force,Phoenix Rising FC,3,2
U16,Southwest,27052,2026-09-19T19:30Z,5956,6285,LA Surf Soccer Club,ALBION SC San Diego,0,5
U16,Southwest,27040,2026-09-20T01:45Z,5855,9740,City SC Southwest,Los Angeles Bulls Soccer Club,0,5
U16,Southwest,27213,2026-09-20T15:00Z,6095,6058,Barca Residency Academy,City SC - San Diego,1,1
U16,Southwest,27231,2026-09-20T16:00Z,6168,6285,FC Golden State Force,ALBION SC San Diego,0,3
U16,Southwest,27239,2026-09-20T16:00Z,5956,5862,LA Surf Soccer Club,Phoenix Rising FC,0,2
U16,Southwest,27225,2026-09-20T19:30Z,5855,6048,City SC Southwest,Strikers FC,3,4
U16,Southwest,27219,2026-09-20T20:00Z,5670,6295,Chula Vista FC,Santa Barbara Soccer Club,0,2
U16,Southwest,27481,2026-09-26T18:00Z,6008,9743,RSL Arizona,Los Angeles Sports Club,5,1
U16,Southwest,27459,2026-09-26T20:00Z,5779,6058,Albion SC Las Vegas,City SC - San Diego,1,2
U16,Southwest,27493,2026-09-26T20:00Z,6048,6095,Strikers FC,Barca Residency Academy,4,1
U16,Southwest,27471,2026-09-26T20:45Z,9740,6174,Los Angeles Bulls Soccer Club,SC Del Sol,4,1
U16,Southwest,27487,2026-09-26T22:00Z,9756,5855,SoCal Reds FC,City SC Southwest,1,0
U16,Southwest,27637,2026-09-27T16:00Z,5779,6041,Albion SC Las Vegas,Albion SC Los Angeles,1,2
U16,Southwest,27671,2026-09-27T16:00Z,9756,6174,SoCal Reds FC,SC Del Sol,2,0
U16,Southwest,27679,2026-09-27T16:00Z,5818,6168,Total Futbol Academy,FC Golden State Force,2,0
U16,Southwest,27663,2026-09-27T19:00Z,5862,9743,Phoenix Rising FC,Los Angeles Sports Club,2,3
U16,Southwest,27643,2026-09-27T20:00Z,6285,6330,ALBION SC San Diego,Ventura County Fusion,7,0
U16,Southwest,27651,2026-09-27T20:45Z,9740,6095,Los Angeles Bulls Soccer Club,Barca Residency Academy,0,1
U16,Southwest,27657,2026-09-27T22:00Z,5956,5855,LA Surf Soccer Club,City SC Southwest,2,0
U16,Southwest,27920,2026-10-03T16:00Z,5862,5779,Phoenix Rising FC,Albion SC Las Vegas,,
U16,Southwest,27910,2026-10-03T22:00Z,6285,6048,ALBION SC San Diego,Strikers FC,,
U16,Southwest,28145,2026-10-04T20:00Z,6058,6008,City SC - San Diego,RSL Arizona,,
U16,Southwest,28139,2026-10-04T22:00Z,5670,6048,Chula Vista FC,Strikers FC,,
U16,Southwest,27465,2026-10-11T20:00Z,5670,6330,Chula Vista FC,Ventura County Fusion,,
U16,Southwest,28455,2026-10-17T16:00Z,5956,6008,LA Surf Soccer Club,RSL Arizona,,
U16,Southwest,28475,2026-10-17T16:00Z,5818,5670,Total Futbol Academy,Chula Vista FC,,
U16,Southwest,28449,2026-10-17T20:00Z,9743,6174,Los Angeles Sports Club,SC Del Sol,,
U16,Southwest,28463,2026-10-17T20:00Z,6295,6058,Santa Barbara Soccer Club,City SC - San Diego,,
U16,Southwest,28469,2026-10-17T20:00Z,6048,5779,Strikers FC,Albion SC Las Vegas,,
U16,Southwest,28672,2026-10-18T10:00Z,5956,5670,LA Surf Soccer Club,Chula Vista FC,,
U16,Southwest,28692,2026-10-18T16:00Z,5818,6285,Total Futbol Academy,ALBION SC San Diego,,
U16,Southwest,28666,2026-10-18T20:00Z,9743,5779,Los Angeles Sports Club,Albion SC Las Vegas,,
U16,Southwest,28680,2026-10-18T20:00Z,6295,6174,Santa Barbara Soccer Club,SC Del Sol,,
U16,Southwest,28686,2026-10-18T20:00Z,6048,6008,Strikers FC,RSL Arizona,,
U16,Southwest,28959,2026-10-24T20:00Z,5802,6168,Las Vegas Sports Academy,FC Golden State Force,,
U16,Southwest,29140,2026-10-25T16:00Z,5779,6168,Albion SC Las Vegas,FC Golden State Force,,
U16,Southwest,29366,2026-10-31T18:00Z,5802,5670,Las Vegas Sports Academy,Chula Vista FC,,
U16,Southwest,29380,2026-10-31T19:00Z,6174,6330,SC Del Sol,Ventura County Fusion,,
U16,Southwest,29526,2026-11-01T21:00Z,5862,6330,Phoenix Rising FC,Ventura County Fusion,,
U16,Southwest,29536,2026-11-01T21:00Z,9756,9743,SoCal Reds FC,Los Angeles Sports Club,,
U16,Southwest,29788,2026-11-07T17:00Z,5818,5862,Total Futbol Academy,Phoenix Rising FC,,
U16,Southwest,29782,2026-11-07T21:00Z,6295,5802,Santa Barbara Soccer Club,Las Vegas Sports Academy,,
U16,Southwest,29794,2026-11-07T21:00Z,6330,6095,Ventura County Fusion,Barca Residency Academy,,
U16,Southwest,29772,2026-11-07T21:45Z,9740,5779,Los Angeles Bulls Soccer Club,Albion SC Las Vegas,,
U16,Southwest,29972,2026-11-08T17:00Z,5818,5855,Total Futbol Academy,City SC Southwest,,
U16,Southwest,29952,2026-11-08T21:00Z,6058,9756,City SC - San Diego,SoCal Reds FC,,
U16,Southwest,29966,2026-11-08T21:00Z,6295,6095,Santa Barbara Soccer Club,Barca Residency Academy,,
U16,Southwest,29978,2026-11-08T21:00Z,6330,5802,Ventura County Fusion,Las Vegas Sports Academy,,
U16,Southwest,29958,2026-11-08T21:45Z,9740,5862,Los Angeles Bulls Soccer Club,Phoenix Rising FC,,
U16,Southwest,30242,2026-11-14T18:00Z,9756,6285,SoCal Reds FC,ALBION SC San Diego,,
U16,Southwest,30228,2026-11-14T21:00Z,5670,5779,Chula Vista FC,Albion SC Las Vegas,,
U16,Southwest,30438,2026-11-15T16:00Z,6174,5802,SC Del Sol,Las Vegas Sports Academy,,
U16,Southwest,30429,2026-11-15T16:30Z,5855,9743,City SC Southwest,Los Angeles Sports Club,,
U16,Southwest,30448,2026-11-15T22:30Z,6330,9740,Ventura County Fusion,Los Angeles Bulls Soccer Club,,
U16,Southwest,30423,2026-11-16T02:40Z,6041,6285,Albion SC Los Angeles,ALBION SC San Diego,,
U16,Southwest,30722,2026-11-21T17:00Z,5855,6174,City SC Southwest,SC Del Sol,,
U16,Southwest,30716,2026-11-21T18:00Z,6095,9756,Barca Residency Academy,SoCal Reds FC,,
U16,Southwest,30728,2026-11-21T19:00Z,5802,5956,Las Vegas Sports Academy,LA Surf Soccer Club,,
U16,Southwest,30740,2026-11-21T19:00Z,6008,5670,RSL Arizona,Chula Vista FC,,
U16,Southwest,30900,2026-11-22T17:00Z,5779,5956,Albion SC Las Vegas,LA Surf Soccer Club,,
U16,Southwest,30908,2026-11-22T17:00Z,5802,6285,Las Vegas Sports Academy,ALBION SC San Diego,,
U16,Southwest,30918,2026-11-22T19:00Z,6008,9756,RSL Arizona,SoCal Reds FC,,
U16,Southwest,31030,2027-01-10,6168,6295,FC Golden State Force,Santa Barbara Soccer Club,,
U16,Southwest,31042,2027-01-10,5818,6048,Total Futbol Academy,Strikers FC,,
U16,Southwest,31126,2027-01-16,6095,6168,Barca Residency Academy,FC Golden State Force,,
U16,Southwest,31141,2027-01-16,5862,6041,Phoenix Rising FC,Albion SC Los Angeles,,
U16,Southwest,31149,2027-01-16,6174,6058,SC Del Sol,City SC - San Diego,,
U16,Southwest,31176,2027-01-17,6095,6041,Barca Residency Academy,Albion SC Los Angeles,,
U16,Southwest,31193,2027-01-17,9743,6330,Los Angeles Sports Club,Ventura County Fusion,,
U16,Southwest,31199,2027-01-17,5862,6058,Phoenix Rising FC,City SC - San Diego,,
U16,Southwest,31205,2027-01-17,6008,6168,RSL Arizona,FC Golden State Force,,
U16,Southwest,31036,2027-01-17T09:00Z,5956,9756,LA Surf Soccer Club,SoCal Reds FC,,
U16,Southwest,31333,2027-01-23,6095,5956,Barca Residency Academy,LA Surf Soccer Club,,
U16,Southwest,31341,2027-01-23,6008,6295,RSL Arizona,Santa Barbara Soccer Club,,
U16,Southwest,31377,2027-01-24,6168,6330,FC Golden State Force,Ventura County Fusion,,
U16,Southwest,31383,2027-01-24,5862,6295,Phoenix Rising FC,Santa Barbara Soccer Club,,
U16,Southwest,31391,2027-01-24,6174,5956,SC Del Sol,LA Surf Soccer Club,,
U16,Southwest,31401,2027-01-24,5818,6041,Total Futbol Academy,Albion SC Los Angeles,,
U16,Southwest,31184,2027-01-24T21:00Z,5802,5855,Las Vegas Sports Academy,City SC Southwest,,
U16,Southwest,31517,2027-01-30,6285,5779,ALBION SC San Diego,Albion SC Las Vegas,,
U16,Southwest,31523,2027-01-30,6041,5802,Albion SC Los Angeles,Las Vegas Sports Academy,,
U16,Southwest,31535,2027-01-30,6048,6058,Strikers FC,City SC - San Diego,,
U16,Southwest,31541,2027-01-30,6330,6008,Ventura County Fusion,RSL Arizona,,
U16,Southwest,31571,2027-01-31,6041,6008,Albion SC Los Angeles,RSL Arizona,,
U16,Southwest,31577,2027-01-31,5855,5779,City SC Southwest,Albion SC Las Vegas,,
U16,Southwest,31583,2027-01-31,9740,6058,Los Angeles Bulls Soccer Club,City SC - San Diego,,
U16,Southwest,31593,2027-01-31,6048,5802,Strikers FC,Las Vegas Sports Academy,,
U16,Southwest,31717,2027-02-06,9756,5670,SoCal Reds FC,Chula Vista FC,,
U16,Southwest,31749,2027-02-07,9740,5818,Los Angeles Bulls Soccer Club,Total Futbol Academy,,
U16,Southwest,31755,2027-02-07,9743,6041,Los Angeles Sports Club,Albion SC Los Angeles,,
U16,Southwest,31765,2027-02-07,9756,5862,SoCal Reds FC,Phoenix Rising FC,,
U16,Southwest,32283,2027-02-20,6285,9743,ALBION SC San Diego,Los Angeles Sports Club,,
U16,Southwest,32291,2027-02-20,9740,6168,Los Angeles Bulls Soccer Club,FC Golden State Force,,
U16,Southwest,32301,2027-02-20,6174,6041,SC Del Sol,Albion SC Los Angeles,,
U16,Southwest,32307,2027-02-20,6048,5956,Strikers FC,LA Surf Soccer Club,,
U16,Southwest,32470,2027-02-21,5670,9743,Chula Vista FC,Los Angeles Sports Club,,
U16,Southwest,32481,2027-02-21,9756,6330,SoCal Reds FC,Ventura County Fusion,,
U16,Southwest,32487,2027-02-21,5818,6008,Total Futbol Academy,RSL Arizona,,
U16,Southwest,32896,2027-02-28,5779,6095,Albion SC Las Vegas,Barca Residency Academy,,
U16,Southwest,32902,2027-02-28,6285,6174,ALBION SC San Diego,SC Del Sol,,
U16,Southwest,32908,2027-02-28,6168,6048,FC Golden State Force,Strikers FC,,
U16,Southwest,32916,2027-02-28,9740,9756,Los Angeles Bulls Soccer Club,SoCal Reds FC,,
U16,Southwest,32922,2027-02-28,6295,6041,Santa Barbara Soccer Club,Albion SC Los Angeles,,
U16,Southwest,32928,2027-02-28,5818,9743,Total Futbol Academy,Los Angeles Sports Club,,
U16,Southwest,33156,2027-03-06,9743,6058,Los Angeles Sports Club,City SC - San Diego,,
U16,Southwest,33162,2027-03-06,6008,5855,RSL Arizona,City SC Southwest,,
U16,Southwest,33320,2027-03-07,6041,9740,Albion SC Los Angeles,Los Angeles Bulls Soccer Club,,
U16,Southwest,33330,2027-03-07,9743,5802,Los Angeles Sports Club,Las Vegas Sports Academy,,
U16,Southwest,33336,2027-03-07,5956,6168,LA Surf Soccer Club,FC Golden State Force,,
U16,Southwest,33346,2027-03-07,6295,6048,Santa Barbara Soccer Club,Strikers FC,,
U16,Southwest,33354,2027-03-07,6330,6058,Ventura County Fusion,City SC - San Diego,,
U16,Southwest,33549,2027-03-13,6041,5670,Albion SC Los Angeles,Chula Vista FC,,
U16,Southwest,33555,2027-03-13,6058,5802,City SC - San Diego,Las Vegas Sports Academy,,
U16,Southwest,33561,2027-03-13,6168,5855,FC Golden State Force,City SC Southwest,,
U16,Southwest,33569,2027-03-13,6008,9740,RSL Arizona,Los Angeles Bulls Soccer Club,,
U16,Southwest,33575,2027-03-13,6174,5779,SC Del Sol,Albion SC Las Vegas,,
U16,Southwest,33583,2027-03-13,6048,9756,Strikers FC,SoCal Reds FC,,
U16,Southwest,33589,2027-03-13,5818,6295,Total Futbol Academy,Santa Barbara Soccer Club,,
U16,Southwest,33747,2027-03-14,6285,5862,ALBION SC San Diego,Phoenix Rising FC,,
U16,Southwest,33753,2027-03-14,6041,5855,Albion SC Los Angeles,City SC Southwest,,
U16,Southwest,33759,2027-03-14,6168,5670,FC Golden State Force,Chula Vista FC,,
U16,Southwest,33976,2027-03-20,5779,5818,Albion SC Las Vegas,Total Futbol Academy,,
U16,Southwest,33990,2027-03-20,6174,6095,SC Del Sol,Barca Residency Academy,,
U16,Southwest,34168,2027-03-21,5802,5818,Las Vegas Sports Academy,Total Futbol Academy,,
U16,Southwest,34178,2027-03-21,6295,5956,Santa Barbara Soccer Club,LA Surf Soccer Club,,
U16,Southwest,34184,2027-03-21,6330,6041,Ventura County Fusion,Albion SC Los Angeles,,
U16,Southwest,34452,2027-03-27,5670,5855,Chula Vista FC,City SC Southwest,,
U16,Southwest,34458,2027-03-27,6058,6285,City SC - San Diego,ALBION SC San Diego,,
U16,Southwest,34466,2027-03-27,9740,5956,Los Angeles Bulls Soccer Club,LA Surf Soccer Club,,
U16,Southwest,34472,2027-03-27,9743,6295,Los Angeles Sports Club,Santa Barbara Soccer Club,,
U16,Southwest,34478,2027-03-27,5862,6095,Phoenix Rising FC,Barca Residency Academy,,
U16,Southwest,34484,2027-03-27,6174,6008,SC Del Sol,RSL Arizona,,
U16,Southwest,34492,2027-03-27,6330,5818,Ventura County Fusion,Total Futbol Academy,,
U16,Southwest,34713,2027-04-03,5779,9756,Albion SC Las Vegas,SoCal Reds FC,,
U16,Southwest,34719,2027-04-03,6285,9740,ALBION SC San Diego,Los Angeles Bulls Soccer Club,,
U16,Southwest,34723,2027-04-03,6095,5818,Barca Residency Academy,Total Futbol Academy,,
U16,Southwest,34729,2027-04-03,5670,5862,Chula Vista FC,Phoenix Rising FC,,
U16,Southwest,34735,2027-04-03,6058,6041,City SC - San Diego,Albion SC Los Angeles,,
U16,Southwest,34741,2027-04-03,5855,6295,City SC Southwest,Santa Barbara Soccer Club,,
U16,Southwest,34747,2027-04-03,5802,6008,Las Vegas Sports Academy,RSL Arizona,,
U16,Southwest,34758,2027-04-03,6330,5956,Ventura County Fusion,LA Surf Soccer Club,,
U16,Southwest,34891,2027-04-04,5779,6008,Albion SC Las Vegas,RSL Arizona,,
U16,Southwest,34897,2027-04-04,6285,6295,ALBION SC San Diego,Santa Barbara Soccer Club,,
U16,Southwest,34904,2027-04-04,5670,9740,Chula Vista FC,Los Angeles Bulls Soccer Club,,
U16,Southwest,34910,2027-04-04,6058,6168,City SC - San Diego,FC Golden State Force,,
U16,Southwest,34916,2027-04-04,5855,5862,City SC Southwest,Phoenix Rising FC,,
U16,Southwest,34922,2027-04-04,5802,9756,Las Vegas Sports Academy,SoCal Reds FC,,
U16,Southwest,34928,2027-04-04,9743,6048,Los Angeles Sports Club,Strikers FC,,
U16,Southwest,34936,2027-04-04,6174,5818,SC Del Sol,Total Futbol Academy,,
U16,Southwest,35137,2027-04-10,5862,5802,Phoenix Rising FC,Las Vegas Sports Academy,,
U16,Southwest,35143,2027-04-10,6330,5779,Ventura County Fusion,Albion SC Las Vegas,,
U16,Southwest,35294,2027-04-11,6285,5670,ALBION SC San Diego,Chula Vista FC,,
U16,Southwest,35300,2027-04-11,6041,9756,Albion SC Los Angeles,SoCal Reds FC,,
U16,Southwest,35304,2027-04-11,6095,5802,Barca Residency Academy,Las Vegas Sports Academy,,
U16,Southwest,35310,2027-04-11,6168,9743,FC Golden State Force,Los Angeles Sports Club,,
U16,Southwest,35316,2027-04-11,9740,6048,Los Angeles Bulls Soccer Club,Strikers FC,,
U16,Southwest,35326,2027-04-11,6295,5779,Santa Barbara Soccer Club,Albion SC Las Vegas,,
U16,Southwest,35581,2027-04-17,5670,6095,Chula Vista FC,Barca Residency Academy,,
U16,Southwest,35587,2027-04-17,6058,5818,City SC - San Diego,Total Futbol Academy,,
U16,Southwest,35593,2027-04-17,5855,6330,City SC Southwest,Ventura County Fusion,,
U16,Southwest,35601,2027-04-17,6295,9740,Santa Barbara Soccer Club,Los Angeles Bulls Soccer Club,,
U16,Southwest,35607,2027-04-17,9756,6168,SoCal Reds FC,FC Golden State Force,,
U16,Southwest,35613,2027-04-17,6048,6041,Strikers FC,Albion SC Los Angeles,,
U16,Southwest,35768,2027-04-18,5670,6174,Chula Vista FC,SC Del Sol,,
U16,Southwest,35776,2027-04-18,5855,6095,City SC Southwest,Barca Residency Academy,,
U16,Southwest,35785,2027-04-18,5956,9743,LA Surf Soccer Club,Los Angeles Sports Club,,
U16,Southwest,35791,2027-04-18,6008,5862,RSL Arizona,Phoenix Rising FC,,
U16,Southwest,36004,2027-04-24,5862,6048,Phoenix Rising FC,Strikers FC,,
U16,Southwest,36010,2027-04-24,6008,6285,RSL Arizona,ALBION SC San Diego,,
U16,Southwest,36166,2027-04-25,5779,5802,Albion SC Las Vegas,Las Vegas Sports Academy,,
U16,Southwest,36172,2027-04-25,6041,5956,Albion SC Los Angeles,LA Surf Soccer Club,,
U16,Southwest,36176,2027-04-25,6095,6285,Barca Residency Academy,ALBION SC San Diego,,
U16,Southwest,36182,2027-04-25,5855,6058,City SC Southwest,City SC - San Diego,,
U16,Southwest,36188,2027-04-25,9743,9740,Los Angeles Sports Club,Los Angeles Bulls Soccer Club,,
U16,Southwest,36196,2027-04-25,6174,6048,SC Del Sol,Strikers FC,,
U16,Southwest,36204,2027-04-25,6295,6330,Santa Barbara Soccer Club,Ventura County Fusion,,
U16,Southwest,36210,2027-04-25,9756,5818,SoCal Reds FC,Total Futbol Academy,,
U16,Southwest,36553,2027-05-08,6285,5855,ALBION SC San Diego,City SC Southwest,,
U16,Southwest,36559,2027-05-08,6041,6168,Albion SC Los Angeles,FC Golden State Force,,
U16,Southwest,36563,2027-05-08,6095,6008,Barca Residency Academy,RSL Arizona,,
U16,Southwest,36569,2027-05-08,6058,5670,City SC - San Diego,Chula Vista FC,,
U16,Southwest,36575,2027-05-08,5802,9740,Las Vegas Sports Academy,Los Angeles Bulls Soccer Club,,
U16,Southwest,36584,2027-05-08,5956,5818,LA Surf Soccer Club,Total Futbol Academy,,
U16,Southwest,36590,2027-05-08,5862,6174,Phoenix Rising FC,SC Del Sol,,
U16,Southwest,36598,2027-05-08,9756,6295,SoCal Reds FC,Santa Barbara Soccer Club,,
U16,Southwest,36604,2027-05-08,6048,6330,Strikers FC,Ventura County Fusion,,
U16,West (Pro Player Pathway),27083,2026-09-19T20:00Z,7208,6264,San Jose Earthquakes,Los Angeles Football Club,4,1
U16,West (Pro Player Pathway),27077,2026-09-20T00:30Z,7258,7232,Portland Timbers,Seattle Sounders FC,1,4
U16,West (Pro Player Pathway),27938,2026-10-03T20:45Z,7215,7208,LA Galaxy,San Jose Earthquakes,,
U16,West (Pro Player Pathway),27941,2026-10-03T21:00Z,7232,6264,Seattle Sounders FC,Los Angeles Football Club,,
U16,West (Pro Player Pathway),28483,2026-10-17T20:30Z,7208,7232,San Jose Earthquakes,Seattle Sounders FC,,
U16,West (Pro Player Pathway),28479,2026-10-17T20:45Z,7215,7258,LA Galaxy,Portland Timbers,,
U16,West (Pro Player Pathway),28985,2026-10-24T21:00Z,6264,7215,Los Angeles Football Club,LA Galaxy,,
U16,West (Pro Player Pathway),27499,2026-10-31T20:30Z,7208,7258,San Jose Earthquakes,Portland Timbers,3,3
U16,West (Pro Player Pathway),30260,2026-11-14T22:00Z,6264,7258,Los Angeles Football Club,Portland Timbers,,
U16,West (Pro Player Pathway),30760,2026-11-21T21:45Z,7215,7232,LA Galaxy,Seattle Sounders FC,,
U16,West (Pro Player Pathway),31355,2027-01-23,7258,7215,Portland Timbers,LA Galaxy,,
U16,West (Pro Player Pathway),31554,2027-01-30,6264,7232,Los Angeles Football Club,Seattle Sounders FC,,
U16,West (Pro Player Pathway),31981,2027-02-13,7258,7208,Portland Timbers,San Jose Earthquakes,,
U16,West (Pro Player Pathway),32314,2027-02-20,7232,7215,Seattle Sounders FC,LA Galaxy,,
U16,West (Pro Player Pathway),33594,2027-03-13,7258,6264,Portland Timbers,Los Angeles Football Club,,
U16,West (Pro Player Pathway),33597,2027-03-13,7232,7208,Seattle Sounders FC,San Jose Earthquakes,,
U16,West (Pro Player Pathway),35149,2027-04-10,7232,7258,Seattle Sounders FC,Portland Timbers,,
U16,West (Pro Player Pathway),35618,2027-04-17,6264,7208,Los Angeles Football Club,San Jose Earthquakes,,
U16,West (Pro Player Pathway),36013,2027-04-24,7215,6264,LA Galaxy,Los Angeles Football Club,,
U16,West (Pro Player Pathway),36610,2027-05-08,7208,7215,San Jose Earthquakes,LA Galaxy,,
U17,Central (Pro Player Pathway),26821,2026-09-19T16:15Z,7222,5985,Columbus Crew,St. Louis City SC,3,4
U17,Central (Pro Player Pathway),26824,2026-09-19T17:15Z,6129,5673,Sporting Kansas City,Minnesota United FC,1,3
U17,Central (Pro Player Pathway),27257,2026-09-26T16:00Z,5673,5830,Minnesota United FC,FC Cincinnati,2,3
U17,Central (Pro Player Pathway),27260,2026-09-26T16:15Z,5985,5742,St. Louis City SC,Colorado Rapids,6,0
U17,Central (Pro Player Pathway),27254,2026-09-26T17:15Z,2934,6129,Chicago Fire FC,Sporting Kansas City,2,0
U17,Central (Pro Player Pathway),28171,2026-10-10T16:00Z,5830,2934,FC Cincinnati,Chicago Fire FC,,
U17,Central (Pro Player Pathway),28174,2026-10-10T17:15Z,6129,5985,Sporting Kansas City,St. Louis City SC,,
U17,Central (Pro Player Pathway),28168,2026-10-10T18:30Z,5742,7222,Colorado Rapids,Columbus Crew,,
U17,Central (Pro Player Pathway),28233,2026-10-17T17:15Z,2934,5673,Chicago Fire FC,Minnesota United FC,,
U17,Central (Pro Player Pathway),28487,2026-10-18T19:00Z,5830,7222,FC Cincinnati,Columbus Crew,,
U17,Central (Pro Player Pathway),28715,2026-10-24T16:00Z,5673,5742,Minnesota United FC,Colorado Rapids,,
U17,Central (Pro Player Pathway),28718,2026-10-24T16:15Z,7222,6129,Columbus Crew,Sporting Kansas City,,
U17,Central (Pro Player Pathway),28721,2026-10-24T17:15Z,5985,5830,St. Louis City SC,FC Cincinnati,,
U17,Central (Pro Player Pathway),29165,2026-10-31T16:15Z,6129,5830,Sporting Kansas City,FC Cincinnati,,
U17,Central (Pro Player Pathway),29162,2026-10-31T18:30Z,5742,2934,Colorado Rapids,Chicago Fire FC,,
U17,Central (Pro Player Pathway),29563,2026-11-07T17:00Z,5673,5985,Minnesota United FC,St. Louis City SC,,
U17,Central (Pro Player Pathway),29560,2026-11-07T18:15Z,2934,7222,Chicago Fire FC,Columbus Crew,,
U17,Central (Pro Player Pathway),29996,2026-11-14T16:00Z,5830,5742,FC Cincinnati,Colorado Rapids,,
U17,Central (Pro Player Pathway),29993,2026-11-14T17:15Z,7222,5673,Columbus Crew,Minnesota United FC,,
U17,Central (Pro Player Pathway),30462,2026-11-21T18:15Z,5985,2934,St. Louis City SC,Chicago Fire FC,,
U17,Central (Pro Player Pathway),30459,2026-11-21T19:30Z,5742,6129,Colorado Rapids,Sporting Kansas City,,
U17,Central (Pro Player Pathway),32071,2027-02-20,7222,5830,Columbus Crew,FC Cincinnati,,
U17,Central (Pro Player Pathway),32074,2027-02-20,5742,5673,Colorado Rapids,Minnesota United FC,,
U17,Central (Pro Player Pathway),32068,2027-02-20T18:15Z,2934,5985,Chicago Fire FC,St. Louis City SC,,
U17,Central (Pro Player Pathway),32497,2027-02-27T17:00Z,5673,6129,Minnesota United FC,Sporting Kansas City,,
U17,Central (Pro Player Pathway),32494,2027-02-27T19:30Z,5742,5830,Colorado Rapids,FC Cincinnati,,
U17,Central (Pro Player Pathway),32937,2027-03-06,5985,7222,St. Louis City SC,Columbus Crew,,
U17,Central (Pro Player Pathway),33367,2027-03-13,7222,5742,Columbus Crew,Colorado Rapids,,
U17,Central (Pro Player Pathway),33370,2027-03-13,5830,6129,FC Cincinnati,Sporting Kansas City,,
U17,Central (Pro Player Pathway),34943,2027-04-10,5985,6129,St. Louis City SC,Sporting Kansas City,,
U17,Central (Pro Player Pathway),34940,2027-04-10T16:00Z,5673,2934,Minnesota United FC,Chicago Fire FC,,
U17,Central (Pro Player Pathway),35333,2027-04-17,7222,2934,Columbus Crew,Chicago Fire FC,,
U17,Central (Pro Player Pathway),35336,2027-04-17,6129,5742,Sporting Kansas City,Colorado Rapids,,
U17,Central (Pro Player Pathway),35339,2027-04-17,5985,5673,St. Louis City SC,Minnesota United FC,,
U17,Central (Pro Player Pathway),35800,2027-04-24,5673,7222,Minnesota United FC,Columbus Crew,,
U17,Central (Pro Player Pathway),35797,2027-04-24T17:15Z,2934,5830,Chicago Fire FC,FC Cincinnati,,
U17,Central (Pro Player Pathway),36263,2027-05-08,5830,5985,FC Cincinnati,St. Louis City SC,,
U17,Central (Pro Player Pathway),36266,2027-05-08,6129,7222,Sporting Kansas City,Columbus Crew,,
U17,Central (Pro Player Pathway),36260,2027-05-08T17:15Z,2934,5742,Chicago Fire FC,Colorado Rapids,,
U17,Central (Pro Player Pathway),36616,2027-05-15,5742,5985,Colorado Rapids,St. Louis City SC,,
U17,Central (Pro Player Pathway),36619,2027-05-15,5830,5673,FC Cincinnati,Minnesota United FC,,
U17,Central (Pro Player Pathway),36622,2027-05-15,6129,2934,Sporting Kansas City,Chicago Fire FC,,
U17,Florida,26033,2026-09-05T15:00Z,5769,5949,South Florida Football Academy,Athletum FC Academy,1,4
U17,Florida,26015,2026-09-05T18:00Z,9751,6132,Orlando City Soccer School South,Tampa Bay United,2,0
U17,Florida,26027,2026-09-05T18:00Z,5753,10492,Sol SC Florida,One FC,1,4
U17,Florida,26422,2026-09-12T20:00Z,5847,5949,West Florida Flames,Athletum FC Academy,4,5
U17,Florida,27286,2026-09-26T15:00Z,5769,5968,South Florida Football Academy,Miami Futbol Academy Rush,2,4
U17,Florida,29587,2026-10-11T16:00Z,5753,5813,Sol SC Florida,Jacksonville FC,,
U17,Florida,28271,2026-10-17T15:00Z,5847,9728,West Florida Flames,IdeaSport SA,,
U17,Florida,28251,2026-10-17T18:30Z,5968,5753,Miami Futbol Academy Rush,Sol SC Florida,,
U17,Florida,29183,2026-10-31T16:00Z,5753,5788,Sol SC Florida,Seminole United,,
U17,Florida,29189,2026-11-01T20:00Z,6132,5813,Tampa Bay United,Jacksonville FC,,
U17,Florida,29569,2026-11-07T19:00Z,5949,6132,Athletum FC Academy,Tampa Bay United,,
U17,Florida,30032,2026-11-14T16:00Z,5847,6132,West Florida Flames,Tampa Bay United,,
U17,Florida,30014,2026-11-14T19:30Z,5813,5949,Jacksonville FC,Athletum FC Academy,,
U17,Florida,29599,2026-11-15T22:00Z,5714,5789,Weston FC,IMG,,
U17,Florida,30488,2026-11-21T16:00Z,9751,5813,Orlando City Soccer School South,Jacksonville FC,,
U17,Florida,30480,2026-11-21T23:30Z,10492,5788,One FC,Seminole United,,
U17,Florida,29593,2026-12-19T22:00Z,5769,9751,South Florida Football Academy,Orlando City Soccer School South,,
U17,Florida,30952,2027-01-09,5968,9751,Miami Futbol Academy Rush,Orlando City Soccer School South,,
U17,Florida,30962,2027-01-09,5769,9728,South Florida Football Academy,IdeaSport SA,,
U17,Florida,31052,2027-01-16,9728,5714,IdeaSport SA,Weston FC,,
U17,Florida,31058,2027-01-16,10492,5949,One FC,Athletum FC Academy,,
U17,Florida,31070,2027-01-16,5788,5968,Seminole United,Miami Futbol Academy Rush,,
U17,Florida,31420,2027-01-30T17:00Z,5789,5813,IMG,Jacksonville FC,,
U17,Florida,31616,2027-02-06,9728,6132,IdeaSport SA,Tampa Bay United,,
U17,Florida,31610,2027-02-06T17:00Z,5789,5788,IMG,Seminole United,,
U17,Florida,31622,2027-02-06T19:30Z,5813,10492,Jacksonville FC,One FC,,
U17,Florida,31634,2027-02-06T20:00Z,5847,5968,West Florida Flames,Miami Futbol Academy Rush,,
U17,Florida,34217,2027-02-07T21:00Z,9751,5714,Orlando City Soccer School South,Weston FC,,
U17,Florida,30026,2027-02-20T18:00Z,5788,9751,Seminole United,Orlando City Soccer School South,,
U17,Florida,32509,2027-02-27T16:00Z,5789,5847,IMG,West Florida Flames,,
U17,Florida,32949,2027-03-06,9728,9751,IdeaSport SA,Orlando City Soccer School South,,
U17,Florida,32957,2027-03-06,5968,5714,Miami Futbol Academy Rush,Weston FC,,
U17,Florida,32967,2027-03-06,6132,5769,Tampa Bay United,South Florida Football Academy,,
U17,Florida,32943,2027-03-06T19:00Z,5789,10492,IMG,One FC,,
U17,Florida,33376,2027-03-13,5949,5714,Athletum FC Academy,Weston FC,,
U17,Florida,33386,2027-03-13,10492,5968,One FC,Miami Futbol Academy Rush,,
U17,Florida,33400,2027-03-13,9728,5753,IdeaSport SA,Sol SC Florida,,
U17,Florida,33806,2027-03-20T14:00Z,5847,5753,West Florida Flames,Sol SC Florida,,
U17,Florida,33812,2027-03-20T15:00Z,5714,5769,Weston FC,South Florida Football Academy,,
U17,Florida,34223,2027-03-27,5753,5789,Sol SC Florida,IMG,,
U17,Florida,34503,2027-04-03,5949,5753,Athletum FC Academy,Sol SC Florida,,
U17,Florida,34509,2027-04-03,5789,5769,IMG,South Florida Football Academy,,
U17,Florida,34515,2027-04-03,5968,5813,Miami Futbol Academy Rush,Jacksonville FC,,
U17,Florida,34523,2027-04-03,5788,9728,Seminole United,IdeaSport SA,,
U17,Florida,34529,2027-04-03,6132,10492,Tampa Bay United,One FC,,
U17,Florida,34535,2027-04-03T19:00Z,5847,9751,West Florida Flames,Orlando City Soccer School South,,
U17,Florida,34949,2027-04-10,5949,9728,Athletum FC Academy,IdeaSport SA,,
U17,Florida,34955,2027-04-10,5788,5813,Seminole United,Jacksonville FC,,
U17,Florida,34961,2027-04-10,10492,5769,One FC,South Florida Football Academy,,
U17,Florida,34973,2027-04-10,5753,6132,Sol SC Florida,Tampa Bay United,,
U17,Florida,34967,2027-04-10T15:00Z,9751,5789,Orlando City Soccer School South,IMG,,
U17,Florida,34979,2027-04-10T17:00Z,5714,5847,Weston FC,West Florida Flames,,
U17,Florida,32108,2027-04-11T15:00Z,5769,5847,South Florida Football Academy,West Florida Flames,,
U17,Florida,35345,2027-04-17,5789,5949,IMG,Athletum FC Academy,,
U17,Florida,35351,2027-04-17,9728,5968,IdeaSport SA,Miami Futbol Academy Rush,,
U17,Florida,35363,2027-04-17,5769,5753,South Florida Football Academy,Sol SC Florida,,
U17,Florida,35369,2027-04-17,6132,5788,Tampa Bay United,Seminole United,,
U17,Florida,35357,2027-04-17T20:00Z,9751,10492,Orlando City Soccer School South,One FC,,
U17,Florida,35375,2027-04-17T20:00Z,5714,5813,Weston FC,Jacksonville FC,,
U17,Florida,35806,2027-04-24,5949,9751,Athletum FC Academy,Orlando City Soccer School South,,
U17,Florida,35812,2027-04-24,5813,5847,Jacksonville FC,West Florida Flames,,
U17,Florida,35818,2027-04-24,5968,5789,Miami Futbol Academy Rush,IMG,,
U17,Florida,35824,2027-04-24,10492,9728,One FC,IdeaSport SA,,
U17,Florida,35830,2027-04-24,5788,5769,Seminole United,South Florida Football Academy,,
U17,Florida,35836,2027-04-24,6132,5714,Tampa Bay United,Weston FC,,
U17,Florida,36272,2027-05-08,5949,5968,Athletum FC Academy,Miami Futbol Academy Rush,,
U17,Florida,36278,2027-05-08,5813,9728,Jacksonville FC,IdeaSport SA,,
U17,Florida,36294,2027-05-08,6132,5789,Tampa Bay United,IMG,,
U17,Florida,36284,2027-05-08T14:00Z,9751,5753,Orlando City Soccer School South,Sol SC Florida,,
U17,Florida,36300,2027-05-08T16:00Z,5714,10492,Weston FC,One FC,,
U17,Florida,36628,2027-05-15,9728,5789,IdeaSport SA,IMG,,
U17,Florida,36634,2027-05-15,5813,5769,Jacksonville FC,South Florida Football Academy,,
U17,Florida,36640,2027-05-15,5968,6132,Miami Futbol Academy Rush,Tampa Bay United,,
U17,Florida,36646,2027-05-15,10492,5847,One FC,West Florida Flames,,
U17,Florida,36652,2027-05-15,5788,5949,Seminole United,Athletum FC Academy,,
U17,Florida,36658,2027-05-15T18:00Z,5753,5714,Sol SC Florida,Weston FC,,
U17,Florida,29581,2027-06-08T18:00Z,5788,5847,Seminole United,West Florida Flames,,
U17,Florida,26428,2027-06-08T21:00Z,5714,5788,Weston FC,Seminole United,,
U17,Frontier,27310,2026-09-26T17:00Z,6341,10488,GFI Academy,SGA,2,5
U17,Frontier,27304,2026-09-26T19:00Z,7152,5927,AC River,Houston Rangers,1,7
U17,Frontier,34019,2026-10-10T17:00Z,6314,9691,Capital City SC,Tulsa Greenwood SC,,
U17,Frontier,28277,2026-10-17T18:00Z,6156,10488,Dallas Hornets,SGA,,
U17,Frontier,28505,2026-10-18T16:00Z,5927,9691,Houston Rangers,Tulsa Greenwood SC,,
U17,Frontier,33184,2026-10-18T20:00Z,9667,7152,ALBION SC Colorado,AC River,,
U17,Frontier,29012,2026-10-25T14:00Z,9691,9667,Tulsa Greenwood SC,ALBION SC Colorado,,
U17,Frontier,31273,2026-11-01T19:00Z,6314,7276,Capital City SC,FC Dallas,,
U17,Frontier,29605,2026-11-07T19:00Z,9667,6156,ALBION SC Colorado,Dallas Hornets,,
U17,Frontier,30512,2026-11-21T18:00Z,6314,9667,Capital City SC,ALBION SC Colorado,,
U17,Frontier,31645,2027-02-06T20:00Z,6341,7152,GFI Academy,AC River,,
U17,Frontier,31821,2027-02-13,6156,6341,Dallas Hornets,GFI Academy,,
U17,Frontier,31832,2027-02-13,10488,5927,SGA,Houston Rangers,,
U17,Frontier,32122,2027-02-20,7276,9691,FC Dallas,Tulsa Greenwood SC,,
U17,Frontier,32548,2027-02-27,6341,6314,GFI Academy,Capital City SC,,
U17,Frontier,32979,2027-03-06,9667,10488,ALBION SC Colorado,SGA,,
U17,Frontier,32989,2027-03-06,5927,6156,Houston Rangers,Dallas Hornets,,
U17,Frontier,33422,2027-03-13,10488,7276,SGA,FC Dallas,,
U17,Frontier,33830,2027-03-20,5927,9667,Houston Rangers,ALBION SC Colorado,,
U17,Frontier,34235,2027-03-27,6314,5927,Capital City SC,Houston Rangers,,
U17,Frontier,34241,2027-03-27,9691,6341,Tulsa Greenwood SC,GFI Academy,,
U17,Frontier,34548,2027-04-03,7276,5927,FC Dallas,Houston Rangers,,
U17,Frontier,34553,2027-04-03,9691,10488,Tulsa Greenwood SC,SGA,,
U17,Frontier,34541,2027-04-03T17:00Z,7152,6314,AC River,Capital City SC,,
U17,Frontier,34985,2027-04-10,6156,7152,Dallas Hornets,AC River,,
U17,Frontier,34989,2027-04-10,7276,9667,FC Dallas,ALBION SC Colorado,,
U17,Frontier,35154,2027-04-11T14:00Z,7276,6156,FC Dallas,Dallas Hornets,,
U17,Frontier,34025,2027-04-17T16:00Z,6341,9667,GFI Academy,ALBION SC Colorado,,
U17,Frontier,33608,2027-04-17T18:00Z,7152,7276,AC River,FC Dallas,,
U17,Frontier,35843,2027-04-24,5927,6341,Houston Rangers,GFI Academy,,
U17,Frontier,35849,2027-04-24,10488,7152,SGA,AC River,,
U17,Frontier,35855,2027-04-24,9691,6156,Tulsa Greenwood SC,Dallas Hornets,,
U17,Frontier,36022,2027-04-25,10488,6314,SGA,Capital City SC,,
U17,Frontier,36306,2027-05-01T17:00Z,7152,9691,AC River,Tulsa Greenwood SC,,
U17,Frontier,36312,2027-05-08,6156,6314,Dallas Hornets,Capital City SC,,
U17,Frontier,36316,2027-05-08T18:00Z,6341,7276,GFI Academy,FC Dallas,,
U17,Mid-America,26039,2026-09-05T16:00Z,7207,7166,Bavarian United SC,Hoosier Premier,3,3
U17,Mid-America,32559,2026-09-05T21:00Z,6240,9715,Chicago FC United,Cincinnati United Soccer Club,5,3
U17,Mid-America,26216,2026-09-06T16:00Z,6218,7166,SC Wave,Hoosier Premier,0,4
U17,Mid-America,32767,2026-09-06T17:00Z,6033,9715,Sockers FC Chicago,Cincinnati United Soccer Club,3,0
U17,Mid-America,32132,2026-09-06T18:00Z,6252,6004,Midwest United FC,Vardar Soccer Club,3,3
U17,Mid-America,26459,2026-09-12T17:00Z,9661,6218,AC Grand Rapids,SC Wave,2,2
U17,Mid-America,26628,2026-09-13T15:00Z,6252,6218,Midwest United FC,SC Wave,3,0
U17,Mid-America,27332,2026-09-26T16:00Z,5992,6004,St. Louis Scott Gallagher,Vardar Soccer Club,2,4
U17,Mid-America,27336,2026-09-26T19:00Z,7166,10501,Hoosier Premier,Club Ohio,2,5
U17,Mid-America,27321,2026-09-26T22:00Z,6240,5995,Chicago FC United,Michigan Jaguars,1,2
U17,Mid-America,27518,2026-09-27T15:00Z,6228,6004,Lou Fusz Athletic,Vardar Soccer Club,2,4
U17,Mid-America,27754,2026-10-03T17:00Z,5698,6076,Michigan Wolves,Shattuck-St. Mary's,,
U17,Mid-America,27760,2026-10-03T17:00Z,6033,9661,Sockers FC Chicago,AC Grand Rapids,,
U17,Mid-America,27973,2026-10-04T18:00Z,6240,9661,Chicago FC United,AC Grand Rapids,,
U17,Mid-America,28178,2026-10-10T16:15Z,6076,6228,Shattuck-St. Mary's,Lou Fusz Athletic,,
U17,Mid-America,28221,2026-10-11T16:15Z,6076,6116,Shattuck-St. Mary's,Indy Eleven,,
U17,Mid-America,28295,2026-10-17T16:00Z,7207,6033,Bavarian United SC,Sockers FC Chicago,,
U17,Mid-America,28303,2026-10-17T18:00Z,5698,9715,Michigan Wolves,Cincinnati United Soccer Club,,
U17,Mid-America,28524,2026-10-18T15:00Z,6004,6116,Vardar Soccer Club,Indy Eleven,,
U17,Mid-America,28511,2026-10-18T18:00Z,7207,5995,Bavarian United SC,Michigan Jaguars,,
U17,Mid-America,28785,2026-10-24T13:30Z,9715,6228,Cincinnati United Soccer Club,Lou Fusz Athletic,,
U17,Mid-America,29042,2026-10-24T16:00Z,6218,5698,SC Wave,Michigan Wolves,,
U17,Mid-America,28791,2026-10-24T17:45Z,10501,5995,Club Ohio,Michigan Jaguars,,
U17,Mid-America,28799,2026-10-24T19:30Z,6116,6240,Indy Eleven,Chicago FC United,,
U17,Mid-America,29024,2026-10-25T13:45Z,10501,6228,Club Ohio,Lou Fusz Athletic,,
U17,Mid-America,29030,2026-10-25T15:00Z,7166,6240,Hoosier Premier,Chicago FC United,,
U17,Mid-America,29048,2026-10-25T16:00Z,5992,9661,St. Louis Scott Gallagher,AC Grand Rapids,,
U17,Mid-America,29018,2026-10-25T17:30Z,9715,7207,Cincinnati United Soccer Club,Bavarian United SC,,
U17,Mid-America,29036,2026-10-25T19:30Z,6116,6252,Indy Eleven,Midwest United FC,,
U17,Mid-America,29224,2026-10-31T19:30Z,6116,9715,Indy Eleven,Cincinnati United Soccer Club,,
U17,Mid-America,29626,2026-11-07T17:00Z,9715,6004,Cincinnati United Soccer Club,Vardar Soccer Club,,
U17,Mid-America,29636,2026-11-07T19:30Z,6076,6240,Shattuck-St. Mary's,Chicago FC United,,
U17,Mid-America,32138,2026-11-07T20:00Z,6218,10501,SC Wave,Club Ohio,,
U17,Mid-America,32333,2026-11-08T16:00Z,7207,10501,Bavarian United SC,Club Ohio,,
U17,Mid-America,29841,2026-11-08T17:00Z,5992,6033,St. Louis Scott Gallagher,Sockers FC Chicago,,
U17,Mid-America,30065,2026-11-14T16:00Z,5995,6218,Michigan Jaguars,SC Wave,,
U17,Mid-America,30057,2026-11-14T16:45Z,10501,6033,Club Ohio,Sockers FC Chicago,,
U17,Mid-America,30071,2026-11-14T17:00Z,5992,7207,St. Louis Scott Gallagher,Bavarian United SC,,
U17,Mid-America,30294,2026-11-15T16:00Z,6004,6218,Vardar Soccer Club,SC Wave,,
U17,Mid-America,30279,2026-11-15T16:45Z,10501,6240,Club Ohio,Chicago FC United,,
U17,Mid-America,30533,2026-11-21T16:00Z,6228,7207,Lou Fusz Athletic,Bavarian United SC,,
U17,Mid-America,30547,2026-11-21T17:00Z,6252,5698,Midwest United FC,Michigan Wolves,,
U17,Mid-America,30551,2026-11-21T18:00Z,6033,6076,Sockers FC Chicago,Shattuck-St. Mary's,,
U17,Mid-America,30539,2026-11-21T19:00Z,9661,10501,AC Grand Rapids,Club Ohio,,
U17,Mid-America,30783,2026-11-22T17:00Z,7166,6004,Hoosier Premier,Vardar Soccer Club,,
U17,Mid-America,32146,2027-02-20T15:00Z,5992,5698,St. Louis Scott Gallagher,Michigan Wolves,,
U17,Mid-America,34781,2027-02-20T17:15Z,6076,6252,Shattuck-St. Mary's,Midwest United FC,,
U17,Mid-America,32341,2027-02-21,5995,6252,Michigan Jaguars,Midwest United FC,,
U17,Mid-America,32568,2027-02-27,9661,5995,AC Grand Rapids,Michigan Jaguars,,
U17,Mid-America,32758,2027-02-28,6240,6228,Chicago FC United,Lou Fusz Athletic,,
U17,Mid-America,33005,2027-03-06,10501,6252,Club Ohio,Midwest United FC,,
U17,Mid-America,33011,2027-03-06,6116,7166,Indy Eleven,Hoosier Premier,,
U17,Mid-America,33196,2027-03-07,7166,9661,Hoosier Premier,AC Grand Rapids,,
U17,Mid-America,33204,2027-03-07,6228,5992,Lou Fusz Athletic,St. Louis Scott Gallagher,,
U17,Mid-America,29835,2027-03-07T19:00Z,5698,10501,Michigan Wolves,Club Ohio,,
U17,Mid-America,33427,2027-03-13,9661,6116,AC Grand Rapids,Indy Eleven,,
U17,Mid-America,33849,2027-03-20,6228,6218,Lou Fusz Athletic,SC Wave,,
U17,Mid-America,33855,2027-03-20,9661,5698,AC Grand Rapids,Michigan Wolves,,
U17,Mid-America,33859,2027-03-20T14:00Z,5992,6076,St. Louis Scott Gallagher,Shattuck-St. Mary's,,
U17,Mid-America,35009,2027-03-20T16:00Z,6252,7166,Midwest United FC,Hoosier Premier,,
U17,Mid-America,33843,2027-03-20T19:30Z,6116,5995,Indy Eleven,Michigan Jaguars,,
U17,Mid-America,34031,2027-03-21,6240,6252,Chicago FC United,Midwest United FC,,
U17,Mid-America,34251,2027-03-27,9715,6076,Cincinnati United Soccer Club,Shattuck-St. Mary's,,
U17,Mid-America,34259,2027-03-27,9661,6228,AC Grand Rapids,Lou Fusz Athletic,,
U17,Mid-America,34265,2027-03-27,5995,6033,Michigan Jaguars,Sockers FC Chicago,,
U17,Mid-America,34559,2027-04-03,6240,7207,Chicago FC United,Bavarian United SC,,
U17,Mid-America,34565,2027-04-03,6228,7166,Lou Fusz Athletic,Hoosier Premier,,
U17,Mid-America,34571,2027-04-03,5995,9715,Michigan Jaguars,Cincinnati United Soccer Club,,
U17,Mid-America,34581,2027-04-03,6033,5698,Sockers FC Chicago,Michigan Wolves,,
U17,Mid-America,34771,2027-04-04,6240,5992,Chicago FC United,St. Louis Scott Gallagher,,
U17,Mid-America,34777,2027-04-04,6228,6116,Lou Fusz Athletic,Indy Eleven,,
U17,Mid-America,34787,2027-04-04,6033,6004,Sockers FC Chicago,Vardar Soccer Club,,
U17,Mid-America,34247,2027-04-04T16:00Z,7207,6218,Bavarian United SC,SC Wave,,
U17,Mid-America,35003,2027-04-10,5698,6116,Michigan Wolves,Indy Eleven,,
U17,Mid-America,34995,2027-04-10T16:00Z,7207,6076,Bavarian United SC,Shattuck-St. Mary's,,
U17,Mid-America,35161,2027-04-11,10501,9715,Club Ohio,Cincinnati United Soccer Club,,
U17,Mid-America,35167,2027-04-11,5995,5698,Michigan Jaguars,Michigan Wolves,,
U17,Mid-America,35173,2027-04-11,6252,9661,Midwest United FC,AC Grand Rapids,,
U17,Mid-America,35179,2027-04-11,6218,6033,SC Wave,Sockers FC Chicago,,
U17,Mid-America,35386,2027-04-17,9715,6218,Cincinnati United Soccer Club,SC Wave,,
U17,Mid-America,35392,2027-04-17,7166,5992,Hoosier Premier,St. Louis Scott Gallagher,,
U17,Mid-America,35398,2027-04-17,6116,6033,Indy Eleven,Sockers FC Chicago,,
U17,Mid-America,35404,2027-04-17,6228,5995,Lou Fusz Athletic,Michigan Jaguars,,
U17,Mid-America,35410,2027-04-17,5698,7207,Michigan Wolves,Bavarian United SC,,
U17,Mid-America,35417,2027-04-17,6004,6240,Vardar Soccer Club,Chicago FC United,,
U17,Mid-America,34575,2027-04-17T16:15Z,6076,9661,Shattuck-St. Mary's,AC Grand Rapids,,
U17,Mid-America,35634,2027-04-18,7166,6033,Hoosier Premier,Sockers FC Chicago,,
U17,Mid-America,35646,2027-04-18,6228,6252,Lou Fusz Athletic,Midwest United FC,,
U17,Mid-America,35652,2027-04-18,5698,6240,Michigan Wolves,Chicago FC United,,
U17,Mid-America,35663,2027-04-18,6004,7207,Vardar Soccer Club,Bavarian United SC,,
U17,Mid-America,35656,2027-04-18T16:15Z,6076,10501,Shattuck-St. Mary's,Club Ohio,,
U17,Mid-America,35640,2027-04-18T19:30Z,6116,5992,Indy Eleven,St. Louis Scott Gallagher,,
U17,Mid-America,35861,2027-04-24,9715,9661,Cincinnati United Soccer Club,AC Grand Rapids,,
U17,Mid-America,35867,2027-04-24,5995,7166,Michigan Jaguars,Hoosier Premier,,
U17,Mid-America,35872,2027-04-24,6004,6076,Vardar Soccer Club,Shattuck-St. Mary's,,
U17,Mid-America,36054,2027-04-24T16:00Z,6218,5992,SC Wave,St. Louis Scott Gallagher,,
U17,Mid-America,36030,2027-04-25,9715,6252,Cincinnati United Soccer Club,Midwest United FC,,
U17,Mid-America,36036,2027-04-25,10501,6116,Club Ohio,Indy Eleven,,
U17,Mid-America,36042,2027-04-25,5995,6076,Michigan Jaguars,Shattuck-St. Mary's,,
U17,Mid-America,36048,2027-04-25,5698,6004,Michigan Wolves,Vardar Soccer Club,,
U17,Mid-America,36060,2027-04-25,6033,6240,Sockers FC Chicago,Chicago FC United,,
U17,Mid-America,36325,2027-05-08,9715,7166,Cincinnati United Soccer Club,Hoosier Premier,,
U17,Mid-America,36331,2027-05-08,9661,7207,AC Grand Rapids,Bavarian United SC,,
U17,Mid-America,36337,2027-05-08,5995,5992,Michigan Jaguars,St. Louis Scott Gallagher,,
U17,Mid-America,36343,2027-05-08,5698,6228,Michigan Wolves,Lou Fusz Athletic,,
U17,Mid-America,36349,2027-05-08,6252,6033,Midwest United FC,Sockers FC Chicago,,
U17,Mid-America,36353,2027-05-08,6218,6076,SC Wave,Shattuck-St. Mary's,,
U17,Mid-America,36361,2027-05-08,6004,10501,Vardar Soccer Club,Club Ohio,,
U17,Mid-America,34271,2027-05-09T16:00Z,6252,5992,Midwest United FC,St. Louis Scott Gallagher,,
U17,Mid-America,36670,2027-05-15,7166,5698,Hoosier Premier,Michigan Wolves,,
U17,Mid-America,36676,2027-05-15,6218,6240,SC Wave,Chicago FC United,,
U17,Mid-America,36689,2027-05-15,6004,5995,Vardar Soccer Club,Michigan Jaguars,,
U17,Mid-America,36664,2027-05-15T16:00Z,7207,6116,Bavarian United SC,Indy Eleven,,
U17,Mid-America,36683,2027-05-15T16:00Z,5992,9715,St. Louis Scott Gallagher,Cincinnati United Soccer Club,,
U17,Mid-America,36818,2027-05-16,7166,6076,Hoosier Premier,Shattuck-St. Mary's,,
U17,Mid-America,36824,2027-05-16,6218,6116,SC Wave,Indy Eleven,,
U17,Mid-America,36830,2027-05-16,6033,6228,Sockers FC Chicago,Lou Fusz Athletic,,
U17,Mid-America,36843,2027-05-16,6004,9661,Vardar Soccer Club,AC Grand Rapids,,
U17,Mid-America,36814,2027-05-16T14:00Z,7207,6252,Bavarian United SC,Midwest United FC,,
U17,Mid-America,36837,2027-05-16T16:00Z,5992,10501,St. Louis Scott Gallagher,Club Ohio,,
U17,Mid-Atlantic,26163,2026-09-05T16:00Z,9734,7246,Keystone FC,Beadling SC,5,0
U17,Mid-Atlantic,26341,2026-09-06T18:00Z,9734,6083,Keystone FC,Alexandria SA,5,1
U17,Mid-Atlantic,26345,2026-09-06T20:00Z,10465,7246,Penn Rising XI,Beadling SC,2,0
U17,Mid-Atlantic,26668,2026-09-12T16:00Z,6238,6138,Baltimore Armour,Players Development Academy,0,1
U17,Mid-Atlantic,27143,2026-09-19T15:30Z,7045,5880,Achilles FC,Cedar Stars Academy Monmouth,1,0
U17,Mid-Atlantic,27144,2026-09-19T16:00Z,10495,5891,Coppermine SC,PA Classics,2,2
U17,Mid-Atlantic,27146,2026-09-19T18:00Z,6090,5680,Sporting Athletic Club,FC DELCO,1,1
U17,Mid-Atlantic,27433,2026-09-20T15:00Z,10495,5680,Coppermine SC,FC DELCO,0,6
U17,Mid-Atlantic,27439,2026-09-20T16:00Z,6090,5880,Sporting Athletic Club,Cedar Stars Academy Monmouth,5,4
U17,Mid-Atlantic,28331,2026-09-20T17:00Z,9649,10465,The Football Academy,Penn Rising XI,0,5
U17,Mid-Atlantic,34309,2026-09-27T16:00Z,6083,6090,Alexandria SA,Sporting Athletic Club,1,3
U17,Mid-Atlantic,28321,2026-10-03T15:00Z,7246,5891,Beadling SC,PA Classics,,
U17,Mid-Atlantic,28034,2026-10-03T16:00Z,6138,7045,Players Development Academy,Achilles FC,,
U17,Mid-Atlantic,32028,2026-10-03T18:00Z,6238,9734,Baltimore Armour,Keystone FC,,
U17,Mid-Atlantic,30396,2026-10-03T20:00Z,6083,10495,Alexandria SA,Coppermine SC,,
U17,Mid-Atlantic,28031,2026-10-03T21:00Z,5680,6178,FC DELCO,Bethesda SC,,
U17,Mid-Atlantic,28320,2026-10-04T14:00Z,6238,9673,Baltimore Armour,Northern Virginia Alliance,,
U17,Mid-Atlantic,28328,2026-10-04T15:30Z,5665,7045,Real Futbol Academy,Achilles FC,,
U17,Mid-Atlantic,28330,2026-10-04T20:00Z,6162,6090,Springfield SYC,Sporting Athletic Club,,
U17,Mid-Atlantic,26338,2026-10-10T18:00Z,5680,9673,FC DELCO,Northern Virginia Alliance,,
U17,Mid-Atlantic,28577,2026-10-17T14:00Z,5891,5880,PA Classics,Cedar Stars Academy Monmouth,,
U17,Mid-Atlantic,28574,2026-10-17T15:00Z,7246,7045,Beadling SC,Achilles FC,,
U17,Mid-Atlantic,28928,2026-10-17T16:00Z,6090,9734,Sporting Athletic Club,Keystone FC,,
U17,Mid-Atlantic,28579,2026-10-17T20:00Z,5665,6238,Real Futbol Academy,Baltimore Armour,,
U17,Mid-Atlantic,28925,2026-10-18T16:00Z,6138,9649,Players Development Academy,The Football Academy,,
U17,Mid-Atlantic,28926,2026-10-18T17:00Z,5665,6178,Real Futbol Academy,Bethesda SC,,
U17,Mid-Atlantic,28578,2026-10-18T21:00Z,10465,5680,Penn Rising XI,FC DELCO,,
U17,Mid-Atlantic,29124,2026-10-24T15:00Z,9673,6138,Northern Virginia Alliance,Players Development Academy,,
U17,Mid-Atlantic,29425,2026-10-25T15:00Z,9673,10465,Northern Virginia Alliance,Penn Rising XI,,
U17,Mid-Atlantic,29420,2026-10-25T16:00Z,6083,6138,Alexandria SA,Players Development Academy,,
U17,Mid-Atlantic,29493,2026-10-31T21:00Z,5880,9673,Cedar Stars Academy Monmouth,Northern Virginia Alliance,,
U17,Mid-Atlantic,29855,2026-11-01T16:30Z,5665,9673,Real Futbol Academy,Northern Virginia Alliance,,
U17,Mid-Atlantic,29857,2026-11-01T21:00Z,6162,10495,Springfield SYC,Coppermine SC,,
U17,Mid-Atlantic,29934,2026-11-07T16:00Z,6178,9649,Bethesda SC,The Football Academy,,
U17,Mid-Atlantic,34312,2026-11-07T19:00Z,9734,9673,Keystone FC,Northern Virginia Alliance,,
U17,Mid-Atlantic,30215,2026-11-08T16:00Z,6178,10465,Bethesda SC,Penn Rising XI,,
U17,Mid-Atlantic,30322,2026-11-08T17:00Z,9734,5665,Keystone FC,Real Futbol Academy,,
U17,Mid-Atlantic,30320,2026-11-08T18:00Z,5680,7045,FC DELCO,Achilles FC,,
U17,Mid-Atlantic,30325,2026-11-08T19:15Z,6162,5891,Springfield SYC,PA Classics,,
U17,Mid-Atlantic,30679,2026-11-15T16:00Z,5680,6238,FC DELCO,Baltimore Armour,,
U17,Mid-Atlantic,32793,2026-11-15T16:00Z,7246,6090,Beadling SC,Sporting Athletic Club,,
U17,Mid-Atlantic,30400,2026-11-15T16:30Z,9649,6238,The Football Academy,Baltimore Armour,,
U17,Mid-Atlantic,30318,2026-11-15T18:00Z,5880,9734,Cedar Stars Academy Monmouth,Keystone FC,,
U17,Mid-Atlantic,31845,2026-11-20T23:00Z,6178,6162,Bethesda SC,Springfield SYC,,
U17,Mid-Atlantic,30820,2026-11-21T17:00Z,10495,6238,Coppermine SC,Baltimore Armour,,
U17,Mid-Atlantic,31850,2026-11-22T14:00Z,5891,9649,PA Classics,The Football Academy,,
U17,Mid-Atlantic,31844,2026-11-22T16:00Z,7246,5880,Beadling SC,Cedar Stars Academy Monmouth,,
U17,Mid-Atlantic,32035,2027-02-13,6162,9673,Springfield SYC,Northern Virginia Alliance,,
U17,Mid-Atlantic,32378,2027-02-20,6178,6083,Bethesda SC,Alexandria SA,,
U17,Mid-Atlantic,32381,2027-02-20,9734,10495,Keystone FC,Coppermine SC,,
U17,Mid-Atlantic,32601,2027-02-21,5880,6138,Cedar Stars Academy Monmouth,Players Development Academy,,
U17,Mid-Atlantic,32604,2027-02-21,10465,10495,Penn Rising XI,Coppermine SC,,
U17,Mid-Atlantic,32606,2027-02-21,5665,5891,Real Futbol Academy,PA Classics,,
U17,Mid-Atlantic,32608,2027-02-21T17:00Z,6090,9673,Sporting Athletic Club,Northern Virginia Alliance,,
U17,Mid-Atlantic,32791,2027-02-27,7045,9649,Achilles FC,The Football Academy,,
U17,Mid-Atlantic,32892,2027-02-28,10495,6178,Coppermine SC,Bethesda SC,,
U17,Mid-Atlantic,33032,2027-02-28,5891,6238,PA Classics,Baltimore Armour,,
U17,Mid-Atlantic,33232,2027-03-06,6083,5680,Alexandria SA,FC DELCO,,
U17,Mid-Atlantic,33238,2027-03-06,6138,10495,Players Development Academy,Coppermine SC,,
U17,Mid-Atlantic,33239,2027-03-06,6162,5665,Springfield SYC,Real Futbol Academy,,
U17,Mid-Atlantic,33240,2027-03-06,9649,7246,The Football Academy,Beadling SC,,
U17,Mid-Atlantic,33533,2027-03-07,6083,5665,Alexandria SA,Real Futbol Academy,,
U17,Mid-Atlantic,33534,2027-03-07,5880,6178,Cedar Stars Academy Monmouth,Bethesda SC,,
U17,Mid-Atlantic,33543,2027-03-07,6138,7246,Players Development Academy,Beadling SC,,
U17,Mid-Atlantic,33545,2027-03-07,6162,5680,Springfield SYC,FC DELCO,,
U17,Mid-Atlantic,33644,2027-03-07,9649,10495,The Football Academy,Coppermine SC,,
U17,Mid-Atlantic,33447,2027-03-13,6178,7246,Bethesda SC,Beadling SC,,
U17,Mid-Atlantic,33739,2027-03-13,5680,5891,FC DELCO,PA Classics,,
U17,Mid-Atlantic,33741,2027-03-13T17:00Z,6090,7045,Sporting Athletic Club,Achilles FC,,
U17,Mid-Atlantic,33958,2027-03-14,6238,6083,Baltimore Armour,Alexandria SA,,
U17,Mid-Atlantic,33960,2027-03-14,5880,10465,Cedar Stars Academy Monmouth,Penn Rising XI,,
U17,Mid-Atlantic,33965,2027-03-14,5665,9649,Real Futbol Academy,The Football Academy,,
U17,Mid-Atlantic,33964,2027-03-14T20:00Z,6138,9734,Players Development Academy,Keystone FC,,
U17,Mid-Atlantic,34144,2027-03-20,5680,5880,FC DELCO,Cedar Stars Academy Monmouth,,
U17,Mid-Atlantic,34147,2027-03-20,9734,6162,Keystone FC,Springfield SYC,,
U17,Mid-Atlantic,34150,2027-03-20,5891,6138,PA Classics,Players Development Academy,,
U17,Mid-Atlantic,34310,2027-03-21,7246,5665,Beadling SC,Real Futbol Academy,,
U17,Mid-Atlantic,34314,2027-03-21,10465,6162,Penn Rising XI,Springfield SYC,,
U17,Mid-Atlantic,34682,2027-03-27,5891,7045,PA Classics,Achilles FC,,
U17,Mid-Atlantic,34685,2027-03-27,5665,5680,Real Futbol Academy,FC DELCO,,
U17,Mid-Atlantic,34688,2027-03-27,6162,6083,Springfield SYC,Alexandria SA,,
U17,Mid-Atlantic,34611,2027-03-27T14:00Z,7246,6238,Beadling SC,Baltimore Armour,,
U17,Mid-Atlantic,34687,2027-03-27T16:00Z,6090,6178,Sporting Athletic Club,Bethesda SC,,
U17,Mid-Atlantic,34683,2027-03-27T20:00Z,6138,10465,Players Development Academy,Penn Rising XI,,
U17,Mid-Atlantic,34800,2027-04-03,9649,6083,The Football Academy,Alexandria SA,,
U17,Mid-Atlantic,34681,2027-04-03T16:00Z,9673,10495,Northern Virginia Alliance,Coppermine SC,,
U17,Mid-Atlantic,34799,2027-04-03T18:00Z,6138,6090,Players Development Academy,Sporting Athletic Club,,
U17,Mid-Atlantic,35023,2027-04-04,6238,6178,Baltimore Armour,Bethesda SC,,
U17,Mid-Atlantic,35025,2027-04-04,5880,6083,Cedar Stars Academy Monmouth,Alexandria SA,,
U17,Mid-Atlantic,35026,2027-04-04,10495,7045,Coppermine SC,Achilles FC,,
U17,Mid-Atlantic,35030,2027-04-04,5891,9734,PA Classics,Keystone FC,,
U17,Mid-Atlantic,35032,2027-04-04,9649,6090,The Football Academy,Sporting Athletic Club,,
U17,Mid-Atlantic,35031,2027-04-04T21:00Z,10465,5665,Penn Rising XI,Real Futbol Academy,,
U17,Mid-Atlantic,35196,2027-04-10,6178,9673,Bethesda SC,Northern Virginia Alliance,,
U17,Mid-Atlantic,35200,2027-04-10,6138,6162,Players Development Academy,Springfield SYC,,
U17,Mid-Atlantic,35430,2027-04-11,7045,6238,Achilles FC,Baltimore Armour,,
U17,Mid-Atlantic,35431,2027-04-11,6083,7246,Alexandria SA,Beadling SC,,
U17,Mid-Atlantic,35432,2027-04-11,5880,6162,Cedar Stars Academy Monmouth,Springfield SYC,,
U17,Mid-Atlantic,35433,2027-04-11,10495,6090,Coppermine SC,Sporting Athletic Club,,
U17,Mid-Atlantic,35434,2027-04-11,5680,9649,FC DELCO,The Football Academy,,
U17,Mid-Atlantic,35436,2027-04-11,9734,10465,Keystone FC,Penn Rising XI,,
U17,Mid-Atlantic,35029,2027-04-11T14:00Z,9673,7246,Northern Virginia Alliance,Beadling SC,,
U17,Mid-Atlantic,35675,2027-04-17,7045,9734,Achilles FC,Keystone FC,,
U17,Mid-Atlantic,35676,2027-04-17,6083,5891,Alexandria SA,PA Classics,,
U17,Mid-Atlantic,35677,2027-04-17,6238,10465,Baltimore Armour,Penn Rising XI,,
U17,Mid-Atlantic,35678,2027-04-17,6178,6138,Bethesda SC,Players Development Academy,,
U17,Mid-Atlantic,35680,2027-04-17,10495,5880,Coppermine SC,Cedar Stars Academy Monmouth,,
U17,Mid-Atlantic,35681,2027-04-17T15:00Z,9673,9649,Northern Virginia Alliance,The Football Academy,,
U17,Mid-Atlantic,35682,2027-04-17T16:00Z,6090,5665,Sporting Athletic Club,Real Futbol Academy,,
U17,Mid-Atlantic,35890,2027-04-18,7045,10465,Achilles FC,Penn Rising XI,,
U17,Mid-Atlantic,35891,2027-04-18,6238,5880,Baltimore Armour,Cedar Stars Academy Monmouth,,
U17,Mid-Atlantic,35892,2027-04-18,7246,5680,Beadling SC,FC DELCO,,
U17,Mid-Atlantic,35893,2027-04-18,6178,9734,Bethesda SC,Keystone FC,,
U17,Mid-Atlantic,35895,2027-04-18,10495,5665,Coppermine SC,Real Futbol Academy,,
U17,Mid-Atlantic,35967,2027-04-18,6162,9649,Springfield SYC,The Football Academy,,
U17,Mid-Atlantic,35965,2027-04-18T15:00Z,9673,5891,Northern Virginia Alliance,PA Classics,,
U17,Mid-Atlantic,36084,2027-04-24,7246,10495,Beadling SC,Coppermine SC,,
U17,Mid-Atlantic,36088,2027-04-24,5891,6090,PA Classics,Sporting Athletic Club,,
U17,Mid-Atlantic,36090,2027-04-24,9649,9734,The Football Academy,Keystone FC,,
U17,Mid-Atlantic,36089,2027-04-24T19:00Z,10465,6083,Penn Rising XI,Alexandria SA,,
U17,Mid-Atlantic,36381,2027-04-25,7045,9673,Achilles FC,Northern Virginia Alliance,,
U17,Mid-Atlantic,36382,2027-04-25,6238,6162,Baltimore Armour,Springfield SYC,,
U17,Mid-Atlantic,36383,2027-04-25,5880,5665,Cedar Stars Academy Monmouth,Real Futbol Academy,,
U17,Mid-Atlantic,36384,2027-04-25,5680,6138,FC DELCO,Players Development Academy,,
U17,Mid-Atlantic,36389,2027-04-25,5891,6178,PA Classics,Bethesda SC,,
U17,Mid-Atlantic,36390,2027-04-25T21:00Z,10465,6090,Penn Rising XI,Sporting Athletic Club,,
U17,Mid-Atlantic,30819,2027-05-02,7045,6083,Achilles FC,Alexandria SA,,
U17,Mid-Atlantic,36716,2027-05-08,7045,6178,Achilles FC,Bethesda SC,,
U17,Mid-Atlantic,36719,2027-05-08,9734,5680,Keystone FC,FC DELCO,,
U17,Mid-Atlantic,36721,2027-05-08,10465,5891,Penn Rising XI,PA Classics,,
U17,Mid-Atlantic,36723,2027-05-08,5665,6138,Real Futbol Academy,Players Development Academy,,
U17,Mid-Atlantic,36725,2027-05-08,6162,7246,Springfield SYC,Beadling SC,,
U17,Mid-Atlantic,36726,2027-05-08,9649,5880,The Football Academy,Cedar Stars Academy Monmouth,,
U17,Mid-Atlantic,36720,2027-05-08T15:00Z,9673,6083,Northern Virginia Alliance,Alexandria SA,,
U17,Mid-Atlantic,36724,2027-05-08T16:00Z,6090,6238,Sporting Athletic Club,Baltimore Armour,,
U17,Mid-Atlantic,30677,2027-06-06,7045,6162,Achilles FC,Springfield SYC,,
U17,Northeast,26098,2026-09-05T19:30Z,5943,5745,New York SC,Bayside FC,2,1
U17,Northeast,26297,2026-09-06T16:30Z,5943,10471,New York SC,The Island FC East,9,0
U17,Northeast,26281,2026-09-06T17:00Z,9725,6022,FA Euro New York,Seacoast United,8,0
U17,Northeast,26275,2026-09-06T19:00Z,9722,9738,Downtown United Soccer Club,The Island FC West,5,4
U17,Northeast,26287,2026-09-06T21:15Z,6026,5825,Intercontinental Football Academy of New England,Metropolitan Oval,1,3
U17,Northeast,26714,2026-09-13T21:30Z,5825,9722,Metropolitan Oval,Downtown United Soccer Club,1,0
U17,Northeast,26942,2026-09-19T18:15Z,5659,9722,FC Westchester,Downtown United Soccer Club,0,2
U17,Northeast,26960,2026-09-19T20:45Z,5943,6100,New York SC,NEFC,3,1
U17,Northeast,26497,2026-09-20T14:30Z,10471,5705,The Island FC East,Blau Weiss Gottschee,1,5
U17,Northeast,27170,2026-09-20T17:00Z,10509,5825,Connecticut United FC,Metropolitan Oval,0,2
U17,Northeast,27176,2026-09-20T17:00Z,9725,7275,FA Euro New York,Valeo Futbol Club,1,0
U17,Northeast,27182,2026-09-20T18:30Z,5659,6100,FC Westchester,NEFC,0,0
U17,Northeast,27160,2026-09-20T20:45Z,5745,6188,Bayside FC,Beachside of Connecticut,1,3
U17,Northeast,27588,2026-09-27T21:30Z,5825,5705,Metropolitan Oval,Blau Weiss Gottschee,1,0
U17,Northeast,27811,2026-10-03T15:15Z,6026,9725,Intercontinental Football Academy of New England,FA Euro New York,,
U17,Northeast,27805,2026-10-03T16:00Z,9722,6188,Downtown United Soccer Club,Beachside of Connecticut,,
U17,Northeast,27817,2026-10-03T19:00Z,9704,10471,Ironbound Soccer Club,The Island FC East,,
U17,Northeast,28048,2026-10-04T15:00Z,5705,5943,Blau Weiss Gottschee,New York SC,,
U17,Northeast,28054,2026-10-04T18:30Z,6070,6022,Cedar Stars Academy Bergen,Seacoast United,,
U17,Northeast,28060,2026-10-04T19:00Z,9704,5825,Ironbound Soccer Club,Metropolitan Oval,,
U17,Northeast,28066,2026-10-04T20:00Z,9738,5659,The Island FC West,FC Westchester,,
U17,Northeast,26725,2026-10-10T20:30Z,6070,6106,Cedar Stars Academy Bergen,TSF Academy,,
U17,Northeast,26936,2026-10-11T16:00Z,9725,5764,FA Euro New York,FC Greater Boston Bolts,,
U17,Northeast,28338,2026-10-11T21:00Z,5745,5659,Bayside FC,FC Westchester,,
U17,Northeast,28352,2026-10-17T17:00Z,5764,5825,FC Greater Boston Bolts,Metropolitan Oval,,
U17,Northeast,28363,2026-10-17T20:00Z,6106,6026,TSF Academy,Intercontinental Football Academy of New England,,
U17,Northeast,28369,2026-10-17T21:00Z,7275,9722,Valeo Futbol Club,Downtown United Soccer Club,,
U17,Northeast,28594,2026-10-18T15:00Z,5764,9722,FC Greater Boston Bolts,Downtown United Soccer Club,,
U17,Northeast,28608,2026-10-18T15:00Z,6100,5825,NEFC,Metropolitan Oval,,
U17,Northeast,28586,2026-10-18T17:00Z,10509,6026,Connecticut United FC,Intercontinental Football Academy of New England,,
U17,Northeast,28617,2026-10-18T17:30Z,6022,5659,Seacoast United,FC Westchester,,
U17,Northeast,28600,2026-10-18T21:00Z,9704,6070,Ironbound Soccer Club,Cedar Stars Academy Bergen,,
U17,Northeast,29094,2026-10-24T15:00Z,6100,10509,NEFC,Connecticut United FC,,
U17,Northeast,28842,2026-10-24T16:30Z,9738,6070,The Island FC West,Cedar Stars Academy Bergen,,
U17,Northeast,28869,2026-10-24T20:00Z,10471,7275,The Island FC East,Valeo Futbol Club,,
U17,Northeast,28850,2026-10-24T21:30Z,5825,6022,Metropolitan Oval,Seacoast United,,
U17,Northeast,28856,2026-10-25T15:00Z,6100,9725,NEFC,FA Euro New York,,
U17,Northeast,29080,2026-10-25T18:00Z,9722,6022,Downtown United Soccer Club,Seacoast United,,
U17,Northeast,29088,2026-10-25T18:45Z,5825,7275,Metropolitan Oval,Valeo Futbol Club,,
U17,Northeast,29074,2026-10-25T20:45Z,6070,5705,Cedar Stars Academy Bergen,Blau Weiss Gottschee,,
U17,Northeast,29280,2026-10-31T15:00Z,9725,6106,FA Euro New York,TSF Academy,,
U17,Northeast,29455,2026-11-01T15:00Z,10509,6070,Connecticut United FC,Cedar Stars Academy Bergen,,
U17,Northeast,29479,2026-11-01T16:00Z,7275,5659,Valeo Futbol Club,FC Westchester,,
U17,Northeast,29467,2026-11-01T20:00Z,5943,6188,New York SC,Beachside of Connecticut,,
U17,Northeast,29461,2026-11-01T22:45Z,6026,9704,Intercontinental Football Academy of New England,Ironbound Soccer Club,,
U17,Northeast,29473,2026-11-01T23:00Z,6022,5764,Seacoast United,FC Greater Boston Bolts,,
U17,Northeast,29677,2026-11-07T16:00Z,5764,6100,FC Greater Boston Bolts,NEFC,,
U17,Northeast,29668,2026-11-07T18:00Z,10509,5745,Connecticut United FC,Bayside FC,,
U17,Northeast,26706,2026-11-07T19:00Z,6188,9738,Beachside of Connecticut,The Island FC West,,
U17,Northeast,29886,2026-11-08T16:00Z,5705,9738,Blau Weiss Gottschee,The Island FC West,,
U17,Northeast,29901,2026-11-08T17:00Z,6106,5943,TSF Academy,New York SC,,
U17,Northeast,29894,2026-11-08T22:00Z,9704,5745,Ironbound Soccer Club,Bayside FC,,
U17,Northeast,30125,2026-11-14T21:00Z,6106,9722,TSF Academy,Downtown United Soccer Club,,
U17,Northeast,30371,2026-11-15T16:00Z,5705,9704,Blau Weiss Gottschee,Ironbound Soccer Club,,
U17,Northeast,30379,2026-11-15T16:00Z,5943,5764,New York SC,FC Greater Boston Bolts,,
U17,Northeast,30363,2026-11-15T18:00Z,5745,6026,Bayside FC,Intercontinental Football Academy of New England,,
U17,Northeast,30385,2026-11-15T19:00Z,6106,10471,TSF Academy,The Island FC East,,
U17,Northeast,30624,2026-11-21T16:00Z,7275,5705,Valeo Futbol Club,Blau Weiss Gottschee,,
U17,Northeast,30591,2026-11-21T18:00Z,10509,9704,Connecticut United FC,Ironbound Soccer Club,,
U17,Northeast,30605,2026-11-21T18:00Z,6100,5745,NEFC,Bayside FC,,
U17,Northeast,30599,2026-11-21T21:00Z,9738,6026,The Island FC West,Intercontinental Football Academy of New England,,
U17,Northeast,30615,2026-11-21T21:00Z,10471,6070,The Island FC East,Cedar Stars Academy Bergen,,
U17,Northeast,30839,2026-11-22T14:00Z,9725,9722,FA Euro New York,Downtown United Soccer Club,,
U17,Northeast,30857,2026-11-22T16:00Z,7275,5943,Valeo Futbol Club,New York SC,,
U17,Northeast,30851,2026-11-22T21:00Z,10471,5659,The Island FC East,FC Westchester,,
U17,Northeast,32170,2027-02-20,9722,6100,Downtown United Soccer Club,NEFC,,
U17,Northeast,32176,2027-02-20,5764,6070,FC Greater Boston Bolts,Cedar Stars Academy Bergen,,
U17,Northeast,32182,2027-02-20,5659,9725,FC Westchester,FA Euro New York,,
U17,Northeast,32188,2027-02-20,6026,6188,Intercontinental Football Academy of New England,Beachside of Connecticut,,
U17,Northeast,32205,2027-02-20,6022,10509,Seacoast United,Connecticut United FC,,
U17,Northeast,26948,2027-02-20T21:00Z,9738,10471,The Island FC West,The Island FC East,,
U17,Northeast,32400,2027-02-21,5764,6188,FC Greater Boston Bolts,Beachside of Connecticut,,
U17,Northeast,32406,2027-02-21,6026,6070,Intercontinental Football Academy of New England,Cedar Stars Academy Bergen,,
U17,Northeast,32418,2027-02-21,9738,6100,The Island FC West,NEFC,,
U17,Northeast,32412,2027-02-21T22:00Z,9704,7275,Ironbound Soccer Club,Valeo Futbol Club,,
U17,Northeast,32619,2027-02-27,6026,5764,Intercontinental Football Academy of New England,FC Greater Boston Bolts,,
U17,Northeast,32630,2027-02-27,5943,5825,New York SC,Metropolitan Oval,,
U17,Northeast,32636,2027-02-27,6022,9738,Seacoast United,The Island FC West,,
U17,Northeast,32825,2027-02-28,6188,10509,Beachside of Connecticut,Connecticut United FC,,
U17,Northeast,32831,2027-02-28,6070,5659,Cedar Stars Academy Bergen,FC Westchester,,
U17,Northeast,32848,2027-02-28,7275,9738,Valeo Futbol Club,The Island FC West,,
U17,Northeast,33059,2027-03-06,5705,6106,Blau Weiss Gottschee,TSF Academy,,
U17,Northeast,33065,2027-03-06,6070,9725,Cedar Stars Academy Bergen,FA Euro New York,,
U17,Northeast,33073,2027-03-06,9704,9722,Ironbound Soccer Club,Downtown United Soccer Club,,
U17,Northeast,33262,2027-03-07,5659,6188,FC Westchester,Beachside of Connecticut,,
U17,Northeast,33268,2027-03-07,9738,6106,The Island FC West,TSF Academy,,
U17,Northeast,33276,2027-03-07,6100,6026,NEFC,Intercontinental Football Academy of New England,,
U17,Northeast,33252,2027-03-07T16:00Z,5745,6022,Bayside FC,Seacoast United,,
U17,Northeast,33465,2027-03-13,6188,6100,Beachside of Connecticut,NEFC,,
U17,Northeast,33481,2027-03-13,6106,6022,TSF Academy,Seacoast United,,
U17,Northeast,33684,2027-03-14,9704,6022,Ironbound Soccer Club,Seacoast United,,
U17,Northeast,33692,2027-03-14,6106,6100,TSF Academy,NEFC,,
U17,Northeast,33698,2027-03-14,7275,5745,Valeo Futbol Club,Bayside FC,,
U17,Northeast,33891,2027-03-20,9725,5745,FA Euro New York,Bayside FC,,
U17,Northeast,34091,2027-03-21,9722,5705,Downtown United Soccer Club,Blau Weiss Gottschee,,
U17,Northeast,34099,2027-03-21,5764,7275,FC Greater Boston Bolts,Valeo Futbol Club,,
U17,Northeast,34107,2027-03-21,9738,10509,The Island FC West,Connecticut United FC,,
U17,Northeast,34113,2027-03-21,6100,10471,NEFC,The Island FC East,,
U17,Northeast,32194,2027-03-21T21:30Z,5825,5745,Metropolitan Oval,Bayside FC,,
U17,Northeast,34331,2027-03-27,9725,9704,FA Euro New York,Ironbound Soccer Club,,
U17,Northeast,34337,2027-03-27,5659,5705,FC Westchester,Blau Weiss Gottschee,,
U17,Northeast,34347,2027-03-27,6022,5943,Seacoast United,New York SC,,
U17,Northeast,34353,2027-03-27,6106,7275,TSF Academy,Valeo Futbol Club,,
U17,Northeast,34359,2027-03-27,10471,5825,The Island FC East,Metropolitan Oval,,
U17,Northeast,34622,2027-04-03,6188,6022,Beachside of Connecticut,Seacoast United,,
U17,Northeast,34628,2027-04-03,5705,9725,Blau Weiss Gottschee,FA Euro New York,,
U17,Northeast,34634,2027-04-03,5659,10509,FC Westchester,Connecticut United FC,,
U17,Northeast,34616,2027-04-03T15:00Z,5745,6106,Bayside FC,TSF Academy,,
U17,Northeast,34840,2027-04-03T21:30Z,5825,9738,Metropolitan Oval,The Island FC West,,
U17,Northeast,34822,2027-04-04,6070,6100,Cedar Stars Academy Bergen,NEFC,,
U17,Northeast,34828,2027-04-04,9722,10471,Downtown United Soccer Club,The Island FC East,,
U17,Northeast,34834,2027-04-04,5764,6106,FC Greater Boston Bolts,TSF Academy,,
U17,Northeast,34846,2027-04-04,5943,9704,New York SC,Ironbound Soccer Club,,
U17,Northeast,34854,2027-04-04,7275,6026,Valeo Futbol Club,Intercontinental Football Academy of New England,,
U17,Northeast,35047,2027-04-10,5705,5745,Blau Weiss Gottschee,Bayside FC,,
U17,Northeast,35055,2027-04-10,9722,6026,Downtown United Soccer Club,Intercontinental Football Academy of New England,,
U17,Northeast,35061,2027-04-10,5659,5764,FC Westchester,FC Greater Boston Bolts,,
U17,Northeast,35218,2027-04-11,5705,6026,Blau Weiss Gottschee,Intercontinental Football Academy of New England,,
U17,Northeast,35224,2027-04-11,6070,6188,Cedar Stars Academy Bergen,Beachside of Connecticut,,
U17,Northeast,35230,2027-04-11,10509,5764,Connecticut United FC,FC Greater Boston Bolts,,
U17,Northeast,35238,2027-04-11,9725,5825,FA Euro New York,Metropolitan Oval,,
U17,Northeast,35252,2027-04-11,9738,5943,The Island FC West,New York SC,,
U17,Northeast,35258,2027-04-11,6100,7275,NEFC,Valeo Futbol Club,,
U17,Northeast,35264,2027-04-11,10471,5745,The Island FC East,Bayside FC,,
U17,Northeast,35246,2027-04-11T21:00Z,9704,6106,Ironbound Soccer Club,TSF Academy,,
U17,Northeast,35465,2027-04-17,6188,7275,Beachside of Connecticut,Valeo Futbol Club,,
U17,Northeast,35474,2027-04-17,10509,9725,Connecticut United FC,FA Euro New York,,
U17,Northeast,35480,2027-04-17,5764,5745,FC Greater Boston Bolts,Bayside FC,,
U17,Northeast,35492,2027-04-17,6100,5705,NEFC,Blau Weiss Gottschee,,
U17,Northeast,35504,2027-04-17,6022,10471,Seacoast United,The Island FC East,,
U17,Northeast,35486,2027-04-17T21:00Z,9704,9738,Ironbound Soccer Club,The Island FC West,,
U17,Northeast,35725,2027-04-17T21:30Z,5825,5659,Metropolitan Oval,FC Westchester,,
U17,Northeast,35701,2027-04-18,6188,9725,Beachside of Connecticut,FA Euro New York,,
U17,Northeast,35707,2027-04-18,6070,5943,Cedar Stars Academy Bergen,New York SC,,
U17,Northeast,35713,2027-04-18,10509,7275,Connecticut United FC,Valeo Futbol Club,,
U17,Northeast,35719,2027-04-18,6026,10471,Intercontinental Football Academy of New England,The Island FC East,,
U17,Northeast,35733,2027-04-18,6022,5705,Seacoast United,Blau Weiss Gottschee,,
U17,Northeast,35911,2027-04-24,5659,6026,FC Westchester,Intercontinental Football Academy of New England,,
U17,Northeast,35917,2027-04-24,9738,5764,The Island FC West,FC Greater Boston Bolts,,
U17,Northeast,35902,2027-04-24T20:45Z,5745,9722,Bayside FC,Downtown United Soccer Club,,
U17,Northeast,36096,2027-04-25,5745,6070,Bayside FC,Cedar Stars Academy Bergen,,
U17,Northeast,36102,2027-04-25,6188,9704,Beachside of Connecticut,Ironbound Soccer Club,,
U17,Northeast,36108,2027-04-25,5705,5764,Blau Weiss Gottschee,FC Greater Boston Bolts,,
U17,Northeast,36114,2027-04-25,10509,6106,Connecticut United FC,TSF Academy,,
U17,Northeast,36126,2027-04-25,5943,6026,New York SC,Intercontinental Football Academy of New England,,
U17,Northeast,36132,2027-04-25,6022,6100,Seacoast United,NEFC,,
U17,Northeast,36138,2027-04-25,10471,9725,The Island FC East,FA Euro New York,,
U17,Northeast,36411,2027-05-08,6188,5705,Beachside of Connecticut,Blau Weiss Gottschee,,
U17,Northeast,36420,2027-05-08,6070,7275,Cedar Stars Academy Bergen,Valeo Futbol Club,,
U17,Northeast,36428,2027-05-08,6026,6022,Intercontinental Football Academy of New England,Seacoast United,,
U17,Northeast,36434,2027-05-08,9704,5659,Ironbound Soccer Club,FC Westchester,,
U17,Northeast,36440,2027-05-08,9738,9725,The Island FC West,FA Euro New York,,
U17,Northeast,36455,2027-05-08,5943,10509,New York SC,Connecticut United FC,,
U17,Northeast,36463,2027-05-08,10471,5764,The Island FC East,FC Greater Boston Bolts,,
U17,Northeast,36446,2027-05-08T21:30Z,5825,6106,Metropolitan Oval,TSF Academy,,
U17,Northeast,36745,2027-05-15,9722,6070,Downtown United Soccer Club,Cedar Stars Academy Bergen,,
U17,Northeast,36751,2027-05-15,9725,5943,FA Euro New York,New York SC,,
U17,Northeast,36757,2027-05-15,5764,9704,FC Greater Boston Bolts,Ironbound Soccer Club,,
U17,Northeast,36763,2027-05-15,5825,6188,Metropolitan Oval,Beachside of Connecticut,,
U17,Northeast,36769,2027-05-15,10471,10509,The Island FC East,Connecticut United FC,,
U17,Northeast,36778,2027-05-15,7275,6022,Valeo Futbol Club,Seacoast United,,
U17,Northeast,36867,2027-05-16,5705,10509,Blau Weiss Gottschee,Connecticut United FC,,
U17,Northeast,36873,2027-05-16,9722,5943,Downtown United Soccer Club,New York SC,,
U17,Northeast,36881,2027-05-16,5825,6070,Metropolitan Oval,Cedar Stars Academy Bergen,,
U17,Northeast,36887,2027-05-16,6100,9704,NEFC,Ironbound Soccer Club,,
U17,Northeast,36897,2027-05-16,6106,5659,TSF Academy,FC Westchester,,
U17,Northeast,36903,2027-05-16,10471,6188,The Island FC East,Beachside of Connecticut,,
U17,Northeast,36861,2027-05-16T20:45Z,5745,9738,Bayside FC,The Island FC West,,
U17,Northeast,27366,2027-06-08T15:00Z,9722,10509,Downtown United Soccer Club,Connecticut United FC,,
U17,Northeast,27574,2027-06-08T18:00Z,6188,6106,Beachside of Connecticut,TSF Academy,,
U17,Northeast,27582,2027-06-08T18:30Z,5659,5943,FC Westchester,New York SC,,
U17,Northeast (Pro Player Pathway),26951,2026-09-19T15:00Z,5916,6222,New England Revolution,Toronto FC,1,2
U17,Northeast (Pro Player Pathway),26954,2026-09-19T16:15Z,5642,5886,New York City FC,Philadelphia Union,1,2
U17,Northeast (Pro Player Pathway),27360,2026-09-26T15:15Z,6200,5984,D.C. United,CF Montreal,5,1
U17,Northeast (Pro Player Pathway),27822,2026-10-03T16:15Z,5886,6200,Philadelphia Union,D.C. United,,
U17,Northeast (Pro Player Pathway),28187,2026-10-10T16:15Z,5916,5642,New England Revolution,New York City FC,,
U17,Northeast (Pro Player Pathway),28190,2026-10-10T17:00Z,6222,5984,Toronto FC,CF Montreal,,
U17,Northeast (Pro Player Pathway),28343,2026-10-17T15:15Z,5984,5886,CF Montreal,Philadelphia Union,,
U17,Northeast (Pro Player Pathway),28346,2026-10-17T15:15Z,6200,5740,D.C. United,Red Bull New York,,
U17,Northeast (Pro Player Pathway),28357,2026-10-17T16:15Z,5642,6222,New York City FC,Toronto FC,,
U17,Northeast (Pro Player Pathway),28859,2026-10-24T16:15Z,5886,5916,Philadelphia Union,New England Revolution,,
U17,Northeast (Pro Player Pathway),29289,2026-10-31T14:45Z,5916,6200,New England Revolution,D.C. United,,
U17,Northeast (Pro Player Pathway),29292,2026-10-31T16:15Z,5642,5984,New York City FC,CF Montreal,,
U17,Northeast (Pro Player Pathway),29295,2026-11-01T18:00Z,6222,5740,Toronto FC,Red Bull New York,,
U17,Northeast (Pro Player Pathway),29671,2026-11-07T16:15Z,6200,5642,D.C. United,New York City FC,,
U17,Northeast (Pro Player Pathway),29684,2026-11-07T17:15Z,5886,6222,Philadelphia Union,Toronto FC,,
U17,Northeast (Pro Player Pathway),30106,2026-11-14T16:15Z,5984,5916,CF Montreal,New England Revolution,,
U17,Northeast (Pro Player Pathway),30115,2026-11-14T17:15Z,5740,5886,Red Bull New York,Philadelphia Union,,
U17,Northeast (Pro Player Pathway),30618,2026-11-21T17:00Z,6222,6200,Toronto FC,D.C. United,,
U17,Northeast (Pro Player Pathway),32164,2027-02-20,6200,6222,D.C. United,Toronto FC,,
U17,Northeast (Pro Player Pathway),32197,2027-02-20T17:15Z,5886,5740,Philadelphia Union,Red Bull New York,,
U17,Northeast (Pro Player Pathway),32613,2027-02-27,6200,5886,D.C. United,Philadelphia Union,,
U17,Northeast (Pro Player Pathway),32624,2027-02-27,5740,5984,Red Bull New York,CF Montreal,,
U17,Northeast (Pro Player Pathway),32639,2027-02-27,6222,5642,Toronto FC,New York City FC,,
U17,Northeast (Pro Player Pathway),33078,2027-03-06,5916,5984,New England Revolution,CF Montreal,,
U17,Northeast (Pro Player Pathway),33081,2027-03-06,5642,5740,New York City FC,Red Bull New York,,
U17,Northeast (Pro Player Pathway),33472,2027-03-13,5740,6200,Red Bull New York,D.C. United,,
U17,Northeast (Pro Player Pathway),33486,2027-03-13,6222,5916,Toronto FC,New England Revolution,,
U17,Northeast (Pro Player Pathway),33475,2027-03-13T17:15Z,5886,5642,Philadelphia Union,New York City FC,,
U17,Northeast (Pro Player Pathway),35066,2027-04-10,5642,6200,New York City FC,D.C. United,,
U17,Northeast (Pro Player Pathway),35069,2027-04-10,5740,6222,Red Bull New York,Toronto FC,,
U17,Northeast (Pro Player Pathway),35072,2027-04-10T16:15Z,5886,5984,Philadelphia Union,CF Montreal,,
U17,Northeast (Pro Player Pathway),35468,2027-04-17,5984,6222,CF Montreal,Toronto FC,,
U17,Northeast (Pro Player Pathway),35495,2027-04-17,5916,5886,New England Revolution,Philadelphia Union,,
U17,Northeast (Pro Player Pathway),35498,2027-04-17,5740,5642,Red Bull New York,New York City FC,,
U17,Northeast (Pro Player Pathway),35905,2027-04-24,5984,5740,CF Montreal,Red Bull New York,,
U17,Northeast (Pro Player Pathway),35920,2027-04-24,5642,5916,New York City FC,New England Revolution,,
U17,Northeast (Pro Player Pathway),36449,2027-05-08,5916,5740,New England Revolution,Red Bull New York,,
U17,Northeast (Pro Player Pathway),36414,2027-05-08T15:15Z,5984,6200,CF Montreal,D.C. United,,
U17,Northeast (Pro Player Pathway),36739,2027-05-15,6200,5916,D.C. United,New England Revolution,,
U17,Northeast (Pro Player Pathway),36772,2027-05-15,6222,5886,Toronto FC,Philadelphia Union,,
U17,Northeast (Pro Player Pathway),36736,2027-05-15T15:15Z,5984,5642,CF Montreal,New York City FC,,
U17,Northeast (Pro Player Pathway),27373,2027-06-08T16:15Z,5740,5916,Red Bull New York,New England Revolution,,
U17,Northwest,26147,2026-09-05T19:00Z,6211,9711,Silicon Valley Soccer Academy,ALBION SC Merced,5,0
U17,Northwest,26520,2026-09-12T18:00Z,7046,6211,Atletico Santa Rosa,Silicon Valley Soccer Academy,0,1
U17,Northwest,26981,2026-09-19T18:00Z,5965,5933,Ballistic United,De Anza Force,1,4
U17,Northwest,26987,2026-09-19T18:00Z,7367,7216,FC Bay Area Surf,Lamorinda Soccer Club,1,2
U17,Northwest,26993,2026-09-20T00:00Z,9747,7046,Modesto Ajax United,Atletico Santa Rosa,4,0
U17,Northwest,26532,2026-09-20T18:00Z,5922,7367,Sacramento Republic FC,FC Bay Area Surf,4,2
U17,Northwest,27405,2026-09-26T18:00Z,5894,9747,San Francisco Glens SC,Modesto Ajax United,4,0
U17,Northwest,27857,2026-10-03T18:00Z,7216,9711,Lamorinda Soccer Club,ALBION SC Merced,,
U17,Northwest,27877,2026-10-03T18:00Z,9761,6307,Woodside Soccer Club Crush,Sacramento United,,
U17,Northwest,27868,2026-10-03T20:00Z,5775,5894,The Town FC Academy,San Francisco Glens SC,,
U17,Northwest,28390,2026-10-17T18:00Z,7216,5894,Lamorinda Soccer Club,San Francisco Glens SC,,
U17,Northwest,28396,2026-10-17T18:00Z,9747,5933,Modesto Ajax United,De Anza Force,,
U17,Northwest,28890,2026-10-24T17:30Z,5933,5894,De Anza Force,San Francisco Glens SC,,
U17,Northwest,28922,2026-10-24T18:00Z,9761,9747,Woodside Soccer Club Crush,Modesto Ajax United,,
U17,Northwest,29309,2026-10-31T18:00Z,9711,5775,ALBION SC Merced,The Town FC Academy,,
U17,Northwest,29315,2026-10-31T18:00Z,5965,6307,Ballistic United,Sacramento United,,
U17,Northwest,29327,2026-10-31T18:00Z,9747,5922,Modesto Ajax United,Sacramento Republic FC,,
U17,Northwest,29731,2026-11-07T19:00Z,5922,6211,Sacramento Republic FC,Silicon Valley Soccer Academy,,
U17,Northwest,30152,2026-11-14T19:00Z,5922,5965,Sacramento Republic FC,Ballistic United,,
U17,Northwest,30158,2026-11-14T19:00Z,6307,7216,Sacramento United,Lamorinda Soccer Club,,
U17,Northwest,30183,2026-11-14T19:00Z,9761,7367,Woodside Soccer Club Crush,FC Bay Area Surf,,
U17,Northwest,31094,2027-01-16,9747,7216,Modesto Ajax United,Lamorinda Soccer Club,,
U17,Northwest,31294,2027-01-23,5933,7216,De Anza Force,Lamorinda Soccer Club,,
U17,Northwest,31300,2027-01-23,7367,9747,FC Bay Area Surf,Modesto Ajax United,,
U17,Northwest,31321,2027-01-23,5775,7046,The Town FC Academy,Atletico Santa Rosa,,
U17,Northwest,31486,2027-01-30,5933,9761,De Anza Force,Woodside Soccer Club Crush,,
U17,Northwest,31492,2027-01-30T19:00Z,7216,5922,Lamorinda Soccer Club,Sacramento Republic FC,,
U17,Northwest,31664,2027-02-06,7367,5775,FC Bay Area Surf,The Town FC Academy,,
U17,Northwest,31882,2027-02-13,6211,7367,Silicon Valley Soccer Academy,FC Bay Area Surf,,
U17,Northwest,31893,2027-02-13T19:00Z,9761,9711,Woodside Soccer Club Crush,ALBION SC Merced,,
U17,Northwest,32220,2027-02-20,5965,7046,Ballistic United,Atletico Santa Rosa,,
U17,Northwest,32244,2027-02-20,6307,5894,Sacramento United,San Francisco Glens SC,,
U17,Northwest,32648,2027-02-27,9711,7367,ALBION SC Merced,FC Bay Area Surf,,
U17,Northwest,32654,2027-02-27,7046,9761,Atletico Santa Rosa,Woodside Soccer Club Crush,,
U17,Northwest,33129,2027-03-06T19:00Z,9761,5965,Woodside Soccer Club Crush,Ballistic United,,
U17,Northwest,33502,2027-03-13,5933,9711,De Anza Force,ALBION SC Merced,,
U17,Northwest,33516,2027-03-13,5922,9761,Sacramento Republic FC,Woodside Soccer Club Crush,,
U17,Northwest,33522,2027-03-13,6307,5775,Sacramento United,The Town FC Academy,,
U17,Northwest,33528,2027-03-13,5894,6211,San Francisco Glens SC,Silicon Valley Soccer Academy,,
U17,Northwest,33905,2027-03-20,9711,6307,ALBION SC Merced,Sacramento United,,
U17,Northwest,33911,2027-03-20,7046,5922,Atletico Santa Rosa,Sacramento Republic FC,,
U17,Northwest,33923,2027-03-20,6211,9747,Silicon Valley Soccer Academy,Modesto Ajax United,,
U17,Northwest,33929,2027-03-20,5775,5933,The Town FC Academy,De Anza Force,,
U17,Northwest,30989,2027-03-21,5894,5965,San Francisco Glens SC,Ballistic United,,
U17,Northwest,34381,2027-03-27,5965,5775,Ballistic United,The Town FC Academy,,
U17,Northwest,34387,2027-03-27,7367,7046,FC Bay Area Surf,Atletico Santa Rosa,,
U17,Northwest,34399,2027-03-27,5894,9711,San Francisco Glens SC,ALBION SC Merced,,
U17,Northwest,34405,2027-03-27,6211,6307,Silicon Valley Soccer Academy,Sacramento United,,
U17,Northwest,34642,2027-04-03,9711,5965,ALBION SC Merced,Ballistic United,,
U17,Northwest,34648,2027-04-03,5933,5922,De Anza Force,Sacramento Republic FC,,
U17,Northwest,34662,2027-04-03,6307,7046,Sacramento United,Atletico Santa Rosa,,
U17,Northwest,34668,2027-04-03,5894,7367,San Francisco Glens SC,FC Bay Area Surf,,
U17,Northwest,34674,2027-04-03,5775,6211,The Town FC Academy,Silicon Valley Soccer Academy,,
U17,Northwest,34654,2027-04-03T18:00Z,7216,9761,Lamorinda Soccer Club,Woodside Soccer Club Crush,,
U17,Northwest,35078,2027-04-10,7046,7216,Atletico Santa Rosa,Lamorinda Soccer Club,,
U17,Northwest,35084,2027-04-10,7367,5933,FC Bay Area Surf,De Anza Force,,
U17,Northwest,35090,2027-04-10,9747,6307,Modesto Ajax United,Sacramento United,,
U17,Northwest,35096,2027-04-10,5922,9711,Sacramento Republic FC,ALBION SC Merced,,
U17,Northwest,35104,2027-04-10,6211,5965,Silicon Valley Soccer Academy,Ballistic United,,
U17,Northwest,35110,2027-04-10T18:00Z,9761,5775,Woodside Soccer Club Crush,The Town FC Academy,,
U17,Northwest,35514,2027-04-17,7046,5933,Atletico Santa Rosa,De Anza Force,,
U17,Northwest,35520,2027-04-17,5965,9747,Ballistic United,Modesto Ajax United,,
U17,Northwest,35526,2027-04-17,7367,6307,FC Bay Area Surf,Sacramento United,,
U17,Northwest,35538,2027-04-17,5894,9761,San Francisco Glens SC,Woodside Soccer Club Crush,,
U17,Northwest,35544,2027-04-17,5775,5922,The Town FC Academy,Sacramento Republic FC,,
U17,Northwest,35532,2027-04-17T18:00Z,7216,6211,Lamorinda Soccer Club,Silicon Valley Soccer Academy,,
U17,Northwest,35928,2027-04-24,9711,9747,ALBION SC Merced,Modesto Ajax United,,
U17,Northwest,35934,2027-04-24,7046,5894,Atletico Santa Rosa,San Francisco Glens SC,,
U17,Northwest,35940,2027-04-24,5965,7367,Ballistic United,FC Bay Area Surf,,
U17,Northwest,35946,2027-04-24,5933,6211,De Anza Force,Silicon Valley Soccer Academy,,
U17,Northwest,35952,2027-04-24,6307,5922,Sacramento United,Sacramento Republic FC,,
U17,Northwest,35958,2027-04-24,5775,7216,The Town FC Academy,Lamorinda Soccer Club,,
U17,Northwest,36469,2027-05-08,9711,7046,ALBION SC Merced,Atletico Santa Rosa,,
U17,Northwest,36483,2027-05-08,9747,5775,Modesto Ajax United,The Town FC Academy,,
U17,Northwest,36489,2027-05-08,5922,5894,Sacramento Republic FC,San Francisco Glens SC,,
U17,Northwest,36495,2027-05-08,6307,5933,Sacramento United,De Anza Force,,
U17,Northwest,36501,2027-05-08,6211,9761,Silicon Valley Soccer Academy,Woodside Soccer Club Crush,,
U17,Northwest,36477,2027-05-08T18:00Z,7216,5965,Lamorinda Soccer Club,Ballistic United,,
U17,Southeast,36931,2026-09-19T13:00Z,9731,7249,Inter Atlanta FC,Triangle United Soccer Association,2,1
U17,Southeast,36856,2026-09-20T14:00Z,9708,7249,AFC Lightning,Triangle United Soccer Association,1,4
U17,Southeast,28327,2026-10-04T13:00Z,6064,10511,Queen City Mutiny FC,Huntsville City FC,,
U17,Southeast,28927,2026-10-17T17:00Z,6323,5874,Southern Soccer Academy,Hoover-Vestavia Soccer,,
U17,Southeast,28575,2026-10-17T18:00Z,10511,9655,Huntsville City FC,Charlotte Independence Soccer Club,,
U17,Southeast,35437,2026-10-18T15:00Z,6323,6261,Southern Soccer Academy,Wake FC,,
U17,Southeast,34684,2026-10-18T19:00Z,6064,7249,Queen City Mutiny FC,Triangle United Soccer Association,,
U17,Southeast,29362,2026-10-25T16:00Z,9708,6064,AFC Lightning,Queen City Mutiny FC,,
U17,Southeast,29495,2026-10-31T17:00Z,9731,10505,Inter Atlanta FC,Carolina Core FC,,
U17,Southeast,27440,2026-11-07T18:00Z,7249,6261,Triangle United Soccer Association,Wake FC,,
U17,Southeast,29936,2026-11-07T19:00Z,7047,9731,Nashville United Soccer Academy (NUSA Next),Inter Atlanta FC,,
U17,Southeast,30682,2026-11-15T18:00Z,6064,5758,Queen City Mutiny FC,KSA,,
U17,Southeast,33645,2026-11-21T22:00Z,6261,9655,Wake FC,Charlotte Independence Soccer Club,,
U17,Southeast,34678,2027-02-04T00:30Z,5874,10511,Hoover-Vestavia Soccer,Huntsville City FC,,
U17,Southeast,35201,2027-02-07T16:00Z,6323,9655,Southern Soccer Academy,Charlotte Independence Soccer Club,,
U17,Southeast,32029,2027-02-13,10505,6323,Carolina Core FC,Southern Soccer Academy,,
U17,Southeast,32037,2027-02-13T18:00Z,6261,9731,Wake FC,Inter Atlanta FC,,
U17,Southeast,32265,2027-02-14,7249,6323,Triangle United Soccer Association,Southern Soccer Academy,,
U17,Southeast,32380,2027-02-20,9731,10511,Inter Atlanta FC,Huntsville City FC,,
U17,Southeast,32382,2027-02-20T19:00Z,7047,6261,Nashville United Soccer Academy (NUSA Next),Wake FC,,
U17,Southeast,32379,2027-02-20T20:00Z,9655,5874,Charlotte Independence Soccer Club,Hoover-Vestavia Soccer,,
U17,Southeast,32602,2027-02-21,5758,9708,KSA,AFC Lightning,,
U17,Southeast,32687,2027-02-21,7249,10505,Triangle United Soccer Association,Carolina Core FC,,
U17,Southeast,32607,2027-02-21T16:00Z,6323,6147,Southern Soccer Academy,Lanier Soccer Association,,
U17,Southeast,32798,2027-02-27,6147,5758,Lanier Soccer Association,KSA,,
U17,Southeast,32797,2027-02-27T16:00Z,5874,7249,Hoover-Vestavia Soccer,Triangle United Soccer Association,,
U17,Southeast,32890,2027-02-28,10505,6261,Carolina Core FC,Wake FC,,
U17,Southeast,32887,2027-02-28T16:00Z,9708,9731,AFC Lightning,Inter Atlanta FC,,
U17,Southeast,33235,2027-03-06T14:00Z,9731,6064,Inter Atlanta FC,Queen City Mutiny FC,,
U17,Southeast,33234,2027-03-06T16:00Z,5874,6147,Hoover-Vestavia Soccer,Lanier Soccer Association,,
U17,Southeast,36385,2027-03-07T16:00Z,5874,10505,Hoover-Vestavia Soccer,Carolina Core FC,,
U17,Southeast,33742,2027-03-13,7249,7047,Triangle United Soccer Association,Nashville United Soccer Academy (NUSA Next),,
U17,Southeast,33738,2027-03-13T20:00Z,9655,9731,Charlotte Independence Soccer Club,Inter Atlanta FC,,
U17,Southeast,33959,2027-03-14,10505,7047,Carolina Core FC,Nashville United Soccer Academy (NUSA Next),,
U17,Southeast,33961,2027-03-14,9655,6147,Charlotte Independence Soccer Club,Lanier Soccer Association,,
U17,Southeast,34148,2027-03-20T15:00Z,6147,10505,Lanier Soccer Association,Carolina Core FC,,
U17,Southeast,34149,2027-03-20T16:00Z,7047,9708,Nashville United Soccer Academy (NUSA Next),AFC Lightning,,
U17,Southeast,34315,2027-03-21T15:00Z,6261,6064,Wake FC,Queen City Mutiny FC,,
U17,Southeast,34313,2027-03-21T16:00Z,7047,9655,Nashville United Soccer Academy (NUSA Next),Charlotte Independence Soccer Club,,
U17,Southeast,34679,2027-03-27,5758,7047,KSA,Nashville United Soccer Academy (NUSA Next),,
U17,Southeast,34686,2027-03-27T13:00Z,6323,9708,Southern Soccer Academy,AFC Lightning,,
U17,Southeast,34801,2027-04-03,7249,5758,Triangle United Soccer Association,KSA,,
U17,Southeast,35024,2027-04-04,10505,5758,Carolina Core FC,KSA,,
U17,Southeast,35027,2027-04-04,5874,9731,Hoover-Vestavia Soccer,Inter Atlanta FC,,
U17,Southeast,35028,2027-04-04,10511,7047,Huntsville City FC,Nashville United Soccer Academy (NUSA Next),,
U17,Southeast,35022,2027-04-04T15:00Z,9708,6147,AFC Lightning,Lanier Soccer Association,,
U17,Southeast,35197,2027-04-10,9731,6147,Inter Atlanta FC,Lanier Soccer Association,,
U17,Southeast,35198,2027-04-10,5758,6261,KSA,Wake FC,,
U17,Southeast,35202,2027-04-10,7249,10511,Triangle United Soccer Association,Huntsville City FC,,
U17,Southeast,29120,2027-04-10T15:00Z,10505,10511,Carolina Core FC,Huntsville City FC,,
U17,Southeast,35199,2027-04-10T16:00Z,7047,5874,Nashville United Soccer Academy (NUSA Next),Hoover-Vestavia Soccer,,
U17,Southeast,35283,2027-04-11,6064,10505,Queen City Mutiny FC,Carolina Core FC,,
U17,Southeast,35435,2027-04-11,5758,9655,KSA,Charlotte Independence Soccer Club,,
U17,Southeast,35679,2027-04-17,10505,9708,Carolina Core FC,AFC Lightning,,
U17,Southeast,35566,2027-04-17T19:00Z,6147,7249,Lanier Soccer Association,Triangle United Soccer Association,,
U17,Southeast,35896,2027-04-18,5758,5874,KSA,Hoover-Vestavia Soccer,,
U17,Southeast,35894,2027-04-18T13:00Z,9655,6064,Charlotte Independence Soccer Club,Queen City Mutiny FC,,
U17,Southeast,35897,2027-04-18T15:00Z,6147,7047,Lanier Soccer Association,Nashville United Soccer Academy (NUSA Next),,
U17,Southeast,35966,2027-04-18T17:00Z,6323,9731,Southern Soccer Academy,Inter Atlanta FC,,
U17,Southeast,35968,2027-04-18T17:00Z,6261,9708,Wake FC,AFC Lightning,,
U17,Southeast,36086,2027-04-24,10511,6261,Huntsville City FC,Wake FC,,
U17,Southeast,36085,2027-04-24T14:00Z,5874,6064,Hoover-Vestavia Soccer,Queen City Mutiny FC,,
U17,Southeast,36083,2027-04-24T15:00Z,9708,9655,AFC Lightning,Charlotte Independence Soccer Club,,
U17,Southeast,36087,2027-04-24T16:00Z,7047,6323,Nashville United Soccer Academy (NUSA Next),Southern Soccer Academy,,
U17,Southeast,36386,2027-04-25,10511,6323,Huntsville City FC,Southern Soccer Academy,,
U17,Southeast,36387,2027-04-25,9731,5758,Inter Atlanta FC,KSA,,
U17,Southeast,36388,2027-04-25T13:00Z,6147,6064,Lanier Soccer Association,Queen City Mutiny FC,,
U17,Southeast,32032,2027-05-01,10511,9708,Huntsville City FC,AFC Lightning,,
U17,Southeast,36718,2027-05-08,10511,5758,Huntsville City FC,KSA,,
U17,Southeast,36722,2027-05-08,6064,6323,Queen City Mutiny FC,Southern Soccer Academy,,
U17,Southeast,36507,2027-05-08T17:00Z,9708,5874,AFC Lightning,Hoover-Vestavia Soccer,,
U17,Southeast,36717,2027-05-08T19:00Z,9655,7249,Charlotte Independence Soccer Club,Triangle United Soccer Association,,
U17,Southeast,36727,2027-05-08T21:00Z,6261,6147,Wake FC,Lanier Soccer Association,,
U17,Southeast,36906,2027-05-15,6064,7047,Queen City Mutiny FC,Nashville United Soccer Academy (NUSA Next),,
U17,Southeast,36905,2027-05-15T15:00Z,6147,10511,Lanier Soccer Association,Huntsville City FC,,
U17,Southeast,36907,2027-05-15T21:00Z,6261,5874,Wake FC,Hoover-Vestavia Soccer,,
U17,Southeast,36932,2027-05-16,5758,6323,KSA,Southern Soccer Academy,,
U17,Southeast,36930,2027-05-16T13:00Z,9655,10505,Charlotte Independence Soccer Club,Carolina Core FC,,
U17,Southeast (Pro Player Pathway),27019,2026-09-19T15:00Z,1861,5703,Inter Miami CF,Atlanta United,2,1
U17,Southeast (Pro Player Pathway),27028,2026-09-19T15:00Z,2089,2788,Nashville SC,Charlotte FC,0,2
U17,Southeast (Pro Player Pathway),27031,2026-09-19T15:00Z,6183,6346,Orlando City SC,Houston Dynamo FC,3,2
U17,Southeast (Pro Player Pathway),27016,2026-09-19T18:00Z,5804,6197,FC Dallas,Austin FC,4,2
U17,Southeast (Pro Player Pathway),27426,2026-09-26T15:00Z,2788,5804,Charlotte FC,FC Dallas,4,3
U17,Southeast (Pro Player Pathway),27423,2026-09-26T16:00Z,6197,6183,Austin FC,Orlando City SC,1,2
U17,Southeast (Pro Player Pathway),27429,2026-09-26T16:30Z,6346,5703,Houston Dynamo FC,Atlanta United,3,4
U17,Southeast (Pro Player Pathway),27442,2026-09-26T17:30Z,2089,1861,Nashville SC,Inter Miami CF,1,0
U17,Southeast (Pro Player Pathway),28203,2026-10-10T14:00Z,5804,5703,FC Dallas,Atlanta United,,
U17,Southeast (Pro Player Pathway),28196,2026-10-10T16:00Z,6197,2089,Austin FC,Nashville SC,,
U17,Southeast (Pro Player Pathway),28200,2026-10-10T16:00Z,2788,6346,Charlotte FC,Houston Dynamo FC,,
U17,Southeast (Pro Player Pathway),28206,2026-10-10T16:00Z,6183,1861,Orlando City SC,Inter Miami CF,,
U17,Southeast (Pro Player Pathway),28414,2026-10-17T14:00Z,5703,2788,Atlanta United,Charlotte FC,,
U17,Southeast (Pro Player Pathway),28430,2026-10-17T16:00Z,1861,6197,Inter Miami CF,Austin FC,,
U17,Southeast (Pro Player Pathway),28427,2026-10-17T20:00Z,6346,5804,Houston Dynamo FC,FC Dallas,,
U17,Southeast (Pro Player Pathway),35569,2026-10-24T15:00Z,6183,2089,Orlando City SC,Nashville SC,,
U17,Southeast (Pro Player Pathway),36788,2026-10-31T16:00Z,2089,5804,Nashville SC,FC Dallas,,
U17,Southeast (Pro Player Pathway),29344,2026-10-31T17:00Z,6197,5703,Austin FC,Atlanta United,,
U17,Southeast (Pro Player Pathway),29347,2026-10-31T17:00Z,2788,6183,Charlotte FC,Orlando City SC,,
U17,Southeast (Pro Player Pathway),29753,2026-11-07T17:00Z,1861,2788,Inter Miami CF,Charlotte FC,,
U17,Southeast (Pro Player Pathway),29745,2026-11-07T19:00Z,6197,6346,Austin FC,Houston Dynamo FC,,
U17,Southeast (Pro Player Pathway),30205,2026-11-14T16:00Z,6183,5804,Orlando City SC,FC Dallas,,
U17,Southeast (Pro Player Pathway),30186,2026-11-14T17:00Z,5703,2089,Atlanta United,Nashville SC,,
U17,Southeast (Pro Player Pathway),30690,2026-11-21T16:00Z,5804,1861,FC Dallas,Inter Miami CF,,
U17,Southeast (Pro Player Pathway),30684,2026-11-21T17:00Z,5703,6183,Atlanta United,Orlando City SC,,
U17,Southeast (Pro Player Pathway),30687,2026-11-21T17:30Z,2788,6197,Charlotte FC,Austin FC,,
U17,Southeast (Pro Player Pathway),30711,2026-11-21T17:30Z,2089,6346,Nashville SC,Houston Dynamo FC,,
U17,Southeast (Pro Player Pathway),29357,2027-01-16T17:30Z,6346,1861,Houston Dynamo FC,Inter Miami CF,,
U17,Southeast (Pro Player Pathway),31327,2027-01-23,6346,2089,Houston Dynamo FC,Nashville SC,,
U17,Southeast (Pro Player Pathway),31330,2027-01-23,6183,5703,Orlando City SC,Atlanta United,,
U17,Southeast (Pro Player Pathway),31324,2027-01-23T18:30Z,5804,2788,FC Dallas,Charlotte FC,,
U17,Southeast (Pro Player Pathway),31509,2027-01-30,6197,2788,Austin FC,Charlotte FC,,
U17,Southeast (Pro Player Pathway),31512,2027-01-30T17:00Z,1861,2089,Inter Miami CF,Nashville SC,,
U17,Southeast (Pro Player Pathway),31705,2027-02-06,6183,6197,Orlando City SC,Austin FC,,
U17,Southeast (Pro Player Pathway),31699,2027-02-06T17:30Z,2788,1861,Charlotte FC,Inter Miami CF,,
U17,Southeast (Pro Player Pathway),31702,2027-02-06T18:30Z,2089,5703,Nashville SC,Atlanta United,,
U17,Southeast (Pro Player Pathway),31903,2027-02-13,6346,6183,Houston Dynamo FC,Orlando City SC,,
U17,Southeast (Pro Player Pathway),31896,2027-02-13T14:00Z,5703,5804,Atlanta United,FC Dallas,,
U17,Southeast (Pro Player Pathway),32258,2027-02-20,1861,6346,Inter Miami CF,Houston Dynamo FC,,
U17,Southeast (Pro Player Pathway),32713,2027-02-27T18:30Z,2089,6197,Nashville SC,Austin FC,,
U17,Southeast (Pro Player Pathway),33137,2027-03-06,6197,1861,Austin FC,Inter Miami CF,,
U17,Southeast (Pro Player Pathway),33140,2027-03-06,6346,2788,Houston Dynamo FC,Charlotte FC,,
U17,Southeast (Pro Player Pathway),33541,2027-03-13,5804,6183,FC Dallas,Orlando City SC,,
U17,Southeast (Pro Player Pathway),35113,2027-04-10,5703,6197,Atlanta United,Austin FC,,
U17,Southeast (Pro Player Pathway),35550,2027-04-17,6197,5804,Austin FC,FC Dallas,,
U17,Southeast (Pro Player Pathway),35547,2027-04-17T14:00Z,5703,1861,Atlanta United,Inter Miami CF,,
U17,Southeast (Pro Player Pathway),28944,2027-04-17T17:30Z,2089,6183,Nashville SC,Orlando City SC,,
U17,Southeast (Pro Player Pathway),35963,2027-04-24,2788,2089,Charlotte FC,Nashville SC,,
U17,Southeast (Pro Player Pathway),35970,2027-04-24,5804,6346,FC Dallas,Houston Dynamo FC,,
U17,Southeast (Pro Player Pathway),35983,2027-04-24T17:00Z,1861,6183,Inter Miami CF,Orlando City SC,,
U17,Southeast (Pro Player Pathway),36512,2027-05-08,2788,5703,Charlotte FC,Atlanta United,,
U17,Southeast (Pro Player Pathway),36518,2027-05-08,6346,6197,Houston Dynamo FC,Austin FC,,
U17,Southeast (Pro Player Pathway),36527,2027-05-08,1861,5804,Inter Miami CF,FC Dallas,,
U17,Southeast (Pro Player Pathway),36781,2027-05-15,5703,6346,Atlanta United,Houston Dynamo FC,,
U17,Southeast (Pro Player Pathway),36791,2027-05-15,6183,2788,Orlando City SC,Charlotte FC,,
U17,Southeast (Pro Player Pathway),29354,2027-05-15T16:00Z,5804,2089,FC Dallas,Nashville SC,,
U17,Southwest,26181,2026-09-05T18:00Z,6169,6175,FC Golden State Force,SC Del Sol,0,3
U17,Southwest,26787,2026-09-13T18:00Z,6059,5957,City SC - San Diego,LA Surf Soccer Club,1,2
U17,Southwest,26800,2026-09-13T18:00Z,9744,6096,Los Angeles Sports Club,Barca Residency Academy,1,3
U17,Southwest,27047,2026-09-19T18:00Z,6169,5867,FC Golden State Force,Phoenix Rising FC,2,3
U17,Southwest,27053,2026-09-19T23:30Z,5957,6286,LA Surf Soccer Club,ALBION SC San Diego,3,3
U17,Southwest,27041,2026-09-19T23:45Z,5856,9741,City SC Southwest,Los Angeles Bulls Soccer Club,0,6
U17,Southwest,27214,2026-09-20T17:00Z,6096,6059,Barca Residency Academy,City SC - San Diego,5,0
U17,Southwest,27226,2026-09-20T17:30Z,5856,6049,City SC Southwest,Strikers FC,0,7
U17,Southwest,27220,2026-09-20T18:00Z,5672,6296,Chula Vista FC,Santa Barbara Soccer Club,3,0
U17,Southwest,27232,2026-09-20T18:00Z,6169,6286,FC Golden State Force,ALBION SC San Diego,0,3
U17,Southwest,27240,2026-09-20T20:00Z,5957,5867,LA Surf Soccer Club,Phoenix Rising FC,2,1
U17,Southwest,27472,2026-09-26T17:15Z,9741,6175,Los Angeles Bulls Soccer Club,SC Del Sol,4,4
U17,Southwest,27460,2026-09-26T18:00Z,7271,6059,Albion SC Las Vegas,City SC - San Diego,6,0
U17,Southwest,27494,2026-09-26T18:00Z,6049,6096,Strikers FC,Barca Residency Academy,6,2
U17,Southwest,27482,2026-09-26T20:00Z,6007,9744,RSL Arizona,Los Angeles Sports Club,0,0
U17,Southwest,27488,2026-09-27T00:00Z,9757,5856,SoCal Reds FC,City SC Southwest,5,0
U17,Southwest,27664,2026-09-27T17:00Z,5867,9744,Phoenix Rising FC,Los Angeles Sports Club,2,4
U17,Southwest,27652,2026-09-27T17:15Z,9741,6096,Los Angeles Bulls Soccer Club,Barca Residency Academy,5,2
U17,Southwest,27638,2026-09-27T18:00Z,7271,6042,Albion SC Las Vegas,Albion SC Los Angeles,2,2
U17,Southwest,27644,2026-09-27T18:00Z,6286,6331,ALBION SC San Diego,Ventura County Fusion,3,2
U17,Southwest,27658,2026-09-27T18:00Z,5957,5856,LA Surf Soccer Club,City SC Southwest,5,0
U17,Southwest,27680,2026-09-27T18:00Z,5819,6169,Total Futbol Academy,FC Golden State Force,5,0
U17,Southwest,27672,2026-09-27T20:00Z,9757,6175,SoCal Reds FC,SC Del Sol,1,1
U17,Southwest,27911,2026-10-03T18:00Z,6286,6049,ALBION SC San Diego,Strikers FC,,
U17,Southwest,27921,2026-10-03T18:00Z,5867,7271,Phoenix Rising FC,Albion SC Las Vegas,,
U17,Southwest,28146,2026-10-04T18:00Z,6059,6007,City SC - San Diego,RSL Arizona,,
U17,Southwest,28140,2026-10-04T20:00Z,5672,6049,Chula Vista FC,Strikers FC,,
U17,Southwest,27466,2026-10-11T18:00Z,5672,6331,Chula Vista FC,Ventura County Fusion,,
U17,Southwest,28456,2026-10-17T08:00Z,5957,6007,LA Surf Soccer Club,RSL Arizona,,
U17,Southwest,28464,2026-10-17T16:00Z,6296,6059,Santa Barbara Soccer Club,City SC - San Diego,,
U17,Southwest,28450,2026-10-17T18:00Z,9744,6175,Los Angeles Sports Club,SC Del Sol,,
U17,Southwest,28470,2026-10-17T18:00Z,6049,7271,Strikers FC,Albion SC Las Vegas,,
U17,Southwest,28476,2026-10-17T18:00Z,5819,5672,Total Futbol Academy,Chula Vista FC,,
U17,Southwest,28673,2026-10-18T08:00Z,5957,5672,LA Surf Soccer Club,Chula Vista FC,,
U17,Southwest,28667,2026-10-18T18:00Z,9744,7271,Los Angeles Sports Club,Albion SC Las Vegas,,
U17,Southwest,28681,2026-10-18T18:00Z,6296,6175,Santa Barbara Soccer Club,SC Del Sol,,
U17,Southwest,28687,2026-10-18T18:00Z,6049,6007,Strikers FC,RSL Arizona,,
U17,Southwest,28693,2026-10-18T18:00Z,5819,6286,Total Futbol Academy,ALBION SC San Diego,,
U17,Southwest,28960,2026-10-24T18:00Z,7201,6169,Las Vegas Sports Academy,FC Golden State Force,,
U17,Southwest,29141,2026-10-25T18:00Z,7271,6169,Albion SC Las Vegas,FC Golden State Force,,
U17,Southwest,29367,2026-10-31T20:00Z,7201,5672,Las Vegas Sports Academy,Chula Vista FC,,
U17,Southwest,29381,2026-10-31T21:00Z,6175,6331,SC Del Sol,Ventura County Fusion,,
U17,Southwest,29527,2026-11-01T19:00Z,5867,6331,Phoenix Rising FC,Ventura County Fusion,,
U17,Southwest,29537,2026-11-01T19:00Z,9757,9744,SoCal Reds FC,Los Angeles Sports Club,,
U17,Southwest,29773,2026-11-07T18:15Z,9741,7271,Los Angeles Bulls Soccer Club,Albion SC Las Vegas,,
U17,Southwest,29783,2026-11-07T19:00Z,6296,7201,Santa Barbara Soccer Club,Las Vegas Sports Academy,,
U17,Southwest,29789,2026-11-07T19:00Z,5819,5867,Total Futbol Academy,Phoenix Rising FC,,
U17,Southwest,29795,2026-11-07T19:00Z,6331,6096,Ventura County Fusion,Barca Residency Academy,,
U17,Southwest,29959,2026-11-08T18:15Z,9741,5867,Los Angeles Bulls Soccer Club,Phoenix Rising FC,,
U17,Southwest,29953,2026-11-08T19:00Z,6059,9757,City SC - San Diego,SoCal Reds FC,,
U17,Southwest,29967,2026-11-08T19:00Z,6296,6096,Santa Barbara Soccer Club,Barca Residency Academy,,
U17,Southwest,29973,2026-11-08T19:00Z,5819,5856,Total Futbol Academy,City SC Southwest,,
U17,Southwest,29979,2026-11-08T19:00Z,6331,7201,Ventura County Fusion,Las Vegas Sports Academy,,
U17,Southwest,30229,2026-11-14T19:00Z,5672,7271,Chula Vista FC,Albion SC Las Vegas,,
U17,Southwest,30243,2026-11-14T20:00Z,9757,6286,SoCal Reds FC,ALBION SC San Diego,,
U17,Southwest,30439,2026-11-15T18:00Z,6175,7201,SC Del Sol,Las Vegas Sports Academy,,
U17,Southwest,30430,2026-11-15T20:30Z,5856,9744,City SC Southwest,Los Angeles Sports Club,,
U17,Southwest,30449,2026-11-16T00:30Z,6331,9741,Ventura County Fusion,Los Angeles Bulls Soccer Club,,
U17,Southwest,30424,2026-11-16T00:45Z,6042,6286,Albion SC Los Angeles,ALBION SC San Diego,,
U17,Southwest,30717,2026-11-21T18:00Z,6096,9757,Barca Residency Academy,SoCal Reds FC,,
U17,Southwest,30723,2026-11-21T21:00Z,5856,6175,City SC Southwest,SC Del Sol,,
U17,Southwest,30729,2026-11-21T21:00Z,7201,5957,Las Vegas Sports Academy,LA Surf Soccer Club,,
U17,Southwest,30741,2026-11-21T21:00Z,6007,5672,RSL Arizona,Chula Vista FC,,
U17,Southwest,30901,2026-11-22T19:00Z,7271,5957,Albion SC Las Vegas,LA Surf Soccer Club,,
U17,Southwest,30909,2026-11-22T21:00Z,7201,6286,Las Vegas Sports Academy,ALBION SC San Diego,,
U17,Southwest,30919,2026-11-22T21:00Z,6007,9757,RSL Arizona,SoCal Reds FC,,
U17,Southwest,31031,2027-01-10,6169,6296,FC Golden State Force,Santa Barbara Soccer Club,,
U17,Southwest,31043,2027-01-10,5819,6049,Total Futbol Academy,Strikers FC,,
U17,Southwest,31127,2027-01-16,6096,6169,Barca Residency Academy,FC Golden State Force,,
U17,Southwest,31142,2027-01-16,5867,6042,Phoenix Rising FC,Albion SC Los Angeles,,
U17,Southwest,31150,2027-01-16,6175,6059,SC Del Sol,City SC - San Diego,,
U17,Southwest,31177,2027-01-17,6096,6042,Barca Residency Academy,Albion SC Los Angeles,,
U17,Southwest,31194,2027-01-17,9744,6331,Los Angeles Sports Club,Ventura County Fusion,,
U17,Southwest,31200,2027-01-17,5867,6059,Phoenix Rising FC,City SC - San Diego,,
U17,Southwest,31206,2027-01-17,6007,6169,RSL Arizona,FC Golden State Force,,
U17,Southwest,31037,2027-01-17T19:00Z,5957,9757,LA Surf Soccer Club,SoCal Reds FC,,
U17,Southwest,31334,2027-01-23,6096,5957,Barca Residency Academy,LA Surf Soccer Club,,
U17,Southwest,31342,2027-01-23,6007,6296,RSL Arizona,Santa Barbara Soccer Club,,
U17,Southwest,31378,2027-01-24,6169,6331,FC Golden State Force,Ventura County Fusion,,
U17,Southwest,31384,2027-01-24,5867,6296,Phoenix Rising FC,Santa Barbara Soccer Club,,
U17,Southwest,31392,2027-01-24,6175,5957,SC Del Sol,LA Surf Soccer Club,,
U17,Southwest,31402,2027-01-24,5819,6042,Total Futbol Academy,Albion SC Los Angeles,,
U17,Southwest,31185,2027-01-24T17:00Z,7201,5856,Las Vegas Sports Academy,City SC Southwest,,
U17,Southwest,31518,2027-01-30,6286,7271,ALBION SC San Diego,Albion SC Las Vegas,,
U17,Southwest,31524,2027-01-30,6042,7201,Albion SC Los Angeles,Las Vegas Sports Academy,,
U17,Southwest,31536,2027-01-30,6049,6059,Strikers FC,City SC - San Diego,,
U17,Southwest,31542,2027-01-30,6331,6007,Ventura County Fusion,RSL Arizona,,
U17,Southwest,31572,2027-01-31,6042,6007,Albion SC Los Angeles,RSL Arizona,,
U17,Southwest,31578,2027-01-31,5856,7271,City SC Southwest,Albion SC Las Vegas,,
U17,Southwest,31584,2027-01-31,9741,6059,Los Angeles Bulls Soccer Club,City SC - San Diego,,
U17,Southwest,31594,2027-01-31,6049,7201,Strikers FC,Las Vegas Sports Academy,,
U17,Southwest,31718,2027-02-06,9757,5672,SoCal Reds FC,Chula Vista FC,,
U17,Southwest,31750,2027-02-07,9741,5819,Los Angeles Bulls Soccer Club,Total Futbol Academy,,
U17,Southwest,31756,2027-02-07,9744,6042,Los Angeles Sports Club,Albion SC Los Angeles,,
U17,Southwest,31766,2027-02-07,9757,5867,SoCal Reds FC,Phoenix Rising FC,,
U17,Southwest,32284,2027-02-20,6286,9744,ALBION SC San Diego,Los Angeles Sports Club,,
U17,Southwest,32292,2027-02-20,9741,6169,Los Angeles Bulls Soccer Club,FC Golden State Force,,
U17,Southwest,32302,2027-02-20,6175,6042,SC Del Sol,Albion SC Los Angeles,,
U17,Southwest,32308,2027-02-20,6049,5957,Strikers FC,LA Surf Soccer Club,,
U17,Southwest,32471,2027-02-21,5672,9744,Chula Vista FC,Los Angeles Sports Club,,
U17,Southwest,32482,2027-02-21,9757,6331,SoCal Reds FC,Ventura County Fusion,,
U17,Southwest,32488,2027-02-21,5819,6007,Total Futbol Academy,RSL Arizona,,
U17,Southwest,32897,2027-02-28,7271,6096,Albion SC Las Vegas,Barca Residency Academy,,
U17,Southwest,32903,2027-02-28,6286,6175,ALBION SC San Diego,SC Del Sol,,
U17,Southwest,32909,2027-02-28,6169,6049,FC Golden State Force,Strikers FC,,
U17,Southwest,32917,2027-02-28,9741,9757,Los Angeles Bulls Soccer Club,SoCal Reds FC,,
U17,Southwest,32923,2027-02-28,6296,6042,Santa Barbara Soccer Club,Albion SC Los Angeles,,
U17,Southwest,32929,2027-02-28,5819,9744,Total Futbol Academy,Los Angeles Sports Club,,
U17,Southwest,33157,2027-03-06,9744,6059,Los Angeles Sports Club,City SC - San Diego,,
U17,Southwest,33163,2027-03-06,6007,5856,RSL Arizona,City SC Southwest,,
U17,Southwest,33321,2027-03-07,6042,9741,Albion SC Los Angeles,Los Angeles Bulls Soccer Club,,
U17,Southwest,33331,2027-03-07,9744,7201,Los Angeles Sports Club,Las Vegas Sports Academy,,
U17,Southwest,33337,2027-03-07,5957,6169,LA Surf Soccer Club,FC Golden State Force,,
U17,Southwest,33347,2027-03-07,6296,6049,Santa Barbara Soccer Club,Strikers FC,,
U17,Southwest,33355,2027-03-07,6331,6059,Ventura County Fusion,City SC - San Diego,,
U17,Southwest,33550,2027-03-13,6042,5672,Albion SC Los Angeles,Chula Vista FC,,
U17,Southwest,33556,2027-03-13,6059,7201,City SC - San Diego,Las Vegas Sports Academy,,
U17,Southwest,33562,2027-03-13,6169,5856,FC Golden State Force,City SC Southwest,,
U17,Southwest,33570,2027-03-13,6007,9741,RSL Arizona,Los Angeles Bulls Soccer Club,,
U17,Southwest,33576,2027-03-13,6175,7271,SC Del Sol,Albion SC Las Vegas,,
U17,Southwest,33584,2027-03-13,6049,9757,Strikers FC,SoCal Reds FC,,
U17,Southwest,33590,2027-03-13,5819,6296,Total Futbol Academy,Santa Barbara Soccer Club,,
U17,Southwest,33748,2027-03-14,6286,5867,ALBION SC San Diego,Phoenix Rising FC,,
U17,Southwest,33754,2027-03-14,6042,5856,Albion SC Los Angeles,City SC Southwest,,
U17,Southwest,33760,2027-03-14,6169,5672,FC Golden State Force,Chula Vista FC,,
U17,Southwest,33977,2027-03-20,7271,5819,Albion SC Las Vegas,Total Futbol Academy,,
U17,Southwest,33991,2027-03-20,6175,6096,SC Del Sol,Barca Residency Academy,,
U17,Southwest,34169,2027-03-21,7201,5819,Las Vegas Sports Academy,Total Futbol Academy,,
U17,Southwest,34179,2027-03-21,6296,5957,Santa Barbara Soccer Club,LA Surf Soccer Club,,
U17,Southwest,34185,2027-03-21,6331,6042,Ventura County Fusion,Albion SC Los Angeles,,
U17,Southwest,34453,2027-03-27,5672,5856,Chula Vista FC,City SC Southwest,,
U17,Southwest,34459,2027-03-27,6059,6286,City SC - San Diego,ALBION SC San Diego,,
U17,Southwest,34467,2027-03-27,9741,5957,Los Angeles Bulls Soccer Club,LA Surf Soccer Club,,
U17,Southwest,34473,2027-03-27,9744,6296,Los Angeles Sports Club,Santa Barbara Soccer Club,,
U17,Southwest,34479,2027-03-27,5867,6096,Phoenix Rising FC,Barca Residency Academy,,
U17,Southwest,34485,2027-03-27,6175,6007,SC Del Sol,RSL Arizona,,
U17,Southwest,34493,2027-03-27,6331,5819,Ventura County Fusion,Total Futbol Academy,,
U17,Southwest,34714,2027-04-03,7271,9757,Albion SC Las Vegas,SoCal Reds FC,,
U17,Southwest,34720,2027-04-03,6286,9741,ALBION SC San Diego,Los Angeles Bulls Soccer Club,,
U17,Southwest,34724,2027-04-03,6096,5819,Barca Residency Academy,Total Futbol Academy,,
U17,Southwest,34730,2027-04-03,5672,5867,Chula Vista FC,Phoenix Rising FC,,
U17,Southwest,34736,2027-04-03,6059,6042,City SC - San Diego,Albion SC Los Angeles,,
U17,Southwest,34742,2027-04-03,5856,6296,City SC Southwest,Santa Barbara Soccer Club,,
U17,Southwest,34748,2027-04-03,7201,6007,Las Vegas Sports Academy,RSL Arizona,,
U17,Southwest,34759,2027-04-03,6331,5957,Ventura County Fusion,LA Surf Soccer Club,,
U17,Southwest,34892,2027-04-04,7271,6007,Albion SC Las Vegas,RSL Arizona,,
U17,Southwest,34898,2027-04-04,6286,6296,ALBION SC San Diego,Santa Barbara Soccer Club,,
U17,Southwest,34905,2027-04-04,5672,9741,Chula Vista FC,Los Angeles Bulls Soccer Club,,
U17,Southwest,34911,2027-04-04,6059,6169,City SC - San Diego,FC Golden State Force,,
U17,Southwest,34917,2027-04-04,5856,5867,City SC Southwest,Phoenix Rising FC,,
U17,Southwest,34923,2027-04-04,7201,9757,Las Vegas Sports Academy,SoCal Reds FC,,
U17,Southwest,34929,2027-04-04,9744,6049,Los Angeles Sports Club,Strikers FC,,
U17,Southwest,34937,2027-04-04,6175,5819,SC Del Sol,Total Futbol Academy,,
U17,Southwest,35138,2027-04-10,5867,7201,Phoenix Rising FC,Las Vegas Sports Academy,,
U17,Southwest,35144,2027-04-10,6331,7271,Ventura County Fusion,Albion SC Las Vegas,,
U17,Southwest,35295,2027-04-11,6286,5672,ALBION SC San Diego,Chula Vista FC,,
U17,Southwest,35301,2027-04-11,6042,9757,Albion SC Los Angeles,SoCal Reds FC,,
U17,Southwest,35305,2027-04-11,6096,7201,Barca Residency Academy,Las Vegas Sports Academy,,
U17,Southwest,35311,2027-04-11,6169,9744,FC Golden State Force,Los Angeles Sports Club,,
U17,Southwest,35317,2027-04-11,9741,6049,Los Angeles Bulls Soccer Club,Strikers FC,,
U17,Southwest,35327,2027-04-11,6296,7271,Santa Barbara Soccer Club,Albion SC Las Vegas,,
U17,Southwest,35582,2027-04-17,5672,6096,Chula Vista FC,Barca Residency Academy,,
U17,Southwest,35588,2027-04-17,6059,5819,City SC - San Diego,Total Futbol Academy,,
U17,Southwest,35594,2027-04-17,5856,6331,City SC Southwest,Ventura County Fusion,,
U17,Southwest,35602,2027-04-17,6296,9741,Santa Barbara Soccer Club,Los Angeles Bulls Soccer Club,,
U17,Southwest,35608,2027-04-17,9757,6169,SoCal Reds FC,FC Golden State Force,,
U17,Southwest,35614,2027-04-17,6049,6042,Strikers FC,Albion SC Los Angeles,,
U17,Southwest,35769,2027-04-18,5672,6175,Chula Vista FC,SC Del Sol,,
U17,Southwest,35777,2027-04-18,5856,6096,City SC Southwest,Barca Residency Academy,,
U17,Southwest,35786,2027-04-18,5957,9744,LA Surf Soccer Club,Los Angeles Sports Club,,
U17,Southwest,35792,2027-04-18,6007,5867,RSL Arizona,Phoenix Rising FC,,
U17,Southwest,36005,2027-04-24,5867,6049,Phoenix Rising FC,Strikers FC,,
U17,Southwest,36011,2027-04-24,6007,6286,RSL Arizona,ALBION SC San Diego,,
U17,Southwest,36167,2027-04-25,7271,7201,Albion SC Las Vegas,Las Vegas Sports Academy,,
U17,Southwest,36173,2027-04-25,6042,5957,Albion SC Los Angeles,LA Surf Soccer Club,,
U17,Southwest,36177,2027-04-25,6096,6286,Barca Residency Academy,ALBION SC San Diego,,
U17,Southwest,36183,2027-04-25,5856,6059,City SC Southwest,City SC - San Diego,,
U17,Southwest,36189,2027-04-25,9744,9741,Los Angeles Sports Club,Los Angeles Bulls Soccer Club,,
U17,Southwest,36197,2027-04-25,6175,6049,SC Del Sol,Strikers FC,,
U17,Southwest,36205,2027-04-25,6296,6331,Santa Barbara Soccer Club,Ventura County Fusion,,
U17,Southwest,36211,2027-04-25,9757,5819,SoCal Reds FC,Total Futbol Academy,,
U17,Southwest,36554,2027-05-08,6286,5856,ALBION SC San Diego,City SC Southwest,,
U17,Southwest,36560,2027-05-08,6042,6169,Albion SC Los Angeles,FC Golden State Force,,
U17,Southwest,36564,2027-05-08,6096,6007,Barca Residency Academy,RSL Arizona,,
U17,Southwest,36570,2027-05-08,6059,5672,City SC - San Diego,Chula Vista FC,,
U17,Southwest,36576,2027-05-08,7201,9741,Las Vegas Sports Academy,Los Angeles Bulls Soccer Club,,
U17,Southwest,36585,2027-05-08,5957,5819,LA Surf Soccer Club,Total Futbol Academy,,
U17,Southwest,36591,2027-05-08,5867,6175,Phoenix Rising FC,SC Del Sol,,
U17,Southwest,36599,2027-05-08,9757,6296,SoCal Reds FC,Santa Barbara Soccer Club,,
U17,Southwest,36605,2027-05-08,6049,6331,Strikers FC,Ventura County Fusion,,
U17,West (Pro Player Pathway),27084,2026-09-19T18:00Z,6017,6263,San Jose Earthquakes,Los Angeles Football Club,3,0
U17,West (Pro Player Pathway),27080,2026-09-19T18:30Z,6073,6247,Real Salt Lake,Vancouver Whitecaps FC,7,2
U17,West (Pro Player Pathway),27078,2026-09-19T22:15Z,1265,5767,Portland Timbers,Seattle Sounders FC,1,2
U17,West (Pro Player Pathway),27939,2026-10-03T18:30Z,5902,6017,LA Galaxy,San Jose Earthquakes,,
U17,West (Pro Player Pathway),27942,2026-10-03T18:30Z,5767,6263,Seattle Sounders FC,Los Angeles Football Club,,
U17,West (Pro Player Pathway),28214,2026-10-10T19:30Z,6263,6247,Los Angeles Football Club,Vancouver Whitecaps FC,,
U17,West (Pro Player Pathway),28217,2026-10-10T19:30Z,5767,6073,Seattle Sounders FC,Real Salt Lake,,
U17,West (Pro Player Pathway),28480,2026-10-17T18:30Z,5902,1265,LA Galaxy,Portland Timbers,,
U17,West (Pro Player Pathway),28484,2026-10-17T18:30Z,6017,5767,San Jose Earthquakes,Seattle Sounders FC,,
U17,West (Pro Player Pathway),28986,2026-10-24T18:30Z,6263,5902,Los Angeles Football Club,LA Galaxy,,
U17,West (Pro Player Pathway),28988,2026-10-24T19:15Z,1265,6247,Portland Timbers,Vancouver Whitecaps FC,,
U17,West (Pro Player Pathway),27500,2026-10-31T18:30Z,6017,1265,San Jose Earthquakes,Portland Timbers,4,1
U17,West (Pro Player Pathway),29393,2026-10-31T18:30Z,6017,6073,San Jose Earthquakes,Real Salt Lake,,
U17,West (Pro Player Pathway),29557,2026-11-01T20:30Z,6247,5767,Vancouver Whitecaps FC,Seattle Sounders FC,,
U17,West (Pro Player Pathway),29802,2026-11-07T19:30Z,6073,5902,Real Salt Lake,LA Galaxy,,
U17,West (Pro Player Pathway),29805,2026-11-07T20:30Z,6247,6017,Vancouver Whitecaps FC,San Jose Earthquakes,,
U17,West (Pro Player Pathway),30261,2026-11-14T19:30Z,6263,1265,Los Angeles Football Club,Portland Timbers,,
U17,West (Pro Player Pathway),30761,2026-11-21T19:30Z,5902,5767,LA Galaxy,Seattle Sounders FC,,
U17,West (Pro Player Pathway),30763,2026-11-21T20:30Z,6263,6073,Los Angeles Football Club,Real Salt Lake,,
U17,West (Pro Player Pathway),31356,2027-01-23,1265,5902,Portland Timbers,LA Galaxy,,
U17,West (Pro Player Pathway),31358,2027-01-23,6247,6263,Vancouver Whitecaps FC,Los Angeles Football Club,,
U17,West (Pro Player Pathway),31552,2027-01-30,5902,6247,LA Galaxy,Vancouver Whitecaps FC,,
U17,West (Pro Player Pathway),31555,2027-01-30,6263,5767,Los Angeles Football Club,Seattle Sounders FC,,
U17,West (Pro Player Pathway),31557,2027-01-30,6073,1265,Real Salt Lake,Portland Timbers,,
U17,West (Pro Player Pathway),31982,2027-02-13,1265,6017,Portland Timbers,San Jose Earthquakes,,
U17,West (Pro Player Pathway),32312,2027-02-20,6017,6247,San Jose Earthquakes,Vancouver Whitecaps FC,,
U17,West (Pro Player Pathway),32315,2027-02-20,5767,5902,Seattle Sounders FC,LA Galaxy,,
U17,West (Pro Player Pathway),32743,2027-02-27,6073,5767,Real Salt Lake,Seattle Sounders FC,,
U17,West (Pro Player Pathway),33172,2027-03-06,6247,6073,Vancouver Whitecaps FC,Real Salt Lake,,
U17,West (Pro Player Pathway),33595,2027-03-13,1265,6263,Portland Timbers,Los Angeles Football Club,,
U17,West (Pro Player Pathway),33598,2027-03-13,5767,6017,Seattle Sounders FC,San Jose Earthquakes,,
U17,West (Pro Player Pathway),35146,2027-04-10,6073,6017,Real Salt Lake,San Jose Earthquakes,,
U17,West (Pro Player Pathway),35150,2027-04-10,5767,1265,Seattle Sounders FC,Portland Timbers,,
U17,West (Pro Player Pathway),35616,2027-04-17,5902,6073,LA Galaxy,Real Salt Lake,,
U17,West (Pro Player Pathway),35619,2027-04-17,6263,6017,Los Angeles Football Club,San Jose Earthquakes,,
U17,West (Pro Player Pathway),35621,2027-04-17,6247,1265,Vancouver Whitecaps FC,Portland Timbers,,
U17,West (Pro Player Pathway),36014,2027-04-24,5902,6263,LA Galaxy,Los Angeles Football Club,,
U17,West (Pro Player Pathway),36608,2027-05-08,1265,6073,Portland Timbers,Real Salt Lake,,
U17,West (Pro Player Pathway),36611,2027-05-08,6017,5902,San Jose Earthquakes,LA Galaxy,,
U17,West (Pro Player Pathway),36613,2027-05-08,5767,6247,Seattle Sounders FC,Vancouver Whitecaps FC,,
U17,West (Pro Player Pathway),36801,2027-05-15,6073,6263,Real Salt Lake,Los Angeles Football Club,,
U17,West (Pro Player Pathway),36804,2027-05-15,6247,5902,Vancouver Whitecaps FC,LA Galaxy,,
U19,Central (Pro Player Pathway),26822,2026-09-19T14:00Z,7230,7204,Columbus Crew,St. Louis City SC,2,4
U19,Central (Pro Player Pathway),26825,2026-09-19T15:00Z,6130,5671,Sporting Kansas City,Minnesota United FC,3,2
U19,Central (Pro Player Pathway),27258,2026-09-26T14:00Z,5671,7198,Minnesota United FC,FC Cincinnati,1,2
U19,Central (Pro Player Pathway),27261,2026-09-26T14:00Z,7204,7226,St. Louis City SC,Colorado Rapids,2,5
U19,Central (Pro Player Pathway),27255,2026-09-26T15:00Z,5851,6130,Chicago Fire FC,Sporting Kansas City,1,0
U19,Central (Pro Player Pathway),28172,2026-10-10T14:00Z,7198,5851,FC Cincinnati,Chicago Fire FC,,
U19,Central (Pro Player Pathway),28175,2026-10-10T15:00Z,6130,7204,Sporting Kansas City,St. Louis City SC,,
U19,Central (Pro Player Pathway),28169,2026-10-10T16:00Z,7226,7230,Colorado Rapids,Columbus Crew,,
U19,Central (Pro Player Pathway),28234,2026-10-17T15:00Z,5851,5671,Chicago Fire FC,Minnesota United FC,,
U19,Central (Pro Player Pathway),28488,2026-10-18T17:00Z,7198,7230,FC Cincinnati,Columbus Crew,,
U19,Central (Pro Player Pathway),28716,2026-10-24T14:00Z,5671,7226,Minnesota United FC,Colorado Rapids,,
U19,Central (Pro Player Pathway),28719,2026-10-24T14:00Z,7230,6130,Columbus Crew,Sporting Kansas City,,
U19,Central (Pro Player Pathway),28722,2026-10-24T15:00Z,7204,7198,St. Louis City SC,FC Cincinnati,,
U19,Central (Pro Player Pathway),29166,2026-10-31T14:00Z,6130,7198,Sporting Kansas City,FC Cincinnati,,
U19,Central (Pro Player Pathway),29163,2026-10-31T16:00Z,7226,5851,Colorado Rapids,Chicago Fire FC,,
U19,Central (Pro Player Pathway),29564,2026-11-07T15:00Z,5671,7204,Minnesota United FC,St. Louis City SC,,
U19,Central (Pro Player Pathway),29561,2026-11-07T16:00Z,5851,7230,Chicago Fire FC,Columbus Crew,,
U19,Central (Pro Player Pathway),29997,2026-11-14T14:00Z,7198,7226,FC Cincinnati,Colorado Rapids,,
U19,Central (Pro Player Pathway),29994,2026-11-14T15:00Z,7230,5671,Columbus Crew,Minnesota United FC,,
U19,Central (Pro Player Pathway),30463,2026-11-21T16:00Z,7204,5851,St. Louis City SC,Chicago Fire FC,,
U19,Central (Pro Player Pathway),30460,2026-11-21T17:00Z,7226,6130,Colorado Rapids,Sporting Kansas City,,
U19,Central (Pro Player Pathway),32072,2027-02-20,7230,7198,Columbus Crew,FC Cincinnati,,
U19,Central (Pro Player Pathway),32075,2027-02-20,7226,5671,Colorado Rapids,Minnesota United FC,,
U19,Central (Pro Player Pathway),32069,2027-02-20T16:00Z,5851,7204,Chicago Fire FC,St. Louis City SC,,
U19,Central (Pro Player Pathway),32498,2027-02-27T15:00Z,5671,6130,Minnesota United FC,Sporting Kansas City,,
U19,Central (Pro Player Pathway),32495,2027-02-27T17:00Z,7226,7198,Colorado Rapids,FC Cincinnati,,
U19,Central (Pro Player Pathway),32938,2027-03-06,7204,7230,St. Louis City SC,Columbus Crew,,
U19,Central (Pro Player Pathway),33368,2027-03-13,7230,7226,Columbus Crew,Colorado Rapids,,
U19,Central (Pro Player Pathway),33371,2027-03-13,7198,6130,FC Cincinnati,Sporting Kansas City,,
U19,Central (Pro Player Pathway),34944,2027-04-10,7204,6130,St. Louis City SC,Sporting Kansas City,,
U19,Central (Pro Player Pathway),34941,2027-04-10T14:00Z,5671,5851,Minnesota United FC,Chicago Fire FC,,
U19,Central (Pro Player Pathway),35334,2027-04-17,7230,5851,Columbus Crew,Chicago Fire FC,,
U19,Central (Pro Player Pathway),35337,2027-04-17,6130,7226,Sporting Kansas City,Colorado Rapids,,
U19,Central (Pro Player Pathway),35340,2027-04-17,7204,5671,St. Louis City SC,Minnesota United FC,,
U19,Central (Pro Player Pathway),35801,2027-04-24,5671,7230,Minnesota United FC,Columbus Crew,,
U19,Central (Pro Player Pathway),35798,2027-04-24T15:00Z,5851,7198,Chicago Fire FC,FC Cincinnati,,
U19,Central (Pro Player Pathway),36264,2027-05-08,7198,7204,FC Cincinnati,St. Louis City SC,,
U19,Central (Pro Player Pathway),36267,2027-05-08,6130,7230,Sporting Kansas City,Columbus Crew,,
U19,Central (Pro Player Pathway),36261,2027-05-08T15:00Z,5851,7226,Chicago Fire FC,Colorado Rapids,,
U19,Central (Pro Player Pathway),36617,2027-05-15,7226,7204,Colorado Rapids,St. Louis City SC,,
U19,Central (Pro Player Pathway),36620,2027-05-15,7198,5671,FC Cincinnati,Minnesota United FC,,
U19,Central (Pro Player Pathway),36623,2027-05-15,6130,5851,Sporting Kansas City,Chicago Fire FC,,
U19,Florida,26016,2026-09-05T14:00Z,9752,6131,Orlando City Soccer School South,Tampa Bay United,0,2
U19,Florida,26028,2026-09-05T16:00Z,5755,10494,Sol SC Florida,One FC,6,1
U19,Florida,26423,2026-09-12T16:00Z,5848,5950,West Florida Flames,Athletum FC Academy,0,5
U19,Florida,27287,2026-09-26T17:00Z,5770,5967,South Florida Football Academy,Miami Futbol Academy Rush,1,2
U19,Florida,29588,2026-10-11T16:00Z,5755,5814,Sol SC Florida,Jacksonville FC,,
U19,Florida,28272,2026-10-17T15:00Z,5848,9729,West Florida Flames,IdeaSport SA,,
U19,Florida,28252,2026-10-17T16:30Z,5967,5755,Miami Futbol Academy Rush,Sol SC Florida,,
U19,Florida,29184,2026-10-31T14:00Z,5755,5790,Sol SC Florida,Seminole United,,
U19,Florida,29190,2026-11-01T20:00Z,6131,5814,Tampa Bay United,Jacksonville FC,,
U19,Florida,29570,2026-11-07T17:00Z,5950,6131,Athletum FC Academy,Tampa Bay United,,
U19,Florida,30033,2026-11-14T16:00Z,5848,6131,West Florida Flames,Tampa Bay United,,
U19,Florida,30015,2026-11-14T17:30Z,5814,5950,Jacksonville FC,Athletum FC Academy,,
U19,Florida,29600,2026-11-15T22:00Z,5715,5791,Weston FC,IMG,,
U19,Florida,30489,2026-11-21T18:00Z,9752,5814,Orlando City Soccer School South,Jacksonville FC,,
U19,Florida,30481,2026-11-21T22:00Z,10494,5790,One FC,Seminole United,,
U19,Florida,29594,2026-12-19T18:00Z,5770,9752,South Florida Football Academy,Orlando City Soccer School South,,
U19,Florida,30953,2027-01-09,5967,9752,Miami Futbol Academy Rush,Orlando City Soccer School South,,
U19,Florida,30963,2027-01-09,5770,9729,South Florida Football Academy,IdeaSport SA,,
U19,Florida,31053,2027-01-16,9729,5715,IdeaSport SA,Weston FC,,
U19,Florida,31059,2027-01-16,10494,5950,One FC,Athletum FC Academy,,
U19,Florida,31071,2027-01-16,5790,5967,Seminole United,Miami Futbol Academy Rush,,
U19,Florida,31421,2027-01-30T17:00Z,5791,5814,IMG,Jacksonville FC,,
U19,Florida,31617,2027-02-06,9729,6131,IdeaSport SA,Tampa Bay United,,
U19,Florida,31611,2027-02-06T15:00Z,5791,5790,IMG,Seminole United,,
U19,Florida,31623,2027-02-06T17:30Z,5814,10494,Jacksonville FC,One FC,,
U19,Florida,31635,2027-02-06T18:00Z,5848,5967,West Florida Flames,Miami Futbol Academy Rush,,
U19,Florida,34218,2027-02-07T17:00Z,9752,5715,Orlando City Soccer School South,Weston FC,,
U19,Florida,30027,2027-02-20T16:00Z,5790,9752,Seminole United,Orlando City Soccer School South,,
U19,Florida,32510,2027-02-27T14:00Z,5791,5848,IMG,West Florida Flames,,
U19,Florida,32950,2027-03-06,9729,9752,IdeaSport SA,Orlando City Soccer School South,,
U19,Florida,32958,2027-03-06,5967,5715,Miami Futbol Academy Rush,Weston FC,,
U19,Florida,32968,2027-03-06,6131,5770,Tampa Bay United,South Florida Football Academy,,
U19,Florida,32944,2027-03-06T17:00Z,5791,10494,IMG,One FC,,
U19,Florida,33377,2027-03-13,5950,5715,Athletum FC Academy,Weston FC,,
U19,Florida,33387,2027-03-13,10494,5967,One FC,Miami Futbol Academy Rush,,
U19,Florida,33401,2027-03-13,9729,5755,IdeaSport SA,Sol SC Florida,,
U19,Florida,33807,2027-03-20T14:00Z,5848,5755,West Florida Flames,Sol SC Florida,,
U19,Florida,33813,2027-03-20T17:00Z,5715,5770,Weston FC,South Florida Football Academy,,
U19,Florida,34224,2027-03-27,5755,5791,Sol SC Florida,IMG,,
U19,Florida,34504,2027-04-03,5950,5755,Athletum FC Academy,Sol SC Florida,,
U19,Florida,34510,2027-04-03,5791,5770,IMG,South Florida Football Academy,,
U19,Florida,34516,2027-04-03,5967,5814,Miami Futbol Academy Rush,Jacksonville FC,,
U19,Florida,34524,2027-04-03,5790,9729,Seminole United,IdeaSport SA,,
U19,Florida,34530,2027-04-03,6131,10494,Tampa Bay United,One FC,,
U19,Florida,34536,2027-04-03T15:00Z,5848,9752,West Florida Flames,Orlando City Soccer School South,,
U19,Florida,34950,2027-04-10,5950,9729,Athletum FC Academy,IdeaSport SA,,
U19,Florida,34956,2027-04-10,5790,5814,Seminole United,Jacksonville FC,,
U19,Florida,34962,2027-04-10,10494,5770,One FC,South Florida Football Academy,,
U19,Florida,34974,2027-04-10,5755,6131,Sol SC Florida,Tampa Bay United,,
U19,Florida,34968,2027-04-10T19:00Z,9752,5791,Orlando City Soccer School South,IMG,,
U19,Florida,34980,2027-04-10T21:00Z,5715,5848,Weston FC,West Florida Flames,,
U19,Florida,32109,2027-04-11T17:00Z,5770,5848,South Florida Football Academy,West Florida Flames,,
U19,Florida,35346,2027-04-17,5791,5950,IMG,Athletum FC Academy,,
U19,Florida,35352,2027-04-17,9729,5967,IdeaSport SA,Miami Futbol Academy Rush,,
U19,Florida,35364,2027-04-17,5770,5755,South Florida Football Academy,Sol SC Florida,,
U19,Florida,35370,2027-04-17,6131,5790,Tampa Bay United,Seminole United,,
U19,Florida,35358,2027-04-17T18:00Z,9752,10494,Orlando City Soccer School South,One FC,,
U19,Florida,35376,2027-04-17T20:00Z,5715,5814,Weston FC,Jacksonville FC,,
U19,Florida,35807,2027-04-24,5950,9752,Athletum FC Academy,Orlando City Soccer School South,,
U19,Florida,35813,2027-04-24,5814,5848,Jacksonville FC,West Florida Flames,,
U19,Florida,35819,2027-04-24,5967,5791,Miami Futbol Academy Rush,IMG,,
U19,Florida,35825,2027-04-24,10494,9729,One FC,IdeaSport SA,,
U19,Florida,35831,2027-04-24,5790,5770,Seminole United,South Florida Football Academy,,
U19,Florida,35837,2027-04-24,6131,5715,Tampa Bay United,Weston FC,,
U19,Florida,36273,2027-05-08,5950,5967,Athletum FC Academy,Miami Futbol Academy Rush,,
U19,Florida,36279,2027-05-08,5814,9729,Jacksonville FC,IdeaSport SA,,
U19,Florida,36295,2027-05-08,6131,5791,Tampa Bay United,IMG,,
U19,Florida,36285,2027-05-08T18:00Z,9752,5755,Orlando City Soccer School South,Sol SC Florida,,
U19,Florida,36301,2027-05-08T18:00Z,5715,10494,Weston FC,One FC,,
U19,Florida,36629,2027-05-15,9729,5791,IdeaSport SA,IMG,,
U19,Florida,36635,2027-05-15,5814,5770,Jacksonville FC,South Florida Football Academy,,
U19,Florida,36641,2027-05-15,5967,6131,Miami Futbol Academy Rush,Tampa Bay United,,
U19,Florida,36647,2027-05-15,10494,5848,One FC,West Florida Flames,,
U19,Florida,36653,2027-05-15,5790,5950,Seminole United,Athletum FC Academy,,
U19,Florida,36659,2027-05-15T20:00Z,5755,5715,Sol SC Florida,Weston FC,,
U19,Florida,29582,2027-06-08T16:00Z,5790,5848,Seminole United,West Florida Flames,,
U19,Florida,26034,2027-06-08T17:00Z,5770,5950,South Florida Football Academy,Athletum FC Academy,2,1
U19,Florida,26429,2027-06-08T21:00Z,5715,5790,Weston FC,Seminole United,,
U19,Frontier,27311,2026-09-26T19:00Z,6342,10489,GFI Academy,SGA,4,0
U19,Frontier,27305,2026-09-26T21:00Z,7153,5928,AC River,Houston Rangers,1,6
U19,Frontier,34020,2026-10-10T15:00Z,6313,8105,Capital City SC,Tulsa Greenwood SC,,
U19,Frontier,28278,2026-10-17T20:00Z,6157,10489,Dallas Hornets,SGA,,
U19,Frontier,28506,2026-10-18T18:00Z,5928,8105,Houston Rangers,Tulsa Greenwood SC,,
U19,Frontier,33185,2026-10-18T20:00Z,9668,7153,ALBION SC Colorado,AC River,,
U19,Frontier,29013,2026-10-25T18:00Z,8105,9668,Tulsa Greenwood SC,ALBION SC Colorado,,
U19,Frontier,29606,2026-11-07T21:30Z,9668,6157,ALBION SC Colorado,Dallas Hornets,,
U19,Frontier,30513,2026-11-21T16:00Z,6313,9668,Capital City SC,ALBION SC Colorado,,
U19,Frontier,31646,2027-02-06T20:00Z,6342,7153,GFI Academy,AC River,,
U19,Frontier,31822,2027-02-13,6157,6342,Dallas Hornets,GFI Academy,,
U19,Frontier,31833,2027-02-13,10489,5928,SGA,Houston Rangers,,
U19,Frontier,32549,2027-02-27,6342,6313,GFI Academy,Capital City SC,,
U19,Frontier,32980,2027-03-06,9668,10489,ALBION SC Colorado,SGA,,
U19,Frontier,32990,2027-03-06,5928,6157,Houston Rangers,Dallas Hornets,,
U19,Frontier,33831,2027-03-20,5928,9668,Houston Rangers,ALBION SC Colorado,,
U19,Frontier,34236,2027-03-27,6313,5928,Capital City SC,Houston Rangers,,
U19,Frontier,34242,2027-03-27,8105,6342,Tulsa Greenwood SC,GFI Academy,,
U19,Frontier,34554,2027-04-03,8105,10489,Tulsa Greenwood SC,SGA,,
U19,Frontier,34542,2027-04-03T15:00Z,7153,6313,AC River,Capital City SC,,
U19,Frontier,34986,2027-04-10,6157,7153,Dallas Hornets,AC River,,
U19,Frontier,34026,2027-04-17T18:00Z,6342,9668,GFI Academy,ALBION SC Colorado,,
U19,Frontier,35844,2027-04-24,5928,6342,Houston Rangers,GFI Academy,,
U19,Frontier,35850,2027-04-24,10489,7153,SGA,AC River,,
U19,Frontier,35856,2027-04-24,8105,6157,Tulsa Greenwood SC,Dallas Hornets,,
U19,Frontier,36023,2027-04-25,10489,6313,SGA,Capital City SC,,
U19,Frontier,36307,2027-05-01T19:00Z,7153,8105,AC River,Tulsa Greenwood SC,,
U19,Frontier,36313,2027-05-08,6157,6313,Dallas Hornets,Capital City SC,,
U19,Mid-America,26040,2026-09-05T14:00Z,5980,7167,Bavarian United SC,Hoosier Premier,1,1
U19,Mid-America,32560,2026-09-05T17:00Z,6078,9716,Chicago FC United,Cincinnati United Soccer Club,2,2
U19,Mid-America,26217,2026-09-06T14:00Z,6219,7167,SC Wave,Hoosier Premier,1,0
U19,Mid-America,32768,2026-09-06T15:00Z,6032,9716,Sockers FC Chicago,Cincinnati United Soccer Club,4,1
U19,Mid-America,32133,2026-09-06T16:00Z,6251,6005,Midwest United FC,Vardar Soccer Club,0,2
U19,Mid-America,26460,2026-09-12T15:00Z,9662,6219,AC Grand Rapids,SC Wave,2,2
U19,Mid-America,26629,2026-09-13T13:00Z,6251,6219,Midwest United FC,SC Wave,0,0
U19,Mid-America,27337,2026-09-26T17:00Z,7167,10502,Hoosier Premier,Club Ohio,2,1
U19,Mid-America,27333,2026-09-26T18:00Z,5993,6005,St. Louis Scott Gallagher,Vardar Soccer Club,2,1
U19,Mid-America,27322,2026-09-26T20:00Z,6078,5994,Chicago FC United,Michigan Jaguars,5,0
U19,Mid-America,27519,2026-09-27T19:00Z,6229,6005,Lou Fusz Athletic,Vardar Soccer Club,5,4
U19,Mid-America,27755,2026-10-03T15:00Z,5699,6077,Michigan Wolves,Shattuck-St. Mary's,,
U19,Mid-America,27761,2026-10-03T15:00Z,6032,9662,Sockers FC Chicago,AC Grand Rapids,,
U19,Mid-America,27974,2026-10-04T16:00Z,6078,9662,Chicago FC United,AC Grand Rapids,,
U19,Mid-America,28179,2026-10-10T14:00Z,6077,6229,Shattuck-St. Mary's,Lou Fusz Athletic,,
U19,Mid-America,28222,2026-10-11T14:00Z,6077,6117,Shattuck-St. Mary's,Indy Eleven,,
U19,Mid-America,28296,2026-10-17T14:00Z,5980,6032,Bavarian United SC,Sockers FC Chicago,,
U19,Mid-America,28304,2026-10-17T16:00Z,5699,9716,Michigan Wolves,Cincinnati United Soccer Club,,
U19,Mid-America,28525,2026-10-18T13:00Z,6005,6117,Vardar Soccer Club,Indy Eleven,,
U19,Mid-America,28512,2026-10-18T20:00Z,5980,5994,Bavarian United SC,Michigan Jaguars,,
U19,Mid-America,29043,2026-10-24T14:00Z,6219,5699,SC Wave,Michigan Wolves,,
U19,Mid-America,28800,2026-10-24T15:00Z,6117,6078,Indy Eleven,Chicago FC United,,
U19,Mid-America,28786,2026-10-24T15:30Z,9716,6229,Cincinnati United Soccer Club,Lou Fusz Athletic,,
U19,Mid-America,28792,2026-10-24T15:45Z,10502,5994,Club Ohio,Michigan Jaguars,,
U19,Mid-America,29019,2026-10-25T13:30Z,9716,5980,Cincinnati United Soccer Club,Bavarian United SC,,
U19,Mid-America,29037,2026-10-25T15:00Z,6117,6251,Indy Eleven,Midwest United FC,,
U19,Mid-America,29025,2026-10-25T15:45Z,10502,6229,Club Ohio,Lou Fusz Athletic,,
U19,Mid-America,29031,2026-10-25T17:00Z,7167,6078,Hoosier Premier,Chicago FC United,,
U19,Mid-America,29049,2026-10-25T18:00Z,5993,9662,St. Louis Scott Gallagher,AC Grand Rapids,,
U19,Mid-America,29225,2026-10-31T15:00Z,6117,9716,Indy Eleven,Cincinnati United Soccer Club,,
U19,Mid-America,29627,2026-11-07T15:00Z,9716,6005,Cincinnati United Soccer Club,Vardar Soccer Club,,
U19,Mid-America,32139,2026-11-07T18:00Z,6219,10502,SC Wave,Club Ohio,,
U19,Mid-America,29637,2026-11-07T21:45Z,6077,6078,Shattuck-St. Mary's,Chicago FC United,,
U19,Mid-America,32334,2026-11-08T14:00Z,5980,10502,Bavarian United SC,Club Ohio,,
U19,Mid-America,29842,2026-11-08T19:00Z,5993,6032,St. Louis Scott Gallagher,Sockers FC Chicago,,
U19,Mid-America,30066,2026-11-14T14:00Z,5994,6219,Michigan Jaguars,SC Wave,,
U19,Mid-America,30058,2026-11-14T14:45Z,10502,6032,Club Ohio,Sockers FC Chicago,,
U19,Mid-America,30072,2026-11-14T19:00Z,5993,5980,St. Louis Scott Gallagher,Bavarian United SC,,
U19,Mid-America,30295,2026-11-15T14:00Z,6005,6219,Vardar Soccer Club,SC Wave,,
U19,Mid-America,30280,2026-11-15T14:45Z,10502,6078,Club Ohio,Chicago FC United,,
U19,Mid-America,30548,2026-11-21T15:00Z,6251,5699,Midwest United FC,Michigan Wolves,,
U19,Mid-America,30552,2026-11-21T16:00Z,6032,6077,Sockers FC Chicago,Shattuck-St. Mary's,,
U19,Mid-America,30540,2026-11-21T17:00Z,9662,10502,AC Grand Rapids,Club Ohio,,
U19,Mid-America,30534,2026-11-21T20:00Z,6229,5980,Lou Fusz Athletic,Bavarian United SC,,
U19,Mid-America,30784,2026-11-22T19:00Z,7167,6005,Hoosier Premier,Vardar Soccer Club,,
U19,Mid-America,34782,2027-02-20T15:00Z,6077,6251,Shattuck-St. Mary's,Midwest United FC,,
U19,Mid-America,32147,2027-02-20T19:00Z,5993,5699,St. Louis Scott Gallagher,Michigan Wolves,,
U19,Mid-America,32342,2027-02-21,5994,6251,Michigan Jaguars,Midwest United FC,,
U19,Mid-America,32569,2027-02-27,9662,5994,AC Grand Rapids,Michigan Jaguars,,
U19,Mid-America,32759,2027-02-28,6078,6229,Chicago FC United,Lou Fusz Athletic,,
U19,Mid-America,33006,2027-03-06,10502,6251,Club Ohio,Midwest United FC,,
U19,Mid-America,33012,2027-03-06,6117,7167,Indy Eleven,Hoosier Premier,,
U19,Mid-America,33197,2027-03-07,7167,9662,Hoosier Premier,AC Grand Rapids,,
U19,Mid-America,33205,2027-03-07,6229,5993,Lou Fusz Athletic,St. Louis Scott Gallagher,,
U19,Mid-America,29836,2027-03-07T17:00Z,5699,10502,Michigan Wolves,Club Ohio,,
U19,Mid-America,33428,2027-03-13,9662,6117,AC Grand Rapids,Indy Eleven,,
U19,Mid-America,33850,2027-03-20,6229,6219,Lou Fusz Athletic,SC Wave,,
U19,Mid-America,33856,2027-03-20,9662,5699,AC Grand Rapids,Michigan Wolves,,
U19,Mid-America,33844,2027-03-20T15:00Z,6117,5994,Indy Eleven,Michigan Jaguars,,
U19,Mid-America,33860,2027-03-20T16:00Z,5993,6077,St. Louis Scott Gallagher,Shattuck-St. Mary's,,
U19,Mid-America,35010,2027-03-20T18:00Z,6251,7167,Midwest United FC,Hoosier Premier,,
U19,Mid-America,34032,2027-03-21,6078,6251,Chicago FC United,Midwest United FC,,
U19,Mid-America,34252,2027-03-27,9716,6077,Cincinnati United Soccer Club,Shattuck-St. Mary's,,
U19,Mid-America,34260,2027-03-27,9662,6229,AC Grand Rapids,Lou Fusz Athletic,,
U19,Mid-America,34266,2027-03-27,5994,6032,Michigan Jaguars,Sockers FC Chicago,,
U19,Mid-America,34560,2027-04-03,6078,5980,Chicago FC United,Bavarian United SC,,
U19,Mid-America,34566,2027-04-03,6229,7167,Lou Fusz Athletic,Hoosier Premier,,
U19,Mid-America,34572,2027-04-03,5994,9716,Michigan Jaguars,Cincinnati United Soccer Club,,
U19,Mid-America,34582,2027-04-03,6032,5699,Sockers FC Chicago,Michigan Wolves,,
U19,Mid-America,34772,2027-04-04,6078,5993,Chicago FC United,St. Louis Scott Gallagher,,
U19,Mid-America,34778,2027-04-04,6229,6117,Lou Fusz Athletic,Indy Eleven,,
U19,Mid-America,34788,2027-04-04,6032,6005,Sockers FC Chicago,Vardar Soccer Club,,
U19,Mid-America,34248,2027-04-04T14:00Z,5980,6219,Bavarian United SC,SC Wave,,
U19,Mid-America,35004,2027-04-10,5699,6117,Michigan Wolves,Indy Eleven,,
U19,Mid-America,34996,2027-04-10T14:00Z,5980,6077,Bavarian United SC,Shattuck-St. Mary's,,
U19,Mid-America,35162,2027-04-11,10502,9716,Club Ohio,Cincinnati United Soccer Club,,
U19,Mid-America,35168,2027-04-11,5994,5699,Michigan Jaguars,Michigan Wolves,,
U19,Mid-America,35174,2027-04-11,6251,9662,Midwest United FC,AC Grand Rapids,,
U19,Mid-America,35180,2027-04-11,6219,6032,SC Wave,Sockers FC Chicago,,
U19,Mid-America,35387,2027-04-17,9716,6219,Cincinnati United Soccer Club,SC Wave,,
U19,Mid-America,35393,2027-04-17,7167,5993,Hoosier Premier,St. Louis Scott Gallagher,,
U19,Mid-America,35399,2027-04-17,6117,6032,Indy Eleven,Sockers FC Chicago,,
U19,Mid-America,35405,2027-04-17,6229,5994,Lou Fusz Athletic,Michigan Jaguars,,
U19,Mid-America,35411,2027-04-17,5699,5980,Michigan Wolves,Bavarian United SC,,
U19,Mid-America,35418,2027-04-17,6005,6078,Vardar Soccer Club,Chicago FC United,,
U19,Mid-America,34576,2027-04-17T14:00Z,6077,9662,Shattuck-St. Mary's,AC Grand Rapids,,
U19,Mid-America,35635,2027-04-18,7167,6032,Hoosier Premier,Sockers FC Chicago,,
U19,Mid-America,35647,2027-04-18,6229,6251,Lou Fusz Athletic,Midwest United FC,,
U19,Mid-America,35653,2027-04-18,5699,6078,Michigan Wolves,Chicago FC United,,
U19,Mid-America,35664,2027-04-18,6005,5980,Vardar Soccer Club,Bavarian United SC,,
U19,Mid-America,35657,2027-04-18T14:00Z,6077,10502,Shattuck-St. Mary's,Club Ohio,,
U19,Mid-America,35641,2027-04-18T15:00Z,6117,5993,Indy Eleven,St. Louis Scott Gallagher,,
U19,Mid-America,35862,2027-04-24,9716,9662,Cincinnati United Soccer Club,AC Grand Rapids,,
U19,Mid-America,35868,2027-04-24,5994,7167,Michigan Jaguars,Hoosier Premier,,
U19,Mid-America,35873,2027-04-24,6005,6077,Vardar Soccer Club,Shattuck-St. Mary's,,
U19,Mid-America,36055,2027-04-24T14:00Z,6219,5993,SC Wave,St. Louis Scott Gallagher,,
U19,Mid-America,36031,2027-04-25,9716,6251,Cincinnati United Soccer Club,Midwest United FC,,
U19,Mid-America,36037,2027-04-25,10502,6117,Club Ohio,Indy Eleven,,
U19,Mid-America,36043,2027-04-25,5994,6077,Michigan Jaguars,Shattuck-St. Mary's,,
U19,Mid-America,36049,2027-04-25,5699,6005,Michigan Wolves,Vardar Soccer Club,,
U19,Mid-America,36061,2027-04-25,6032,6078,Sockers FC Chicago,Chicago FC United,,
U19,Mid-America,36326,2027-05-08,9716,7167,Cincinnati United Soccer Club,Hoosier Premier,,
U19,Mid-America,36332,2027-05-08,9662,5980,AC Grand Rapids,Bavarian United SC,,
U19,Mid-America,36338,2027-05-08,5994,5993,Michigan Jaguars,St. Louis Scott Gallagher,,
U19,Mid-America,36344,2027-05-08,5699,6229,Michigan Wolves,Lou Fusz Athletic,,
U19,Mid-America,36350,2027-05-08,6251,6032,Midwest United FC,Sockers FC Chicago,,
U19,Mid-America,36354,2027-05-08,6219,6077,SC Wave,Shattuck-St. Mary's,,
U19,Mid-America,36362,2027-05-08,6005,10502,Vardar Soccer Club,Club Ohio,,
U19,Mid-America,34272,2027-05-09T14:00Z,6251,5993,Midwest United FC,St. Louis Scott Gallagher,,
U19,Mid-America,36671,2027-05-15,7167,5699,Hoosier Premier,Michigan Wolves,,
U19,Mid-America,36677,2027-05-15,6219,6078,SC Wave,Chicago FC United,,
U19,Mid-America,36690,2027-05-15,6005,5994,Vardar Soccer Club,Michigan Jaguars,,
U19,Mid-America,36665,2027-05-15T14:00Z,5980,6117,Bavarian United SC,Indy Eleven,,
U19,Mid-America,36684,2027-05-15T18:00Z,5993,9716,St. Louis Scott Gallagher,Cincinnati United Soccer Club,,
U19,Mid-America,36819,2027-05-16,7167,6077,Hoosier Premier,Shattuck-St. Mary's,,
U19,Mid-America,36825,2027-05-16,6219,6117,SC Wave,Indy Eleven,,
U19,Mid-America,36831,2027-05-16,6032,6229,Sockers FC Chicago,Lou Fusz Athletic,,
U19,Mid-America,36844,2027-05-16,6005,9662,Vardar Soccer Club,AC Grand Rapids,,
U19,Mid-America,36838,2027-05-16T18:00Z,5993,10502,St. Louis Scott Gallagher,Club Ohio,,
U19,Mid-America,36815,2027-05-16T20:00Z,5980,6251,Bavarian United SC,Midwest United FC,,
U19,Mid-Atlantic,26170,2026-09-05T14:00Z,9735,8106,Keystone FC,Beadling SC,0,5
U19,Mid-Atlantic,26488,2026-09-06T16:00Z,9735,6084,Keystone FC,Alexandria SA,0,2
U19,Mid-Atlantic,26553,2026-09-06T22:00Z,10466,8106,Penn Rising XI,Beadling SC,1,0
U19,Mid-Atlantic,26677,2026-09-12T18:00Z,6239,6137,Baltimore Armour,Players Development Academy,1,2
U19,Mid-Atlantic,27149,2026-09-19T14:00Z,10496,5892,Coppermine SC,PA Classics,0,11
U19,Mid-Atlantic,27148,2026-09-19T17:30Z,6271,5881,Achilles FC,Cedar Stars Academy Monmouth,5,2
U19,Mid-Atlantic,27151,2026-09-19T20:00Z,6091,5681,Sporting Athletic Club,FC DELCO,0,1
U19,Mid-Atlantic,28425,2026-09-20T15:00Z,9650,10466,The Football Academy,Penn Rising XI,0,5
U19,Mid-Atlantic,27445,2026-09-20T17:00Z,10496,5681,Coppermine SC,FC DELCO,0,7
U19,Mid-Atlantic,27451,2026-09-20T18:00Z,6091,5881,Sporting Athletic Club,Cedar Stars Academy Monmouth,3,1
U19,Mid-Atlantic,34316,2026-09-27T18:00Z,6084,6091,Alexandria SA,Sporting Athletic Club,2,2
U19,Mid-Atlantic,28094,2026-10-03T14:00Z,6137,6271,Players Development Academy,Achilles FC,,
U19,Mid-Atlantic,28416,2026-10-03T17:00Z,8106,5892,Beadling SC,PA Classics,,
U19,Mid-Atlantic,28036,2026-10-03T19:00Z,5681,6177,FC DELCO,Bethesda SC,,
U19,Mid-Atlantic,32039,2026-10-03T20:00Z,6239,9735,Baltimore Armour,Keystone FC,,
U19,Mid-Atlantic,28041,2026-10-03T22:00Z,6084,10496,Alexandria SA,Coppermine SC,,
U19,Mid-Atlantic,28422,2026-10-04T17:30Z,5666,6271,Real Futbol Academy,Achilles FC,,
U19,Mid-Atlantic,28333,2026-10-04T18:00Z,6239,9674,Baltimore Armour,Northern Virginia Alliance,,
U19,Mid-Atlantic,28424,2026-10-04T18:00Z,6163,6091,Springfield SYC,Sporting Athletic Club,,
U19,Mid-Atlantic,26486,2026-10-10T20:00Z,5681,9674,FC DELCO,Northern Virginia Alliance,,
U19,Mid-Atlantic,28632,2026-10-17T16:15Z,5892,5881,PA Classics,Cedar Stars Academy Monmouth,,
U19,Mid-Atlantic,28581,2026-10-17T17:00Z,8106,6271,Beadling SC,Achilles FC,,
U19,Mid-Atlantic,28937,2026-10-17T18:00Z,6091,9735,Sporting Athletic Club,Keystone FC,,
U19,Mid-Atlantic,28634,2026-10-17T22:00Z,5666,6239,Real Futbol Academy,Baltimore Armour,,
U19,Mid-Atlantic,28934,2026-10-18T14:00Z,6137,9650,Players Development Academy,The Football Academy,,
U19,Mid-Atlantic,28935,2026-10-18T19:00Z,5666,6177,Real Futbol Academy,Bethesda SC,,
U19,Mid-Atlantic,28633,2026-10-18T23:00Z,10466,5681,Penn Rising XI,FC DELCO,,
U19,Mid-Atlantic,29133,2026-10-24T17:00Z,9674,6137,Northern Virginia Alliance,Players Development Academy,,
U19,Mid-Atlantic,29434,2026-10-25T17:00Z,9674,10466,Northern Virginia Alliance,Penn Rising XI,,
U19,Mid-Atlantic,29429,2026-10-25T18:00Z,6084,6137,Alexandria SA,Players Development Academy,,
U19,Mid-Atlantic,29498,2026-10-31T23:00Z,5881,9674,Cedar Stars Academy Monmouth,Northern Virginia Alliance,,
U19,Mid-Atlantic,29865,2026-11-01T18:30Z,5666,9674,Real Futbol Academy,Northern Virginia Alliance,,
U19,Mid-Atlantic,29867,2026-11-01T19:00Z,6163,10496,Springfield SYC,Coppermine SC,,
U19,Mid-Atlantic,34319,2026-11-07T17:00Z,9735,9674,Keystone FC,Northern Virginia Alliance,,
U19,Mid-Atlantic,29940,2026-11-07T18:15Z,6177,9650,Bethesda SC,The Football Academy,,
U19,Mid-Atlantic,30335,2026-11-08T17:15Z,6163,5892,Springfield SYC,PA Classics,,
U19,Mid-Atlantic,30327,2026-11-08T18:15Z,6177,10466,Bethesda SC,Penn Rising XI,,
U19,Mid-Atlantic,30332,2026-11-08T19:00Z,9735,5666,Keystone FC,Real Futbol Academy,,
U19,Mid-Atlantic,30331,2026-11-08T20:00Z,5681,6271,FC DELCO,Achilles FC,,
U19,Mid-Atlantic,30696,2026-11-15T18:00Z,5681,6239,FC DELCO,Baltimore Armour,,
U19,Mid-Atlantic,32801,2026-11-15T18:00Z,8106,6091,Beadling SC,Sporting Athletic Club,,
U19,Mid-Atlantic,30405,2026-11-15T18:30Z,9650,6239,The Football Academy,Baltimore Armour,,
U19,Mid-Atlantic,30319,2026-11-15T22:00Z,5881,9735,Cedar Stars Academy Monmouth,Keystone FC,,
U19,Mid-Atlantic,31854,2026-11-21T01:00Z,6177,6163,Bethesda SC,Springfield SYC,,
U19,Mid-Atlantic,30827,2026-11-21T15:00Z,10496,6239,Coppermine SC,Baltimore Armour,,
U19,Mid-Atlantic,31900,2026-11-22T16:00Z,5892,9650,PA Classics,The Football Academy,,
U19,Mid-Atlantic,31853,2026-11-22T18:00Z,8106,5881,Beadling SC,Cedar Stars Academy Monmouth,,
U19,Mid-Atlantic,32045,2027-02-13,6163,9674,Springfield SYC,Northern Virginia Alliance,,
U19,Mid-Atlantic,32384,2027-02-20,6177,6084,Bethesda SC,Alexandria SA,,
U19,Mid-Atlantic,32386,2027-02-20,9735,10496,Keystone FC,Coppermine SC,,
U19,Mid-Atlantic,32689,2027-02-21,5881,6137,Cedar Stars Academy Monmouth,Players Development Academy,,
U19,Mid-Atlantic,32692,2027-02-21,10466,10496,Penn Rising XI,Coppermine SC,,
U19,Mid-Atlantic,32694,2027-02-21,5666,5892,Real Futbol Academy,PA Classics,,
U19,Mid-Atlantic,32696,2027-02-21T19:00Z,6091,9674,Sporting Athletic Club,Northern Virginia Alliance,,
U19,Mid-Atlantic,32799,2027-02-27,6271,9650,Achilles FC,The Football Academy,,
U19,Mid-Atlantic,33039,2027-02-28,10496,6177,Coppermine SC,Bethesda SC,,
U19,Mid-Atlantic,33040,2027-02-28,5892,6239,PA Classics,Baltimore Armour,,
U19,Mid-Atlantic,33242,2027-03-06,6084,5681,Alexandria SA,FC DELCO,,
U19,Mid-Atlantic,33289,2027-03-06,6137,10496,Players Development Academy,Coppermine SC,,
U19,Mid-Atlantic,33290,2027-03-06,6163,5666,Springfield SYC,Real Futbol Academy,,
U19,Mid-Atlantic,33291,2027-03-06,9650,8106,The Football Academy,Beadling SC,,
U19,Mid-Atlantic,33646,2027-03-07,6084,5666,Alexandria SA,Real Futbol Academy,,
U19,Mid-Atlantic,33647,2027-03-07,5881,6177,Cedar Stars Academy Monmouth,Bethesda SC,,
U19,Mid-Atlantic,33652,2027-03-07,6137,8106,Players Development Academy,Beadling SC,,
U19,Mid-Atlantic,33654,2027-03-07,6163,5681,Springfield SYC,FC DELCO,,
U19,Mid-Atlantic,33655,2027-03-07,9650,10496,The Football Academy,Coppermine SC,,
U19,Mid-Atlantic,33448,2027-03-13,6177,8106,Bethesda SC,Beadling SC,,
U19,Mid-Atlantic,33864,2027-03-13,5681,5892,FC DELCO,PA Classics,,
U19,Mid-Atlantic,33866,2027-03-13T19:00Z,6091,6271,Sporting Athletic Club,Achilles FC,,
U19,Mid-Atlantic,33967,2027-03-14,6239,6084,Baltimore Armour,Alexandria SA,,
U19,Mid-Atlantic,33969,2027-03-14,5881,10466,Cedar Stars Academy Monmouth,Penn Rising XI,,
U19,Mid-Atlantic,34055,2027-03-14,5666,9650,Real Futbol Academy,The Football Academy,,
U19,Mid-Atlantic,33972,2027-03-14T22:00Z,6137,9735,Players Development Academy,Keystone FC,,
U19,Mid-Atlantic,34153,2027-03-20,5681,5881,FC DELCO,Cedar Stars Academy Monmouth,,
U19,Mid-Atlantic,34155,2027-03-20,9735,6163,Keystone FC,Springfield SYC,,
U19,Mid-Atlantic,34158,2027-03-20,5892,6137,PA Classics,Players Development Academy,,
U19,Mid-Atlantic,34317,2027-03-21,8106,5666,Beadling SC,Real Futbol Academy,,
U19,Mid-Atlantic,34321,2027-03-21T23:00Z,10466,6163,Penn Rising XI,Springfield SYC,,
U19,Mid-Atlantic,34695,2027-03-27,5892,6271,PA Classics,Achilles FC,,
U19,Mid-Atlantic,34698,2027-03-27,5666,5681,Real Futbol Academy,FC DELCO,,
U19,Mid-Atlantic,34701,2027-03-27,6163,6084,Springfield SYC,Alexandria SA,,
U19,Mid-Atlantic,34696,2027-03-27T06:00Z,6137,10466,Players Development Academy,Penn Rising XI,,
U19,Mid-Atlantic,34689,2027-03-27T16:00Z,8106,6239,Beadling SC,Baltimore Armour,,
U19,Mid-Atlantic,34700,2027-03-27T18:00Z,6091,6177,Sporting Athletic Club,Bethesda SC,,
U19,Mid-Atlantic,34803,2027-04-03,9650,6084,The Football Academy,Alexandria SA,,
U19,Mid-Atlantic,34694,2027-04-03T14:00Z,9674,10496,Northern Virginia Alliance,Coppermine SC,,
U19,Mid-Atlantic,34802,2027-04-03T16:00Z,6137,6091,Players Development Academy,Sporting Athletic Club,,
U19,Mid-Atlantic,35034,2027-04-04,6239,6177,Baltimore Armour,Bethesda SC,,
U19,Mid-Atlantic,35036,2027-04-04,5881,6084,Cedar Stars Academy Monmouth,Alexandria SA,,
U19,Mid-Atlantic,35037,2027-04-04,10496,6271,Coppermine SC,Achilles FC,,
U19,Mid-Atlantic,35040,2027-04-04,5892,9735,PA Classics,Keystone FC,,
U19,Mid-Atlantic,35042,2027-04-04,9650,6091,The Football Academy,Sporting Athletic Club,,
U19,Mid-Atlantic,35041,2027-04-04T23:00Z,10466,5666,Penn Rising XI,Real Futbol Academy,,
U19,Mid-Atlantic,35203,2027-04-10,6177,9674,Bethesda SC,Northern Virginia Alliance,,
U19,Mid-Atlantic,35207,2027-04-10,6137,6163,Players Development Academy,Springfield SYC,,
U19,Mid-Atlantic,35438,2027-04-11,6271,6239,Achilles FC,Baltimore Armour,,
U19,Mid-Atlantic,35439,2027-04-11,6084,8106,Alexandria SA,Beadling SC,,
U19,Mid-Atlantic,35440,2027-04-11,5881,6163,Cedar Stars Academy Monmouth,Springfield SYC,,
U19,Mid-Atlantic,35441,2027-04-11,10496,6091,Coppermine SC,Sporting Athletic Club,,
U19,Mid-Atlantic,35442,2027-04-11,5681,9650,FC DELCO,The Football Academy,,
U19,Mid-Atlantic,35444,2027-04-11,9735,10466,Keystone FC,Penn Rising XI,,
U19,Mid-Atlantic,35039,2027-04-11T16:00Z,9674,8106,Northern Virginia Alliance,Beadling SC,,
U19,Mid-Atlantic,35683,2027-04-17,6271,9735,Achilles FC,Keystone FC,,
U19,Mid-Atlantic,35684,2027-04-17,6084,5892,Alexandria SA,PA Classics,,
U19,Mid-Atlantic,35685,2027-04-17,6239,10466,Baltimore Armour,Penn Rising XI,,
U19,Mid-Atlantic,35686,2027-04-17,6177,6137,Bethesda SC,Players Development Academy,,
U19,Mid-Atlantic,35688,2027-04-17,10496,5881,Coppermine SC,Cedar Stars Academy Monmouth,,
U19,Mid-Atlantic,35689,2027-04-17T13:00Z,9674,9650,Northern Virginia Alliance,The Football Academy,,
U19,Mid-Atlantic,35690,2027-04-17T18:00Z,6091,5666,Sporting Athletic Club,Real Futbol Academy,,
U19,Mid-Atlantic,35972,2027-04-18,6271,10466,Achilles FC,Penn Rising XI,,
U19,Mid-Atlantic,35973,2027-04-18,6239,5881,Baltimore Armour,Cedar Stars Academy Monmouth,,
U19,Mid-Atlantic,35974,2027-04-18,8106,5681,Beadling SC,FC DELCO,,
U19,Mid-Atlantic,35975,2027-04-18,6177,9735,Bethesda SC,Keystone FC,,
U19,Mid-Atlantic,35977,2027-04-18,10496,5666,Coppermine SC,Real Futbol Academy,,
U19,Mid-Atlantic,35985,2027-04-18,6163,9650,Springfield SYC,The Football Academy,,
U19,Mid-Atlantic,35980,2027-04-18T13:00Z,9674,5892,Northern Virginia Alliance,PA Classics,,
U19,Mid-Atlantic,36140,2027-04-24,8106,10496,Beadling SC,Coppermine SC,,
U19,Mid-Atlantic,36143,2027-04-24,5892,6091,PA Classics,Sporting Athletic Club,,
U19,Mid-Atlantic,36145,2027-04-24,9650,9735,The Football Academy,Keystone FC,,
U19,Mid-Atlantic,36144,2027-04-24T23:00Z,10466,6084,Penn Rising XI,Alexandria SA,,
U19,Mid-Atlantic,36391,2027-04-25,6271,9674,Achilles FC,Northern Virginia Alliance,,
U19,Mid-Atlantic,36392,2027-04-25,6239,6163,Baltimore Armour,Springfield SYC,,
U19,Mid-Atlantic,36393,2027-04-25,5881,5666,Cedar Stars Academy Monmouth,Real Futbol Academy,,
U19,Mid-Atlantic,36394,2027-04-25,5681,6137,FC DELCO,Players Development Academy,,
U19,Mid-Atlantic,36398,2027-04-25,5892,6177,PA Classics,Bethesda SC,,
U19,Mid-Atlantic,36399,2027-04-25T23:00Z,10466,6091,Penn Rising XI,Sporting Athletic Club,,
U19,Mid-Atlantic,30826,2027-05-02,6271,6084,Achilles FC,Alexandria SA,,
U19,Mid-Atlantic,36728,2027-05-08,6271,6177,Achilles FC,Bethesda SC,,
U19,Mid-Atlantic,36730,2027-05-08,9735,5681,Keystone FC,FC DELCO,,
U19,Mid-Atlantic,36734,2027-05-08,5666,6137,Real Futbol Academy,Players Development Academy,,
U19,Mid-Atlantic,36784,2027-05-08,6163,8106,Springfield SYC,Beadling SC,,
U19,Mid-Atlantic,36785,2027-05-08,9650,5881,The Football Academy,Cedar Stars Academy Monmouth,,
U19,Mid-Atlantic,36731,2027-05-08T13:00Z,9674,6084,Northern Virginia Alliance,Alexandria SA,,
U19,Mid-Atlantic,36783,2027-05-08T18:00Z,6091,6239,Sporting Athletic Club,Baltimore Armour,,
U19,Mid-Atlantic,36732,2027-05-09T23:00Z,10466,5892,Penn Rising XI,PA Classics,,
U19,Mid-Atlantic,30694,2027-06-06,6271,6163,Achilles FC,Springfield SYC,,
U19,Northeast,26099,2026-09-05T22:00Z,5944,5746,New York SC,Bayside FC,2,1
U19,Northeast,26282,2026-09-06T19:00Z,9726,6023,FA Euro New York,Seacoast United,2,1
U19,Northeast,26298,2026-09-06T19:00Z,5944,10472,New York SC,The Island FC East,3,1
U19,Northeast,26276,2026-09-06T21:00Z,9723,9739,Downtown United Soccer Club,The Island FC West,2,6
U19,Northeast,26288,2026-09-06T23:45Z,6027,5826,Intercontinental Football Academy of New England,Metropolitan Oval,2,0
U19,Northeast,26715,2026-09-13T23:45Z,5826,9723,Metropolitan Oval,Downtown United Soccer Club,3,0
U19,Northeast,26943,2026-09-19T20:30Z,5660,9723,FC Westchester,Downtown United Soccer Club,3,1
U19,Northeast,26961,2026-09-19T22:45Z,5944,6101,New York SC,NEFC,2,2
U19,Northeast,26498,2026-09-20T18:30Z,10472,5704,The Island FC East,Blau Weiss Gottschee,1,1
U19,Northeast,27171,2026-09-20T19:00Z,9719,5826,Connecticut United FC,Metropolitan Oval,1,1
U19,Northeast,27177,2026-09-20T19:00Z,9726,10503,FA Euro New York,Valeo Futbol Club,1,0
U19,Northeast,27183,2026-09-20T20:30Z,5660,6101,FC Westchester,NEFC,0,3
U19,Northeast,27161,2026-09-20T22:45Z,5746,6189,Bayside FC,Beachside of Connecticut,3,0
U19,Northeast,27589,2026-09-27T23:45Z,5826,5704,Metropolitan Oval,Blau Weiss Gottschee,1,0
U19,Northeast,27818,2026-10-03T17:00Z,9705,10472,Ironbound Soccer Club,The Island FC East,,
U19,Northeast,27806,2026-10-03T18:00Z,9723,6189,Downtown United Soccer Club,Beachside of Connecticut,,
U19,Northeast,27812,2026-10-03T19:45Z,6027,9726,Intercontinental Football Academy of New England,FA Euro New York,,
U19,Northeast,28049,2026-10-04T13:00Z,5704,5944,Blau Weiss Gottschee,New York SC,,
U19,Northeast,28055,2026-10-04T14:00Z,6071,6023,Cedar Stars Academy Bergen,Seacoast United,,
U19,Northeast,28061,2026-10-04T17:00Z,9705,5826,Ironbound Soccer Club,Metropolitan Oval,,
U19,Northeast,28067,2026-10-04T22:00Z,9739,5660,The Island FC West,FC Westchester,,
U19,Northeast,26726,2026-10-10T16:30Z,6071,6107,Cedar Stars Academy Bergen,TSF Academy,,
U19,Northeast,26937,2026-10-11T18:00Z,9726,5765,FA Euro New York,FC Greater Boston Bolts,,
U19,Northeast,28339,2026-10-11T23:00Z,5746,5660,Bayside FC,FC Westchester,,
U19,Northeast,28353,2026-10-17T19:00Z,5765,5826,FC Greater Boston Bolts,Metropolitan Oval,,
U19,Northeast,28370,2026-10-17T19:00Z,10503,9723,Valeo Futbol Club,Downtown United Soccer Club,,
U19,Northeast,28364,2026-10-17T22:00Z,6107,6027,TSF Academy,Intercontinental Football Academy of New England,,
U19,Northeast,28618,2026-10-18T15:30Z,6023,5660,Seacoast United,FC Westchester,,
U19,Northeast,28601,2026-10-18T17:00Z,9705,6071,Ironbound Soccer Club,Cedar Stars Academy Bergen,,
U19,Northeast,28609,2026-10-18T17:00Z,6101,5826,NEFC,Metropolitan Oval,,
U19,Northeast,28587,2026-10-18T19:00Z,9719,6027,Connecticut United FC,Intercontinental Football Academy of New England,,
U19,Northeast,28595,2026-10-18T19:00Z,5765,9723,FC Greater Boston Bolts,Downtown United Soccer Club,,
U19,Northeast,28843,2026-10-24T14:00Z,9739,6071,The Island FC West,Cedar Stars Academy Bergen,,
U19,Northeast,29095,2026-10-24T17:00Z,6101,9719,NEFC,Connecticut United FC,,
U19,Northeast,28870,2026-10-24T22:00Z,10472,10503,The Island FC East,Valeo Futbol Club,,
U19,Northeast,28851,2026-10-24T23:45Z,5826,6023,Metropolitan Oval,Seacoast United,,
U19,Northeast,29075,2026-10-25T16:15Z,6071,5704,Cedar Stars Academy Bergen,Blau Weiss Gottschee,,
U19,Northeast,28857,2026-10-25T17:00Z,6101,9726,NEFC,FA Euro New York,,
U19,Northeast,29081,2026-10-25T17:00Z,9723,6023,Downtown United Soccer Club,Seacoast United,,
U19,Northeast,29089,2026-10-25T21:00Z,5826,10503,Metropolitan Oval,Valeo Futbol Club,,
U19,Northeast,29281,2026-10-31T17:00Z,9726,6107,FA Euro New York,TSF Academy,,
U19,Northeast,29480,2026-11-01T14:00Z,10503,5660,Valeo Futbol Club,FC Westchester,,
U19,Northeast,29474,2026-11-01T18:30Z,6023,5765,Seacoast United,FC Greater Boston Bolts,,
U19,Northeast,29456,2026-11-01T19:00Z,9719,6071,Connecticut United FC,Cedar Stars Academy Bergen,,
U19,Northeast,29468,2026-11-01T22:00Z,5944,6189,New York SC,Beachside of Connecticut,,
U19,Northeast,29462,2026-11-02T01:00Z,6027,9705,Intercontinental Football Academy of New England,Ironbound Soccer Club,,
U19,Northeast,26707,2026-11-07T16:45Z,6189,9739,Beachside of Connecticut,The Island FC West,,
U19,Northeast,29669,2026-11-07T20:00Z,9719,5746,Connecticut United FC,Bayside FC,,
U19,Northeast,29678,2026-11-07T20:00Z,5765,6101,FC Greater Boston Bolts,NEFC,,
U19,Northeast,29887,2026-11-08T14:00Z,5704,9739,Blau Weiss Gottschee,The Island FC West,,
U19,Northeast,29902,2026-11-08T15:00Z,6107,5944,TSF Academy,New York SC,,
U19,Northeast,29895,2026-11-08T18:00Z,9705,5746,Ironbound Soccer Club,Bayside FC,,
U19,Northeast,30126,2026-11-14T23:00Z,6107,9723,TSF Academy,Downtown United Soccer Club,,
U19,Northeast,30372,2026-11-15T14:00Z,5704,9705,Blau Weiss Gottschee,Ironbound Soccer Club,,
U19,Northeast,30364,2026-11-15T16:00Z,5746,6027,Bayside FC,Intercontinental Football Academy of New England,,
U19,Northeast,30380,2026-11-15T18:15Z,5944,5765,New York SC,FC Greater Boston Bolts,,
U19,Northeast,30386,2026-11-15T23:00Z,6107,10472,TSF Academy,The Island FC East,,
U19,Northeast,30625,2026-11-21T14:00Z,10503,5704,Valeo Futbol Club,Blau Weiss Gottschee,,
U19,Northeast,30592,2026-11-21T20:00Z,9719,9705,Connecticut United FC,Ironbound Soccer Club,,
U19,Northeast,30600,2026-11-21T23:00Z,9739,6027,The Island FC West,Intercontinental Football Academy of New England,,
U19,Northeast,30616,2026-11-21T23:00Z,10472,6071,The Island FC East,Cedar Stars Academy Bergen,,
U19,Northeast,30606,2026-11-22T00:00Z,6101,5746,NEFC,Bayside FC,,
U19,Northeast,30858,2026-11-22T14:00Z,10503,5944,Valeo Futbol Club,New York SC,,
U19,Northeast,30840,2026-11-22T20:00Z,9726,9723,FA Euro New York,Downtown United Soccer Club,,
U19,Northeast,30852,2026-11-22T23:00Z,10472,5660,The Island FC East,FC Westchester,,
U19,Northeast,32171,2027-02-20,9723,6101,Downtown United Soccer Club,NEFC,,
U19,Northeast,32177,2027-02-20,5765,6071,FC Greater Boston Bolts,Cedar Stars Academy Bergen,,
U19,Northeast,32183,2027-02-20,5660,9726,FC Westchester,FA Euro New York,,
U19,Northeast,32189,2027-02-20,6027,6189,Intercontinental Football Academy of New England,Beachside of Connecticut,,
U19,Northeast,32206,2027-02-20,6023,9719,Seacoast United,Connecticut United FC,,
U19,Northeast,26949,2027-02-20T23:00Z,9739,10472,The Island FC West,The Island FC East,,
U19,Northeast,32401,2027-02-21,5765,6189,FC Greater Boston Bolts,Beachside of Connecticut,,
U19,Northeast,32407,2027-02-21,6027,6071,Intercontinental Football Academy of New England,Cedar Stars Academy Bergen,,
U19,Northeast,32419,2027-02-21,9739,6101,The Island FC West,NEFC,,
U19,Northeast,32413,2027-02-21T22:00Z,9705,10503,Ironbound Soccer Club,Valeo Futbol Club,,
U19,Northeast,32620,2027-02-27,6027,5765,Intercontinental Football Academy of New England,FC Greater Boston Bolts,,
U19,Northeast,32631,2027-02-27,5944,5826,New York SC,Metropolitan Oval,,
U19,Northeast,32637,2027-02-27,6023,9739,Seacoast United,The Island FC West,,
U19,Northeast,32826,2027-02-28,6189,9719,Beachside of Connecticut,Connecticut United FC,,
U19,Northeast,32832,2027-02-28,6071,5660,Cedar Stars Academy Bergen,FC Westchester,,
U19,Northeast,32849,2027-02-28,10503,9739,Valeo Futbol Club,The Island FC West,,
U19,Northeast,33060,2027-03-06,5704,6107,Blau Weiss Gottschee,TSF Academy,,
U19,Northeast,33066,2027-03-06,6071,9726,Cedar Stars Academy Bergen,FA Euro New York,,
U19,Northeast,33074,2027-03-06,9705,9723,Ironbound Soccer Club,Downtown United Soccer Club,,
U19,Northeast,33263,2027-03-07,5660,6189,FC Westchester,Beachside of Connecticut,,
U19,Northeast,33269,2027-03-07,9739,6107,The Island FC West,TSF Academy,,
U19,Northeast,33277,2027-03-07,6101,6027,NEFC,Intercontinental Football Academy of New England,,
U19,Northeast,33253,2027-03-07T14:00Z,5746,6023,Bayside FC,Seacoast United,,
U19,Northeast,33466,2027-03-13,6189,6101,Beachside of Connecticut,NEFC,,
U19,Northeast,33482,2027-03-13,6107,6023,TSF Academy,Seacoast United,,
U19,Northeast,33685,2027-03-14,9705,6023,Ironbound Soccer Club,Seacoast United,,
U19,Northeast,33693,2027-03-14,6107,6101,TSF Academy,NEFC,,
U19,Northeast,33699,2027-03-14,10503,5746,Valeo Futbol Club,Bayside FC,,
U19,Northeast,33892,2027-03-20,9726,5746,FA Euro New York,Bayside FC,,
U19,Northeast,34092,2027-03-21,9723,5704,Downtown United Soccer Club,Blau Weiss Gottschee,,
U19,Northeast,34100,2027-03-21,5765,10503,FC Greater Boston Bolts,Valeo Futbol Club,,
U19,Northeast,34108,2027-03-21,9739,9719,The Island FC West,Connecticut United FC,,
U19,Northeast,34114,2027-03-21,6101,10472,NEFC,The Island FC East,,
U19,Northeast,32195,2027-03-21T23:45Z,5826,5746,Metropolitan Oval,Bayside FC,,
U19,Northeast,34332,2027-03-27,9726,9705,FA Euro New York,Ironbound Soccer Club,,
U19,Northeast,34338,2027-03-27,5660,5704,FC Westchester,Blau Weiss Gottschee,,
U19,Northeast,34348,2027-03-27,6023,5944,Seacoast United,New York SC,,
U19,Northeast,34354,2027-03-27,6107,10503,TSF Academy,Valeo Futbol Club,,
U19,Northeast,34360,2027-03-27,10472,5826,The Island FC East,Metropolitan Oval,,
U19,Northeast,34623,2027-04-03,6189,6023,Beachside of Connecticut,Seacoast United,,
U19,Northeast,34629,2027-04-03,5704,9726,Blau Weiss Gottschee,FA Euro New York,,
U19,Northeast,34635,2027-04-03,5660,9719,FC Westchester,Connecticut United FC,,
U19,Northeast,34617,2027-04-03T13:00Z,5746,6107,Bayside FC,TSF Academy,,
U19,Northeast,34841,2027-04-03T23:45Z,5826,9739,Metropolitan Oval,The Island FC West,,
U19,Northeast,34823,2027-04-04,6071,6101,Cedar Stars Academy Bergen,NEFC,,
U19,Northeast,34829,2027-04-04,9723,10472,Downtown United Soccer Club,The Island FC East,,
U19,Northeast,34835,2027-04-04,5765,6107,FC Greater Boston Bolts,TSF Academy,,
U19,Northeast,34847,2027-04-04,5944,9705,New York SC,Ironbound Soccer Club,,
U19,Northeast,34855,2027-04-04,10503,6027,Valeo Futbol Club,Intercontinental Football Academy of New England,,
U19,Northeast,35048,2027-04-10,5704,5746,Blau Weiss Gottschee,Bayside FC,,
U19,Northeast,35056,2027-04-10,9723,6027,Downtown United Soccer Club,Intercontinental Football Academy of New England,,
U19,Northeast,35062,2027-04-10,5660,5765,FC Westchester,FC Greater Boston Bolts,,
U19,Northeast,35219,2027-04-11,5704,6027,Blau Weiss Gottschee,Intercontinental Football Academy of New England,,
U19,Northeast,35225,2027-04-11,6071,6189,Cedar Stars Academy Bergen,Beachside of Connecticut,,
U19,Northeast,35231,2027-04-11,9719,5765,Connecticut United FC,FC Greater Boston Bolts,,
U19,Northeast,35239,2027-04-11,9726,5826,FA Euro New York,Metropolitan Oval,,
U19,Northeast,35253,2027-04-11,9739,5944,The Island FC West,New York SC,,
U19,Northeast,35259,2027-04-11,6101,10503,NEFC,Valeo Futbol Club,,
U19,Northeast,35265,2027-04-11,10472,5746,The Island FC East,Bayside FC,,
U19,Northeast,35247,2027-04-11T17:00Z,9705,6107,Ironbound Soccer Club,TSF Academy,,
U19,Northeast,35466,2027-04-17,6189,10503,Beachside of Connecticut,Valeo Futbol Club,,
U19,Northeast,35475,2027-04-17,9719,9726,Connecticut United FC,FA Euro New York,,
U19,Northeast,35481,2027-04-17,5765,5746,FC Greater Boston Bolts,Bayside FC,,
U19,Northeast,35493,2027-04-17,6101,5704,NEFC,Blau Weiss Gottschee,,
U19,Northeast,35505,2027-04-17,6023,10472,Seacoast United,The Island FC East,,
U19,Northeast,35487,2027-04-17T17:00Z,9705,9739,Ironbound Soccer Club,The Island FC West,,
U19,Northeast,35726,2027-04-17T23:45Z,5826,5660,Metropolitan Oval,FC Westchester,,
U19,Northeast,35702,2027-04-18,6189,9726,Beachside of Connecticut,FA Euro New York,,
U19,Northeast,35708,2027-04-18,6071,5944,Cedar Stars Academy Bergen,New York SC,,
U19,Northeast,35714,2027-04-18,9719,10503,Connecticut United FC,Valeo Futbol Club,,
U19,Northeast,35720,2027-04-18,6027,10472,Intercontinental Football Academy of New England,The Island FC East,,
U19,Northeast,35734,2027-04-18,6023,5704,Seacoast United,Blau Weiss Gottschee,,
U19,Northeast,35912,2027-04-24,5660,6027,FC Westchester,Intercontinental Football Academy of New England,,
U19,Northeast,35918,2027-04-24,9739,5765,The Island FC West,FC Greater Boston Bolts,,
U19,Northeast,35903,2027-04-24T22:45Z,5746,9723,Bayside FC,Downtown United Soccer Club,,
U19,Northeast,36097,2027-04-25,5746,6071,Bayside FC,Cedar Stars Academy Bergen,,
U19,Northeast,36103,2027-04-25,6189,9705,Beachside of Connecticut,Ironbound Soccer Club,,
U19,Northeast,36109,2027-04-25,5704,5765,Blau Weiss Gottschee,FC Greater Boston Bolts,,
U19,Northeast,36115,2027-04-25,9719,6107,Connecticut United FC,TSF Academy,,
U19,Northeast,36127,2027-04-25,5944,6027,New York SC,Intercontinental Football Academy of New England,,
U19,Northeast,36133,2027-04-25,6023,6101,Seacoast United,NEFC,,
U19,Northeast,36139,2027-04-25,10472,9726,The Island FC East,FA Euro New York,,
U19,Northeast,36412,2027-05-08,6189,5704,Beachside of Connecticut,Blau Weiss Gottschee,,
U19,Northeast,36421,2027-05-08,6071,10503,Cedar Stars Academy Bergen,Valeo Futbol Club,,
U19,Northeast,36429,2027-05-08,6027,6023,Intercontinental Football Academy of New England,Seacoast United,,
U19,Northeast,36441,2027-05-08,9739,9726,The Island FC West,FA Euro New York,,
U19,Northeast,36456,2027-05-08,5944,9719,New York SC,Connecticut United FC,,
U19,Northeast,36464,2027-05-08,10472,5765,The Island FC East,FC Greater Boston Bolts,,
U19,Northeast,36435,2027-05-08T17:00Z,9705,5660,Ironbound Soccer Club,FC Westchester,,
U19,Northeast,36447,2027-05-08T23:45Z,5826,6107,Metropolitan Oval,TSF Academy,,
U19,Northeast,36746,2027-05-15,9723,6071,Downtown United Soccer Club,Cedar Stars Academy Bergen,,
U19,Northeast,36752,2027-05-15,9726,5944,FA Euro New York,New York SC,,
U19,Northeast,36758,2027-05-15,5765,9705,FC Greater Boston Bolts,Ironbound Soccer Club,,
U19,Northeast,36764,2027-05-15,5826,6189,Metropolitan Oval,Beachside of Connecticut,,
U19,Northeast,36770,2027-05-15,10472,9719,The Island FC East,Connecticut United FC,,
U19,Northeast,36779,2027-05-15,10503,6023,Valeo Futbol Club,Seacoast United,,
U19,Northeast,36868,2027-05-16,5704,9719,Blau Weiss Gottschee,Connecticut United FC,,
U19,Northeast,36874,2027-05-16,9723,5944,Downtown United Soccer Club,New York SC,,
U19,Northeast,36882,2027-05-16,5826,6071,Metropolitan Oval,Cedar Stars Academy Bergen,,
U19,Northeast,36888,2027-05-16,6101,9705,NEFC,Ironbound Soccer Club,,
U19,Northeast,36898,2027-05-16,6107,5660,TSF Academy,FC Westchester,,
U19,Northeast,36904,2027-05-16,10472,6189,The Island FC East,Beachside of Connecticut,,
U19,Northeast,36862,2027-05-16T22:45Z,5746,9739,Bayside FC,The Island FC West,,
U19,Northeast,27367,2027-06-08T12:00Z,9723,9719,Downtown United Soccer Club,Connecticut United FC,,
U19,Northeast,27575,2027-06-08T15:45Z,6189,6107,Beachside of Connecticut,TSF Academy,,
U19,Northeast,27583,2027-06-08T20:30Z,5660,5944,FC Westchester,New York SC,,
U19,Northeast (Pro Player Pathway),26952,2026-09-19T13:00Z,5917,7244,New England Revolution,Toronto FC,3,0
U19,Northeast (Pro Player Pathway),26955,2026-09-19T19:00Z,7228,7219,New York City FC,Philadelphia Union,0,7
U19,Northeast (Pro Player Pathway),27361,2026-09-26T13:00Z,7240,7375,D.C. United,CF Montreal,3,4
U19,Northeast (Pro Player Pathway),27823,2026-10-03T14:00Z,7219,7240,Philadelphia Union,D.C. United,,
U19,Northeast (Pro Player Pathway),28188,2026-10-10T14:00Z,5917,7228,New England Revolution,New York City FC,,
U19,Northeast (Pro Player Pathway),28191,2026-10-10T19:00Z,7244,7375,Toronto FC,CF Montreal,,
U19,Northeast (Pro Player Pathway),28344,2026-10-17T13:00Z,7375,7219,CF Montreal,Philadelphia Union,,
U19,Northeast (Pro Player Pathway),28347,2026-10-17T13:00Z,7240,7196,D.C. United,Red Bull New York,,
U19,Northeast (Pro Player Pathway),28358,2026-10-17T18:30Z,7228,7244,New York City FC,Toronto FC,,
U19,Northeast (Pro Player Pathway),28860,2026-10-24T14:00Z,7219,5917,Philadelphia Union,New England Revolution,,
U19,Northeast (Pro Player Pathway),29290,2026-10-31T12:30Z,5917,7240,New England Revolution,D.C. United,,
U19,Northeast (Pro Player Pathway),29293,2026-10-31T18:30Z,7228,7375,New York City FC,CF Montreal,,
U19,Northeast (Pro Player Pathway),29296,2026-11-01T20:00Z,7244,7196,Toronto FC,Red Bull New York,,
U19,Northeast (Pro Player Pathway),29672,2026-11-07T14:00Z,7240,7228,D.C. United,New York City FC,,
U19,Northeast (Pro Player Pathway),29685,2026-11-07T15:00Z,7219,7244,Philadelphia Union,Toronto FC,,
U19,Northeast (Pro Player Pathway),30107,2026-11-14T14:00Z,7375,5917,CF Montreal,New England Revolution,,
U19,Northeast (Pro Player Pathway),30116,2026-11-14T15:00Z,7196,7219,Red Bull New York,Philadelphia Union,,
U19,Northeast (Pro Player Pathway),30619,2026-11-21T19:00Z,7244,7240,Toronto FC,D.C. United,,
U19,Northeast (Pro Player Pathway),32165,2027-02-20,7240,7244,D.C. United,Toronto FC,,
U19,Northeast (Pro Player Pathway),32198,2027-02-20T15:00Z,7219,7196,Philadelphia Union,Red Bull New York,,
U19,Northeast (Pro Player Pathway),32614,2027-02-27,7240,7219,D.C. United,Philadelphia Union,,
U19,Northeast (Pro Player Pathway),32625,2027-02-27,7196,7375,Red Bull New York,CF Montreal,,
U19,Northeast (Pro Player Pathway),32640,2027-02-27,7244,7228,Toronto FC,New York City FC,,
U19,Northeast (Pro Player Pathway),33079,2027-03-06,5917,7375,New England Revolution,CF Montreal,,
U19,Northeast (Pro Player Pathway),33082,2027-03-06,7228,7196,New York City FC,Red Bull New York,,
U19,Northeast (Pro Player Pathway),33473,2027-03-13,7196,7240,Red Bull New York,D.C. United,,
U19,Northeast (Pro Player Pathway),33487,2027-03-13,7244,5917,Toronto FC,New England Revolution,,
U19,Northeast (Pro Player Pathway),33476,2027-03-13T15:00Z,7219,7228,Philadelphia Union,New York City FC,,
U19,Northeast (Pro Player Pathway),35067,2027-04-10,7228,7240,New York City FC,D.C. United,,
U19,Northeast (Pro Player Pathway),35070,2027-04-10,7196,7244,Red Bull New York,Toronto FC,,
U19,Northeast (Pro Player Pathway),35073,2027-04-10T14:00Z,7219,7375,Philadelphia Union,CF Montreal,,
U19,Northeast (Pro Player Pathway),35469,2027-04-17,7375,7244,CF Montreal,Toronto FC,,
U19,Northeast (Pro Player Pathway),35496,2027-04-17,5917,7219,New England Revolution,Philadelphia Union,,
U19,Northeast (Pro Player Pathway),35499,2027-04-17,7196,7228,Red Bull New York,New York City FC,,
U19,Northeast (Pro Player Pathway),35906,2027-04-24,7375,7196,CF Montreal,Red Bull New York,,
U19,Northeast (Pro Player Pathway),35921,2027-04-24,7228,5917,New York City FC,New England Revolution,,
U19,Northeast (Pro Player Pathway),36450,2027-05-08,5917,7196,New England Revolution,Red Bull New York,,
U19,Northeast (Pro Player Pathway),36415,2027-05-08T13:00Z,7375,7240,CF Montreal,D.C. United,,
U19,Northeast (Pro Player Pathway),36740,2027-05-15,7240,5917,D.C. United,New England Revolution,,
U19,Northeast (Pro Player Pathway),36773,2027-05-15,7244,7219,Toronto FC,Philadelphia Union,,
U19,Northeast (Pro Player Pathway),36737,2027-05-15T13:00Z,7375,7228,CF Montreal,New York City FC,,
U19,Northeast (Pro Player Pathway),27374,2027-06-08T14:00Z,7196,5917,Red Bull New York,New England Revolution,,
U19,Northwest,26148,2026-09-05T17:00Z,6212,9712,Silicon Valley Soccer Academy,ALBION SC Merced,1,0
U19,Northwest,26521,2026-09-12T16:00Z,5906,6212,Atletico Santa Rosa,Silicon Valley Soccer Academy,2,3
U19,Northwest,26982,2026-09-19T16:00Z,5966,5934,Ballistic United,De Anza Force,1,2
U19,Northwest,26988,2026-09-19T16:00Z,5734,5831,FC Bay Area Surf,Lamorinda Soccer Club,4,1
U19,Northwest,26994,2026-09-20T02:00Z,9748,5906,Modesto Ajax United,Atletico Santa Rosa,1,0
U19,Northwest,26533,2026-09-20T16:00Z,7193,5734,Sacramento Republic FC,FC Bay Area Surf,5,1
U19,Northwest,27406,2026-09-26T16:00Z,5893,9748,San Francisco Glens SC,Modesto Ajax United,4,0
U19,Northwest,27858,2026-10-03T16:00Z,5831,9712,Lamorinda Soccer Club,ALBION SC Merced,,
U19,Northwest,27878,2026-10-03T16:00Z,9762,6308,Woodside Soccer Club Crush,Sacramento United,,
U19,Northwest,27869,2026-10-03T18:00Z,5776,5893,The Town FC Academy,San Francisco Glens SC,,
U19,Northwest,28391,2026-10-17T16:00Z,5831,5893,Lamorinda Soccer Club,San Francisco Glens SC,,
U19,Northwest,28397,2026-10-17T16:00Z,9748,5934,Modesto Ajax United,De Anza Force,,
U19,Northwest,28891,2026-10-24T15:30Z,5934,5893,De Anza Force,San Francisco Glens SC,,
U19,Northwest,28923,2026-10-24T16:00Z,9762,9748,Woodside Soccer Club Crush,Modesto Ajax United,,
U19,Northwest,29310,2026-10-31T16:00Z,9712,5776,ALBION SC Merced,The Town FC Academy,,
U19,Northwest,29316,2026-10-31T16:00Z,5966,6308,Ballistic United,Sacramento United,,
U19,Northwest,29328,2026-10-31T20:00Z,9748,7193,Modesto Ajax United,Sacramento Republic FC,,
U19,Northwest,29732,2026-11-07T17:00Z,7193,6212,Sacramento Republic FC,Silicon Valley Soccer Academy,,
U19,Northwest,30153,2026-11-14T17:00Z,7193,5966,Sacramento Republic FC,Ballistic United,,
U19,Northwest,30159,2026-11-14T17:00Z,6308,5831,Sacramento United,Lamorinda Soccer Club,,
U19,Northwest,30184,2026-11-14T17:00Z,9762,5734,Woodside Soccer Club Crush,FC Bay Area Surf,,
U19,Northwest,31095,2027-01-16,9748,5831,Modesto Ajax United,Lamorinda Soccer Club,,
U19,Northwest,31295,2027-01-23,5934,5831,De Anza Force,Lamorinda Soccer Club,,
U19,Northwest,31301,2027-01-23,5734,9748,FC Bay Area Surf,Modesto Ajax United,,
U19,Northwest,31322,2027-01-23,5776,5906,The Town FC Academy,Atletico Santa Rosa,,
U19,Northwest,31487,2027-01-30,5934,9762,De Anza Force,Woodside Soccer Club Crush,,
U19,Northwest,31493,2027-01-30T17:00Z,5831,7193,Lamorinda Soccer Club,Sacramento Republic FC,,
U19,Northwest,31665,2027-02-06,5734,5776,FC Bay Area Surf,The Town FC Academy,,
U19,Northwest,31883,2027-02-13,6212,5734,Silicon Valley Soccer Academy,FC Bay Area Surf,,
U19,Northwest,31894,2027-02-13T17:00Z,9762,9712,Woodside Soccer Club Crush,ALBION SC Merced,,
U19,Northwest,32221,2027-02-20,5966,5906,Ballistic United,Atletico Santa Rosa,,
U19,Northwest,32245,2027-02-20,6308,5893,Sacramento United,San Francisco Glens SC,,
U19,Northwest,32649,2027-02-27,9712,5734,ALBION SC Merced,FC Bay Area Surf,,
U19,Northwest,32655,2027-02-27,5906,9762,Atletico Santa Rosa,Woodside Soccer Club Crush,,
U19,Northwest,33130,2027-03-06T17:00Z,9762,5966,Woodside Soccer Club Crush,Ballistic United,,
U19,Northwest,33503,2027-03-13,5934,9712,De Anza Force,ALBION SC Merced,,
U19,Northwest,33517,2027-03-13,7193,9762,Sacramento Republic FC,Woodside Soccer Club Crush,,
U19,Northwest,33523,2027-03-13,6308,5776,Sacramento United,The Town FC Academy,,
U19,Northwest,33529,2027-03-13,5893,6212,San Francisco Glens SC,Silicon Valley Soccer Academy,,
U19,Northwest,33906,2027-03-20,9712,6308,ALBION SC Merced,Sacramento United,,
U19,Northwest,33912,2027-03-20,5906,7193,Atletico Santa Rosa,Sacramento Republic FC,,
U19,Northwest,33924,2027-03-20,6212,9748,Silicon Valley Soccer Academy,Modesto Ajax United,,
U19,Northwest,33930,2027-03-20,5776,5934,The Town FC Academy,De Anza Force,,
U19,Northwest,30990,2027-03-21,5893,5966,San Francisco Glens SC,Ballistic United,,
U19,Northwest,34382,2027-03-27,5966,5776,Ballistic United,The Town FC Academy,,
U19,Northwest,34388,2027-03-27,5734,5906,FC Bay Area Surf,Atletico Santa Rosa,,
U19,Northwest,34400,2027-03-27,5893,9712,San Francisco Glens SC,ALBION SC Merced,,
U19,Northwest,34406,2027-03-27,6212,6308,Silicon Valley Soccer Academy,Sacramento United,,
U19,Northwest,34643,2027-04-03,9712,5966,ALBION SC Merced,Ballistic United,,
U19,Northwest,34649,2027-04-03,5934,7193,De Anza Force,Sacramento Republic FC,,
U19,Northwest,34663,2027-04-03,6308,5906,Sacramento United,Atletico Santa Rosa,,
U19,Northwest,34669,2027-04-03,5893,5734,San Francisco Glens SC,FC Bay Area Surf,,
U19,Northwest,34675,2027-04-03,5776,6212,The Town FC Academy,Silicon Valley Soccer Academy,,
U19,Northwest,34655,2027-04-03T16:00Z,5831,9762,Lamorinda Soccer Club,Woodside Soccer Club Crush,,
U19,Northwest,35079,2027-04-10,5906,5831,Atletico Santa Rosa,Lamorinda Soccer Club,,
U19,Northwest,35085,2027-04-10,5734,5934,FC Bay Area Surf,De Anza Force,,
U19,Northwest,35091,2027-04-10,9748,6308,Modesto Ajax United,Sacramento United,,
U19,Northwest,35097,2027-04-10,7193,9712,Sacramento Republic FC,ALBION SC Merced,,
U19,Northwest,35105,2027-04-10,6212,5966,Silicon Valley Soccer Academy,Ballistic United,,
U19,Northwest,35111,2027-04-10T16:00Z,9762,5776,Woodside Soccer Club Crush,The Town FC Academy,,
U19,Northwest,35515,2027-04-17,5906,5934,Atletico Santa Rosa,De Anza Force,,
U19,Northwest,35521,2027-04-17,5966,9748,Ballistic United,Modesto Ajax United,,
U19,Northwest,35527,2027-04-17,5734,6308,FC Bay Area Surf,Sacramento United,,
U19,Northwest,35539,2027-04-17,5893,9762,San Francisco Glens SC,Woodside Soccer Club Crush,,
U19,Northwest,35545,2027-04-17,5776,7193,The Town FC Academy,Sacramento Republic FC,,
U19,Northwest,35533,2027-04-17T16:00Z,5831,6212,Lamorinda Soccer Club,Silicon Valley Soccer Academy,,
U19,Northwest,35929,2027-04-24,9712,9748,ALBION SC Merced,Modesto Ajax United,,
U19,Northwest,35935,2027-04-24,5906,5893,Atletico Santa Rosa,San Francisco Glens SC,,
U19,Northwest,35941,2027-04-24,5966,5734,Ballistic United,FC Bay Area Surf,,
U19,Northwest,35947,2027-04-24,5934,6212,De Anza Force,Silicon Valley Soccer Academy,,
U19,Northwest,35953,2027-04-24,6308,7193,Sacramento United,Sacramento Republic FC,,
U19,Northwest,35959,2027-04-24,5776,5831,The Town FC Academy,Lamorinda Soccer Club,,
U19,Northwest,36470,2027-05-08,9712,5906,ALBION SC Merced,Atletico Santa Rosa,,
U19,Northwest,36484,2027-05-08,9748,5776,Modesto Ajax United,The Town FC Academy,,
U19,Northwest,36490,2027-05-08,7193,5893,Sacramento Republic FC,San Francisco Glens SC,,
U19,Northwest,36496,2027-05-08,6308,5934,Sacramento United,De Anza Force,,
U19,Northwest,36502,2027-05-08,6212,9762,Silicon Valley Soccer Academy,Woodside Soccer Club Crush,,
U19,Northwest,36478,2027-05-08T16:00Z,5831,5966,Lamorinda Soccer Club,Ballistic United,,
U19,Southeast,36934,2026-09-19T17:00Z,9732,6275,Inter Atlanta FC,Triangle United Soccer Association,3,2
U19,Southeast,36908,2026-09-20T16:00Z,9709,6275,AFC Lightning,Triangle United Soccer Association,1,3
U19,Southeast,28936,2026-10-17T21:00Z,6324,5875,Southern Soccer Academy,Hoover-Vestavia Soccer,,
U19,Southeast,34697,2026-10-18T17:00Z,6065,6275,Queen City Mutiny FC,Triangle United Soccer Association,,
U19,Southeast,35445,2026-10-18T17:00Z,6324,6262,Southern Soccer Academy,Wake FC,,
U19,Southeast,29428,2026-10-25T18:00Z,9709,6065,AFC Lightning,Queen City Mutiny FC,,
U19,Southeast,29500,2026-10-31T13:00Z,9732,10506,Inter Atlanta FC,Carolina Core FC,,
U19,Southeast,29942,2026-11-07T15:00Z,8109,9732,Nashville United Soccer Academy (NUSA Next),Inter Atlanta FC,,
U19,Southeast,27452,2026-11-07T16:00Z,6275,6262,Triangle United Soccer Association,Wake FC,,
U19,Southeast,30699,2026-11-15T16:00Z,6065,5759,Queen City Mutiny FC,KSA,,
U19,Southeast,33656,2026-11-21T22:00Z,6262,9656,Wake FC,Charlotte Independence Soccer Club,,
U19,Southeast,35208,2027-02-07T14:00Z,6324,9656,Southern Soccer Academy,Charlotte Independence Soccer Club,,
U19,Southeast,32040,2027-02-13,10506,6324,Carolina Core FC,Southern Soccer Academy,,
U19,Southeast,32047,2027-02-13T18:00Z,6262,9732,Wake FC,Inter Atlanta FC,,
U19,Southeast,32274,2027-02-14,6275,6324,Triangle United Soccer Association,Southern Soccer Academy,,
U19,Southeast,32387,2027-02-20T15:00Z,8109,6262,Nashville United Soccer Academy (NUSA Next),Wake FC,,
U19,Southeast,32385,2027-02-20T18:00Z,9656,5875,Charlotte Independence Soccer Club,Hoover-Vestavia Soccer,,
U19,Southeast,32690,2027-02-21,5759,9709,KSA,AFC Lightning,,
U19,Southeast,32698,2027-02-21,6275,10506,Triangle United Soccer Association,Carolina Core FC,,
U19,Southeast,32695,2027-02-21T18:00Z,6324,6148,Southern Soccer Academy,Lanier Soccer Association,,
U19,Southeast,32806,2027-02-27,6148,5759,Lanier Soccer Association,KSA,,
U19,Southeast,32805,2027-02-27T18:00Z,5875,6275,Hoover-Vestavia Soccer,Triangle United Soccer Association,,
U19,Southeast,33037,2027-02-28,10506,6262,Carolina Core FC,Wake FC,,
U19,Southeast,33034,2027-02-28T18:00Z,9709,9732,AFC Lightning,Inter Atlanta FC,,
U19,Southeast,33244,2027-03-06T18:00Z,5875,6148,Hoover-Vestavia Soccer,Lanier Soccer Association,,
U19,Southeast,33245,2027-03-06T18:00Z,9732,6065,Inter Atlanta FC,Queen City Mutiny FC,,
U19,Southeast,36395,2027-03-07T18:00Z,5875,10506,Hoover-Vestavia Soccer,Carolina Core FC,,
U19,Southeast,33867,2027-03-13,6275,8109,Triangle United Soccer Association,Nashville United Soccer Academy (NUSA Next),,
U19,Southeast,33863,2027-03-13T16:00Z,9656,9732,Charlotte Independence Soccer Club,Inter Atlanta FC,,
U19,Southeast,33968,2027-03-14,10506,8109,Carolina Core FC,Nashville United Soccer Academy (NUSA Next),,
U19,Southeast,33970,2027-03-14,9656,6148,Charlotte Independence Soccer Club,Lanier Soccer Association,,
U19,Southeast,34157,2027-03-20,8109,9709,Nashville United Soccer Academy (NUSA Next),AFC Lightning,,
U19,Southeast,34156,2027-03-20T17:00Z,6148,10506,Lanier Soccer Association,Carolina Core FC,,
U19,Southeast,34320,2027-03-21T14:00Z,8109,9656,Nashville United Soccer Academy (NUSA Next),Charlotte Independence Soccer Club,,
U19,Southeast,34322,2027-03-21T19:00Z,6262,6065,Wake FC,Queen City Mutiny FC,,
U19,Southeast,34692,2027-03-27,5759,8109,KSA,Nashville United Soccer Academy (NUSA Next),,
U19,Southeast,34699,2027-03-27T17:00Z,6324,9709,Southern Soccer Academy,AFC Lightning,,
U19,Southeast,34804,2027-04-03,6275,5759,Triangle United Soccer Association,KSA,,
U19,Southeast,35035,2027-04-04,10506,5759,Carolina Core FC,KSA,,
U19,Southeast,35033,2027-04-04T17:00Z,9709,6148,AFC Lightning,Lanier Soccer Association,,
U19,Southeast,35038,2027-04-04T17:00Z,5875,9732,Hoover-Vestavia Soccer,Inter Atlanta FC,,
U19,Southeast,35204,2027-04-10,9732,6148,Inter Atlanta FC,Lanier Soccer Association,,
U19,Southeast,35205,2027-04-10,5759,6262,KSA,Wake FC,,
U19,Southeast,35206,2027-04-10T14:00Z,8109,5875,Nashville United Soccer Academy (NUSA Next),Hoover-Vestavia Soccer,,
U19,Southeast,35284,2027-04-11,6065,10506,Queen City Mutiny FC,Carolina Core FC,,
U19,Southeast,35443,2027-04-11,5759,9656,KSA,Charlotte Independence Soccer Club,,
U19,Southeast,35687,2027-04-17,10506,9709,Carolina Core FC,AFC Lightning,,
U19,Southeast,35567,2027-04-17T21:00Z,6148,6275,Lanier Soccer Association,Triangle United Soccer Association,,
U19,Southeast,35978,2027-04-18,5759,5875,KSA,Hoover-Vestavia Soccer,,
U19,Southeast,35986,2027-04-18T13:00Z,6262,9709,Wake FC,AFC Lightning,,
U19,Southeast,35976,2027-04-18T15:00Z,9656,6065,Charlotte Independence Soccer Club,Queen City Mutiny FC,,
U19,Southeast,35981,2027-04-18T15:00Z,6324,9732,Southern Soccer Academy,Inter Atlanta FC,,
U19,Southeast,35979,2027-04-18T17:00Z,6148,8109,Lanier Soccer Association,Nashville United Soccer Academy (NUSA Next),,
U19,Southeast,36142,2027-04-24T14:00Z,8109,6324,Nashville United Soccer Academy (NUSA Next),Southern Soccer Academy,,
U19,Southeast,36091,2027-04-24T17:00Z,9709,9656,AFC Lightning,Charlotte Independence Soccer Club,,
U19,Southeast,36141,2027-04-24T18:00Z,5875,6065,Hoover-Vestavia Soccer,Queen City Mutiny FC,,
U19,Southeast,36396,2027-04-25,9732,5759,Inter Atlanta FC,KSA,,
U19,Southeast,36397,2027-04-25T15:00Z,6148,6065,Lanier Soccer Association,Queen City Mutiny FC,,
U19,Southeast,36733,2027-05-08,6065,6324,Queen City Mutiny FC,Southern Soccer Academy,,
U19,Southeast,36729,2027-05-08T15:00Z,9656,6275,Charlotte Independence Soccer Club,Triangle United Soccer Association,,
U19,Southeast,36508,2027-05-08T19:00Z,9709,5875,AFC Lightning,Hoover-Vestavia Soccer,,
U19,Southeast,36786,2027-05-08T19:00Z,6262,6148,Wake FC,Lanier Soccer Association,,
U19,Southeast,36909,2027-05-15,6065,8109,Queen City Mutiny FC,Nashville United Soccer Academy (NUSA Next),,
U19,Southeast,36910,2027-05-15T19:00Z,6262,5875,Wake FC,Hoover-Vestavia Soccer,,
U19,Southeast,36935,2027-05-16,5759,6324,KSA,Southern Soccer Academy,,
U19,Southeast,36933,2027-05-16T17:00Z,9656,10506,Charlotte Independence Soccer Club,Carolina Core FC,,
U19,Southeast (Pro Player Pathway),27020,2026-09-19T13:00Z,2760,7241,Inter Miami CF,Atlanta United,1,1
U19,Southeast (Pro Player Pathway),27029,2026-09-19T13:00Z,7350,7263,Nashville SC,Charlotte FC,2,3
U19,Southeast (Pro Player Pathway),27032,2026-09-19T13:00Z,7237,7260,Orlando City SC,Houston Dynamo FC,2,0
U19,Southeast (Pro Player Pathway),27017,2026-09-19T18:00Z,5803,7373,FC Dallas,Austin FC,0,1
U19,Southeast (Pro Player Pathway),27427,2026-09-26T13:00Z,7263,5803,Charlotte FC,FC Dallas,4,0
U19,Southeast (Pro Player Pathway),27424,2026-09-26T14:00Z,7373,7237,Austin FC,Orlando City SC,2,1
U19,Southeast (Pro Player Pathway),27430,2026-09-26T14:00Z,7260,7241,Houston Dynamo FC,Atlanta United,0,4
U19,Southeast (Pro Player Pathway),27443,2026-09-26T15:00Z,7350,2760,Nashville SC,Inter Miami CF,3,0
U19,Southeast (Pro Player Pathway),28197,2026-10-10T14:00Z,7373,7350,Austin FC,Nashville SC,,
U19,Southeast (Pro Player Pathway),28201,2026-10-10T14:00Z,7263,7260,Charlotte FC,Houston Dynamo FC,,
U19,Southeast (Pro Player Pathway),28204,2026-10-10T14:00Z,5803,7241,FC Dallas,Atlanta United,,
U19,Southeast (Pro Player Pathway),28207,2026-10-10T14:00Z,7237,2760,Orlando City SC,Inter Miami CF,,
U19,Southeast (Pro Player Pathway),28431,2026-10-17T14:00Z,2760,7373,Inter Miami CF,Austin FC,,
U19,Southeast (Pro Player Pathway),28415,2026-10-17T16:00Z,7241,7263,Atlanta United,Charlotte FC,,
U19,Southeast (Pro Player Pathway),28428,2026-10-17T18:00Z,7260,5803,Houston Dynamo FC,FC Dallas,,
U19,Southeast (Pro Player Pathway),35570,2026-10-24T13:00Z,7237,7350,Orlando City SC,Nashville SC,,
U19,Southeast (Pro Player Pathway),29348,2026-10-31T13:00Z,7263,7237,Charlotte FC,Orlando City SC,,
U19,Southeast (Pro Player Pathway),36789,2026-10-31T14:00Z,7350,5803,Nashville SC,FC Dallas,,
U19,Southeast (Pro Player Pathway),29345,2026-10-31T15:00Z,7373,7241,Austin FC,Atlanta United,,
U19,Southeast (Pro Player Pathway),29754,2026-11-07T15:00Z,2760,7263,Inter Miami CF,Charlotte FC,,
U19,Southeast (Pro Player Pathway),29746,2026-11-07T17:00Z,7373,7260,Austin FC,Houston Dynamo FC,,
U19,Southeast (Pro Player Pathway),30206,2026-11-14T14:00Z,7237,5803,Orlando City SC,FC Dallas,,
U19,Southeast (Pro Player Pathway),30187,2026-11-14T15:00Z,7241,7350,Atlanta United,Nashville SC,,
U19,Southeast (Pro Player Pathway),30685,2026-11-21T15:00Z,7241,7237,Atlanta United,Orlando City SC,,
U19,Southeast (Pro Player Pathway),30688,2026-11-21T15:00Z,7263,7373,Charlotte FC,Austin FC,,
U19,Southeast (Pro Player Pathway),30712,2026-11-21T15:00Z,7350,7260,Nashville SC,Houston Dynamo FC,,
U19,Southeast (Pro Player Pathway),30691,2026-11-21T16:00Z,5803,2760,FC Dallas,Inter Miami CF,,
U19,Southeast (Pro Player Pathway),29358,2027-01-16T15:00Z,7260,2760,Houston Dynamo FC,Inter Miami CF,,
U19,Southeast (Pro Player Pathway),31328,2027-01-23,7260,7350,Houston Dynamo FC,Nashville SC,,
U19,Southeast (Pro Player Pathway),31331,2027-01-23,7237,7241,Orlando City SC,Atlanta United,,
U19,Southeast (Pro Player Pathway),31325,2027-01-23T16:00Z,5803,7263,FC Dallas,Charlotte FC,,
U19,Southeast (Pro Player Pathway),31510,2027-01-30,7373,7263,Austin FC,Charlotte FC,,
U19,Southeast (Pro Player Pathway),31513,2027-01-30T15:00Z,2760,7350,Inter Miami CF,Nashville SC,,
U19,Southeast (Pro Player Pathway),31706,2027-02-06,7237,7373,Orlando City SC,Austin FC,,
U19,Southeast (Pro Player Pathway),31700,2027-02-06T15:00Z,7263,2760,Charlotte FC,Inter Miami CF,,
U19,Southeast (Pro Player Pathway),31703,2027-02-06T16:00Z,7350,7241,Nashville SC,Atlanta United,,
U19,Southeast (Pro Player Pathway),31904,2027-02-13,7260,7237,Houston Dynamo FC,Orlando City SC,,
U19,Southeast (Pro Player Pathway),31897,2027-02-13T16:00Z,7241,5803,Atlanta United,FC Dallas,,
U19,Southeast (Pro Player Pathway),32259,2027-02-20,2760,7260,Inter Miami CF,Houston Dynamo FC,,
U19,Southeast (Pro Player Pathway),32714,2027-02-27T16:00Z,7350,7373,Nashville SC,Austin FC,,
U19,Southeast (Pro Player Pathway),33138,2027-03-06,7373,2760,Austin FC,Inter Miami CF,,
U19,Southeast (Pro Player Pathway),33141,2027-03-06,7260,7263,Houston Dynamo FC,Charlotte FC,,
U19,Southeast (Pro Player Pathway),33542,2027-03-13,5803,7237,FC Dallas,Orlando City SC,,
U19,Southeast (Pro Player Pathway),35114,2027-04-10,7241,7373,Atlanta United,Austin FC,,
U19,Southeast (Pro Player Pathway),35551,2027-04-17,7373,5803,Austin FC,FC Dallas,,
U19,Southeast (Pro Player Pathway),28945,2027-04-17T15:00Z,7350,7237,Nashville SC,Orlando City SC,,
U19,Southeast (Pro Player Pathway),35548,2027-04-17T16:00Z,7241,2760,Atlanta United,Inter Miami CF,,
U19,Southeast (Pro Player Pathway),35964,2027-04-24,7263,7350,Charlotte FC,Nashville SC,,
U19,Southeast (Pro Player Pathway),35971,2027-04-24,5803,7260,FC Dallas,Houston Dynamo FC,,
U19,Southeast (Pro Player Pathway),35984,2027-04-24T15:00Z,2760,7237,Inter Miami CF,Orlando City SC,,
U19,Southeast (Pro Player Pathway),36513,2027-05-08,7263,7241,Charlotte FC,Atlanta United,,
U19,Southeast (Pro Player Pathway),36519,2027-05-08,7260,7373,Houston Dynamo FC,Austin FC,,
U19,Southeast (Pro Player Pathway),36528,2027-05-08,2760,5803,Inter Miami CF,FC Dallas,,
U19,Southeast (Pro Player Pathway),36782,2027-05-15,7241,7260,Atlanta United,Houston Dynamo FC,,
U19,Southeast (Pro Player Pathway),36792,2027-05-15,7237,7263,Orlando City SC,Charlotte FC,,
U19,Southeast (Pro Player Pathway),29355,2027-05-15T14:00Z,5803,7350,FC Dallas,Nashville SC,,
U19,Southwest,26182,2026-09-05T16:00Z,6170,6176,FC Golden State Force,SC Del Sol,3,1
U19,Southwest,26801,2026-09-13T16:00Z,9745,6097,Los Angeles Sports Club,Barca Residency Academy,4,2
U19,Southwest,26788,2026-09-13T20:00Z,6044,5958,City SC - San Diego,LA Surf Soccer Club,5,4
U19,Southwest,27048,2026-09-19T16:00Z,6170,5869,FC Golden State Force,Phoenix Rising FC,3,4
U19,Southwest,27042,2026-09-19T21:45Z,5857,9742,City SC Southwest,Los Angeles Bulls Soccer Club,1,0
U19,Southwest,27054,2026-09-20T01:30Z,5958,6287,LA Surf Soccer Club,ALBION SC San Diego,2,3
U19,Southwest,27215,2026-09-20T15:00Z,6097,6044,Barca Residency Academy,City SC - San Diego,2,3
U19,Southwest,27221,2026-09-20T16:00Z,5675,6291,Chula Vista FC,Santa Barbara Soccer Club,1,0
U19,Southwest,27233,2026-09-20T16:00Z,6170,6287,FC Golden State Force,ALBION SC San Diego,2,3
U19,Southwest,27227,2026-09-20T19:30Z,5857,6050,City SC Southwest,Strikers FC,3,5
U19,Southwest,27241,2026-09-20T20:00Z,5958,5869,LA Surf Soccer Club,Phoenix Rising FC,3,1
U19,Southwest,27473,2026-09-26T15:30Z,9742,6176,Los Angeles Bulls Soccer Club,SC Del Sol,1,1
U19,Southwest,27461,2026-09-26T16:00Z,7272,6044,Albion SC Las Vegas,City SC - San Diego,2,3
U19,Southwest,27483,2026-09-26T16:00Z,6006,9745,RSL Arizona,Los Angeles Sports Club,1,4
U19,Southwest,27495,2026-09-26T16:00Z,6050,6097,Strikers FC,Barca Residency Academy,2,0
U19,Southwest,27489,2026-09-26T20:00Z,9758,5857,SoCal Reds FC,City SC Southwest,5,1
U19,Southwest,27665,2026-09-27T15:00Z,5869,9745,Phoenix Rising FC,Los Angeles Sports Club,0,2
U19,Southwest,27653,2026-09-27T15:30Z,9742,6097,Los Angeles Bulls Soccer Club,Barca Residency Academy,0,5
U19,Southwest,27639,2026-09-27T16:00Z,7272,6043,Albion SC Las Vegas,Albion SC Los Angeles,2,3
U19,Southwest,27645,2026-09-27T16:00Z,6287,6332,ALBION SC San Diego,Ventura County Fusion,0,1
U19,Southwest,27659,2026-09-27T16:00Z,5958,5857,LA Surf Soccer Club,City SC Southwest,3,2
U19,Southwest,27673,2026-09-27T16:00Z,9758,6176,SoCal Reds FC,SC Del Sol,3,0
U19,Southwest,27681,2026-09-27T16:00Z,5820,6170,Total Futbol Academy,FC Golden State Force,2,1
U19,Southwest,27912,2026-10-03T20:00Z,6287,6050,ALBION SC San Diego,Strikers FC,,
U19,Southwest,27922,2026-10-03T20:00Z,5869,7272,Phoenix Rising FC,Albion SC Las Vegas,,
U19,Southwest,28141,2026-10-04T16:00Z,5675,6050,Chula Vista FC,Strikers FC,,
U19,Southwest,28147,2026-10-04T16:00Z,6044,6006,City SC - San Diego,RSL Arizona,,
U19,Southwest,27467,2026-10-11T16:00Z,5675,6332,Chula Vista FC,Ventura County Fusion,,
U19,Southwest,28451,2026-10-17T16:00Z,9745,6176,Los Angeles Sports Club,SC Del Sol,,
U19,Southwest,28457,2026-10-17T16:00Z,5958,6006,LA Surf Soccer Club,RSL Arizona,,
U19,Southwest,28471,2026-10-17T16:00Z,6050,7272,Strikers FC,Albion SC Las Vegas,,
U19,Southwest,28477,2026-10-17T16:00Z,5820,5675,Total Futbol Academy,Chula Vista FC,,
U19,Southwest,28465,2026-10-17T18:00Z,6291,6044,Santa Barbara Soccer Club,City SC - San Diego,,
U19,Southwest,28668,2026-10-18T16:00Z,9745,7272,Los Angeles Sports Club,Albion SC Las Vegas,,
U19,Southwest,28674,2026-10-18T16:00Z,5958,5675,LA Surf Soccer Club,Chula Vista FC,,
U19,Southwest,28682,2026-10-18T16:00Z,6291,6176,Santa Barbara Soccer Club,SC Del Sol,,
U19,Southwest,28688,2026-10-18T16:00Z,6050,6006,Strikers FC,RSL Arizona,,
U19,Southwest,28694,2026-10-18T16:00Z,5820,6287,Total Futbol Academy,ALBION SC San Diego,,
U19,Southwest,28961,2026-10-24T20:00Z,7202,6170,Las Vegas Sports Academy,FC Golden State Force,,
U19,Southwest,29142,2026-10-25T16:00Z,7272,6170,Albion SC Las Vegas,FC Golden State Force,,
U19,Southwest,29368,2026-10-31T16:00Z,7202,5675,Las Vegas Sports Academy,Chula Vista FC,,
U19,Southwest,29382,2026-10-31T19:00Z,6176,6332,SC Del Sol,Ventura County Fusion,,
U19,Southwest,29528,2026-11-01T17:00Z,5869,6332,Phoenix Rising FC,Ventura County Fusion,,
U19,Southwest,29538,2026-11-01T17:00Z,9758,9745,SoCal Reds FC,Los Angeles Sports Club,,
U19,Southwest,29774,2026-11-07T16:30Z,9742,7272,Los Angeles Bulls Soccer Club,Albion SC Las Vegas,,
U19,Southwest,29784,2026-11-07T17:00Z,6291,7202,Santa Barbara Soccer Club,Las Vegas Sports Academy,,
U19,Southwest,29790,2026-11-07T17:00Z,5820,5869,Total Futbol Academy,Phoenix Rising FC,,
U19,Southwest,29796,2026-11-07T17:00Z,6332,6097,Ventura County Fusion,Barca Residency Academy,,
U19,Southwest,29960,2026-11-08T16:30Z,9742,5869,Los Angeles Bulls Soccer Club,Phoenix Rising FC,,
U19,Southwest,29954,2026-11-08T17:00Z,6044,9758,City SC - San Diego,SoCal Reds FC,,
U19,Southwest,29968,2026-11-08T17:00Z,6291,6097,Santa Barbara Soccer Club,Barca Residency Academy,,
U19,Southwest,29974,2026-11-08T17:00Z,5820,5857,Total Futbol Academy,City SC Southwest,,
U19,Southwest,29980,2026-11-08T17:00Z,6332,7202,Ventura County Fusion,Las Vegas Sports Academy,,
U19,Southwest,30230,2026-11-14T17:00Z,5675,7272,Chula Vista FC,Albion SC Las Vegas,,
U19,Southwest,30244,2026-11-14T18:00Z,9758,6287,SoCal Reds FC,ALBION SC San Diego,,
U19,Southwest,30440,2026-11-15T16:00Z,6176,7202,SC Del Sol,Las Vegas Sports Academy,,
U19,Southwest,30431,2026-11-15T18:30Z,5857,9745,City SC Southwest,Los Angeles Sports Club,,
U19,Southwest,30450,2026-11-16T02:30Z,6332,9742,Ventura County Fusion,Los Angeles Bulls Soccer Club,,
U19,Southwest,30425,2026-11-16T02:40Z,6043,6287,Albion SC Los Angeles,ALBION SC San Diego,,
U19,Southwest,30718,2026-11-21T16:00Z,6097,9758,Barca Residency Academy,SoCal Reds FC,,
U19,Southwest,30724,2026-11-21T17:00Z,5857,6176,City SC Southwest,SC Del Sol,,
U19,Southwest,30730,2026-11-21T17:00Z,7202,5958,Las Vegas Sports Academy,LA Surf Soccer Club,,
U19,Southwest,30742,2026-11-21T17:00Z,6006,5675,RSL Arizona,Chula Vista FC,,
U19,Southwest,30910,2026-11-22T17:00Z,7202,6287,Las Vegas Sports Academy,ALBION SC San Diego,,
U19,Southwest,30920,2026-11-22T17:00Z,6006,9758,RSL Arizona,SoCal Reds FC,,
U19,Southwest,30902,2026-11-22T21:00Z,7272,5958,Albion SC Las Vegas,LA Surf Soccer Club,,
U19,Southwest,31032,2027-01-10,6170,6291,FC Golden State Force,Santa Barbara Soccer Club,,
U19,Southwest,31044,2027-01-10,5820,6050,Total Futbol Academy,Strikers FC,,
U19,Southwest,31128,2027-01-16,6097,6170,Barca Residency Academy,FC Golden State Force,,
U19,Southwest,31143,2027-01-16,5869,6043,Phoenix Rising FC,Albion SC Los Angeles,,
U19,Southwest,31151,2027-01-16,6176,6044,SC Del Sol,City SC - San Diego,,
U19,Southwest,31178,2027-01-17,6097,6043,Barca Residency Academy,Albion SC Los Angeles,,
U19,Southwest,31195,2027-01-17,9745,6332,Los Angeles Sports Club,Ventura County Fusion,,
U19,Southwest,31201,2027-01-17,5869,6044,Phoenix Rising FC,City SC - San Diego,,
U19,Southwest,31207,2027-01-17,6006,6170,RSL Arizona,FC Golden State Force,,
U19,Southwest,31038,2027-01-17T17:00Z,5958,9758,LA Surf Soccer Club,SoCal Reds FC,,
U19,Southwest,31335,2027-01-23,6097,5958,Barca Residency Academy,LA Surf Soccer Club,,
U19,Southwest,31343,2027-01-23,6006,6291,RSL Arizona,Santa Barbara Soccer Club,,
U19,Southwest,31379,2027-01-24,6170,6332,FC Golden State Force,Ventura County Fusion,,
U19,Southwest,31385,2027-01-24,5869,6291,Phoenix Rising FC,Santa Barbara Soccer Club,,
U19,Southwest,31393,2027-01-24,6176,5958,SC Del Sol,LA Surf Soccer Club,,
U19,Southwest,31403,2027-01-24,5820,6043,Total Futbol Academy,Albion SC Los Angeles,,
U19,Southwest,31186,2027-01-24T19:00Z,7202,5857,Las Vegas Sports Academy,City SC Southwest,,
U19,Southwest,31519,2027-01-30,6287,7272,ALBION SC San Diego,Albion SC Las Vegas,,
U19,Southwest,31525,2027-01-30,6043,7202,Albion SC Los Angeles,Las Vegas Sports Academy,,
U19,Southwest,31537,2027-01-30,6050,6044,Strikers FC,City SC - San Diego,,
U19,Southwest,31543,2027-01-30,6332,6006,Ventura County Fusion,RSL Arizona,,
U19,Southwest,31573,2027-01-31,6043,6006,Albion SC Los Angeles,RSL Arizona,,
U19,Southwest,31579,2027-01-31,5857,7272,City SC Southwest,Albion SC Las Vegas,,
U19,Southwest,31585,2027-01-31,9742,6044,Los Angeles Bulls Soccer Club,City SC - San Diego,,
U19,Southwest,31595,2027-01-31,6050,7202,Strikers FC,Las Vegas Sports Academy,,
U19,Southwest,31719,2027-02-06,9758,5675,SoCal Reds FC,Chula Vista FC,,
U19,Southwest,31751,2027-02-07,9742,5820,Los Angeles Bulls Soccer Club,Total Futbol Academy,,
U19,Southwest,31757,2027-02-07,9745,6043,Los Angeles Sports Club,Albion SC Los Angeles,,
U19,Southwest,31767,2027-02-07,9758,5869,SoCal Reds FC,Phoenix Rising FC,,
U19,Southwest,32285,2027-02-20,6287,9745,ALBION SC San Diego,Los Angeles Sports Club,,
U19,Southwest,32293,2027-02-20,9742,6170,Los Angeles Bulls Soccer Club,FC Golden State Force,,
U19,Southwest,32303,2027-02-20,6176,6043,SC Del Sol,Albion SC Los Angeles,,
U19,Southwest,32309,2027-02-20,6050,5958,Strikers FC,LA Surf Soccer Club,,
U19,Southwest,32472,2027-02-21,5675,9745,Chula Vista FC,Los Angeles Sports Club,,
U19,Southwest,32483,2027-02-21,9758,6332,SoCal Reds FC,Ventura County Fusion,,
U19,Southwest,32489,2027-02-21,5820,6006,Total Futbol Academy,RSL Arizona,,
U19,Southwest,32898,2027-02-28,7272,6097,Albion SC Las Vegas,Barca Residency Academy,,
U19,Southwest,32904,2027-02-28,6287,6176,ALBION SC San Diego,SC Del Sol,,
U19,Southwest,32910,2027-02-28,6170,6050,FC Golden State Force,Strikers FC,,
U19,Southwest,32918,2027-02-28,9742,9758,Los Angeles Bulls Soccer Club,SoCal Reds FC,,
U19,Southwest,32924,2027-02-28,6291,6043,Santa Barbara Soccer Club,Albion SC Los Angeles,,
U19,Southwest,32930,2027-02-28,5820,9745,Total Futbol Academy,Los Angeles Sports Club,,
U19,Southwest,33158,2027-03-06,9745,6044,Los Angeles Sports Club,City SC - San Diego,,
U19,Southwest,33164,2027-03-06,6006,5857,RSL Arizona,City SC Southwest,,
U19,Southwest,33322,2027-03-07,6043,9742,Albion SC Los Angeles,Los Angeles Bulls Soccer Club,,
U19,Southwest,33332,2027-03-07,9745,7202,Los Angeles Sports Club,Las Vegas Sports Academy,,
U19,Southwest,33338,2027-03-07,5958,6170,LA Surf Soccer Club,FC Golden State Force,,
U19,Southwest,33348,2027-03-07,6291,6050,Santa Barbara Soccer Club,Strikers FC,,
U19,Southwest,33356,2027-03-07,6332,6044,Ventura County Fusion,City SC - San Diego,,
U19,Southwest,33551,2027-03-13,6043,5675,Albion SC Los Angeles,Chula Vista FC,,
U19,Southwest,33557,2027-03-13,6044,7202,City SC - San Diego,Las Vegas Sports Academy,,
U19,Southwest,33563,2027-03-13,6170,5857,FC Golden State Force,City SC Southwest,,
U19,Southwest,33571,2027-03-13,6006,9742,RSL Arizona,Los Angeles Bulls Soccer Club,,
U19,Southwest,33577,2027-03-13,6176,7272,SC Del Sol,Albion SC Las Vegas,,
U19,Southwest,33585,2027-03-13,6050,9758,Strikers FC,SoCal Reds FC,,
U19,Southwest,33591,2027-03-13,5820,6291,Total Futbol Academy,Santa Barbara Soccer Club,,
U19,Southwest,33749,2027-03-14,6287,5869,ALBION SC San Diego,Phoenix Rising FC,,
U19,Southwest,33755,2027-03-14,6043,5857,Albion SC Los Angeles,City SC Southwest,,
U19,Southwest,33761,2027-03-14,6170,5675,FC Golden State Force,Chula Vista FC,,
U19,Southwest,33978,2027-03-20,7272,5820,Albion SC Las Vegas,Total Futbol Academy,,
U19,Southwest,33992,2027-03-20,6176,6097,SC Del Sol,Barca Residency Academy,,
U19,Southwest,34170,2027-03-21,7202,5820,Las Vegas Sports Academy,Total Futbol Academy,,
U19,Southwest,34180,2027-03-21,6291,5958,Santa Barbara Soccer Club,LA Surf Soccer Club,,
U19,Southwest,34186,2027-03-21,6332,6043,Ventura County Fusion,Albion SC Los Angeles,,
U19,Southwest,34454,2027-03-27,5675,5857,Chula Vista FC,City SC Southwest,,
U19,Southwest,34460,2027-03-27,6044,6287,City SC - San Diego,ALBION SC San Diego,,
U19,Southwest,34468,2027-03-27,9742,5958,Los Angeles Bulls Soccer Club,LA Surf Soccer Club,,
U19,Southwest,34474,2027-03-27,9745,6291,Los Angeles Sports Club,Santa Barbara Soccer Club,,
U19,Southwest,34480,2027-03-27,5869,6097,Phoenix Rising FC,Barca Residency Academy,,
U19,Southwest,34486,2027-03-27,6176,6006,SC Del Sol,RSL Arizona,,
U19,Southwest,34494,2027-03-27,6332,5820,Ventura County Fusion,Total Futbol Academy,,
U19,Southwest,34715,2027-04-03,7272,9758,Albion SC Las Vegas,SoCal Reds FC,,
U19,Southwest,34721,2027-04-03,6287,9742,ALBION SC San Diego,Los Angeles Bulls Soccer Club,,
U19,Southwest,34725,2027-04-03,6097,5820,Barca Residency Academy,Total Futbol Academy,,
U19,Southwest,34731,2027-04-03,5675,5869,Chula Vista FC,Phoenix Rising FC,,
U19,Southwest,34737,2027-04-03,6044,6043,City SC - San Diego,Albion SC Los Angeles,,
U19,Southwest,34743,2027-04-03,5857,6291,City SC Southwest,Santa Barbara Soccer Club,,
U19,Southwest,34749,2027-04-03,7202,6006,Las Vegas Sports Academy,RSL Arizona,,
U19,Southwest,34760,2027-04-03,6332,5958,Ventura County Fusion,LA Surf Soccer Club,,
U19,Southwest,34893,2027-04-04,7272,6006,Albion SC Las Vegas,RSL Arizona,,
U19,Southwest,34899,2027-04-04,6287,6291,ALBION SC San Diego,Santa Barbara Soccer Club,,
U19,Southwest,34906,2027-04-04,5675,9742,Chula Vista FC,Los Angeles Bulls Soccer Club,,
U19,Southwest,34912,2027-04-04,6044,6170,City SC - San Diego,FC Golden State Force,,
U19,Southwest,34918,2027-04-04,5857,5869,City SC Southwest,Phoenix Rising FC,,
U19,Southwest,34924,2027-04-04,7202,9758,Las Vegas Sports Academy,SoCal Reds FC,,
U19,Southwest,34930,2027-04-04,9745,6050,Los Angeles Sports Club,Strikers FC,,
U19,Southwest,34938,2027-04-04,6176,5820,SC Del Sol,Total Futbol Academy,,
U19,Southwest,35139,2027-04-10,5869,7202,Phoenix Rising FC,Las Vegas Sports Academy,,
U19,Southwest,35145,2027-04-10,6332,7272,Ventura County Fusion,Albion SC Las Vegas,,
U19,Southwest,35296,2027-04-11,6287,5675,ALBION SC San Diego,Chula Vista FC,,
U19,Southwest,35302,2027-04-11,6043,9758,Albion SC Los Angeles,SoCal Reds FC,,
U19,Southwest,35306,2027-04-11,6097,7202,Barca Residency Academy,Las Vegas Sports Academy,,
U19,Southwest,35312,2027-04-11,6170,9745,FC Golden State Force,Los Angeles Sports Club,,
U19,Southwest,35318,2027-04-11,9742,6050,Los Angeles Bulls Soccer Club,Strikers FC,,
U19,Southwest,35328,2027-04-11,6291,7272,Santa Barbara Soccer Club,Albion SC Las Vegas,,
U19,Southwest,35583,2027-04-17,5675,6097,Chula Vista FC,Barca Residency Academy,,
U19,Southwest,35589,2027-04-17,6044,5820,City SC - San Diego,Total Futbol Academy,,
U19,Southwest,35595,2027-04-17,5857,6332,City SC Southwest,Ventura County Fusion,,
U19,Southwest,35603,2027-04-17,6291,9742,Santa Barbara Soccer Club,Los Angeles Bulls Soccer Club,,
U19,Southwest,35609,2027-04-17,9758,6170,SoCal Reds FC,FC Golden State Force,,
U19,Southwest,35615,2027-04-17,6050,6043,Strikers FC,Albion SC Los Angeles,,
U19,Southwest,35770,2027-04-18,5675,6176,Chula Vista FC,SC Del Sol,,
U19,Southwest,35778,2027-04-18,5857,6097,City SC Southwest,Barca Residency Academy,,
U19,Southwest,35787,2027-04-18,5958,9745,LA Surf Soccer Club,Los Angeles Sports Club,,
U19,Southwest,35793,2027-04-18,6006,5869,RSL Arizona,Phoenix Rising FC,,
U19,Southwest,36006,2027-04-24,5869,6050,Phoenix Rising FC,Strikers FC,,
U19,Southwest,36012,2027-04-24,6006,6287,RSL Arizona,ALBION SC San Diego,,
U19,Southwest,36168,2027-04-25,7272,7202,Albion SC Las Vegas,Las Vegas Sports Academy,,
U19,Southwest,36174,2027-04-25,6043,5958,Albion SC Los Angeles,LA Surf Soccer Club,,
U19,Southwest,36178,2027-04-25,6097,6287,Barca Residency Academy,ALBION SC San Diego,,
U19,Southwest,36184,2027-04-25,5857,6044,City SC Southwest,City SC - San Diego,,
U19,Southwest,36190,2027-04-25,9745,9742,Los Angeles Sports Club,Los Angeles Bulls Soccer Club,,
U19,Southwest,36198,2027-04-25,6176,6050,SC Del Sol,Strikers FC,,
U19,Southwest,36206,2027-04-25,6291,6332,Santa Barbara Soccer Club,Ventura County Fusion,,
U19,Southwest,36212,2027-04-25,9758,5820,SoCal Reds FC,Total Futbol Academy,,
U19,Southwest,36555,2027-05-08,6287,5857,ALBION SC San Diego,City SC Southwest,,
U19,Southwest,36561,2027-05-08,6043,6170,Albion SC Los Angeles,FC Golden State Force,,
U19,Southwest,36565,2027-05-08,6097,6006,Barca Residency Academy,RSL Arizona,,
U19,Southwest,36571,2027-05-08,6044,5675,City SC - San Diego,Chula Vista FC,,
U19,Southwest,36577,2027-05-08,7202,9742,Las Vegas Sports Academy,Los Angeles Bulls Soccer Club,,
U19,Southwest,36586,2027-05-08,5958,5820,LA Surf Soccer Club,Total Futbol Academy,,
U19,Southwest,36592,2027-05-08,5869,6176,Phoenix Rising FC,SC Del Sol,,
U19,Southwest,36600,2027-05-08,9758,6291,SoCal Reds FC,Santa Barbara Soccer Club,,
U19,Southwest,36606,2027-05-08,6050,6332,Strikers FC,Ventura County Fusion,,
U19,West (Pro Player Pathway),27081,2026-09-19T16:00Z,7250,7376,Real Salt Lake,Vancouver Whitecaps FC,2,0
U19,West (Pro Player Pathway),27085,2026-09-19T16:00Z,7209,7265,San Jose Earthquakes,Los Angeles Football Club,2,1
U19,West (Pro Player Pathway),27079,2026-09-19T20:00Z,7257,7231,Portland Timbers,Seattle Sounders FC,2,2
U19,West (Pro Player Pathway),27501,2026-09-26T16:00Z,7209,7257,San Jose Earthquakes,Portland Timbers,1,0
U19,West (Pro Player Pathway),27940,2026-10-03T16:00Z,7214,7209,LA Galaxy,San Jose Earthquakes,,
U19,West (Pro Player Pathway),27943,2026-10-03T16:00Z,7231,7265,Seattle Sounders FC,Los Angeles Football Club,,
U19,West (Pro Player Pathway),28215,2026-10-10T17:00Z,7265,7376,Los Angeles Football Club,Vancouver Whitecaps FC,,
U19,West (Pro Player Pathway),28218,2026-10-10T17:00Z,7231,7250,Seattle Sounders FC,Real Salt Lake,,
U19,West (Pro Player Pathway),28481,2026-10-17T16:00Z,7214,7257,LA Galaxy,Portland Timbers,,
U19,West (Pro Player Pathway),28485,2026-10-17T16:00Z,7209,7231,San Jose Earthquakes,Seattle Sounders FC,,
U19,West (Pro Player Pathway),28987,2026-10-24T16:00Z,7265,7214,Los Angeles Football Club,LA Galaxy,,
U19,West (Pro Player Pathway),28989,2026-10-24T17:00Z,7257,7376,Portland Timbers,Vancouver Whitecaps FC,,
U19,West (Pro Player Pathway),29394,2026-10-31T16:00Z,7209,7250,San Jose Earthquakes,Real Salt Lake,,
U19,West (Pro Player Pathway),29558,2026-11-01T18:00Z,7376,7231,Vancouver Whitecaps FC,Seattle Sounders FC,,
U19,West (Pro Player Pathway),29803,2026-11-07T17:00Z,7250,7214,Real Salt Lake,LA Galaxy,,
U19,West (Pro Player Pathway),29806,2026-11-07T18:00Z,7376,7209,Vancouver Whitecaps FC,San Jose Earthquakes,,
U19,West (Pro Player Pathway),30262,2026-11-14T17:00Z,7265,7257,Los Angeles Football Club,Portland Timbers,,
U19,West (Pro Player Pathway),30762,2026-11-21T17:00Z,7214,7231,LA Galaxy,Seattle Sounders FC,,
U19,West (Pro Player Pathway),30764,2026-11-21T18:00Z,7265,7250,Los Angeles Football Club,Real Salt Lake,,
U19,West (Pro Player Pathway),31357,2027-01-23,7257,7214,Portland Timbers,LA Galaxy,,
U19,West (Pro Player Pathway),31359,2027-01-23,7376,7265,Vancouver Whitecaps FC,Los Angeles Football Club,,
U19,West (Pro Player Pathway),31553,2027-01-30,7214,7376,LA Galaxy,Vancouver Whitecaps FC,,
U19,West (Pro Player Pathway),31556,2027-01-30,7265,7231,Los Angeles Football Club,Seattle Sounders FC,,
U19,West (Pro Player Pathway),31558,2027-01-30,7250,7257,Real Salt Lake,Portland Timbers,,
U19,West (Pro Player Pathway),31983,2027-02-13,7257,7209,Portland Timbers,San Jose Earthquakes,,
U19,West (Pro Player Pathway),32313,2027-02-20,7209,7376,San Jose Earthquakes,Vancouver Whitecaps FC,,
U19,West (Pro Player Pathway),32316,2027-02-20,7231,7214,Seattle Sounders FC,LA Galaxy,,
U19,West (Pro Player Pathway),32744,2027-02-27,7250,7231,Real Salt Lake,Seattle Sounders FC,,
U19,West (Pro Player Pathway),33173,2027-03-06,7376,7250,Vancouver Whitecaps FC,Real Salt Lake,,
U19,West (Pro Player Pathway),33596,2027-03-13,7257,7265,Portland Timbers,Los Angeles Football Club,,
U19,West (Pro Player Pathway),33599,2027-03-13,7231,7209,Seattle Sounders FC,San Jose Earthquakes,,
U19,West (Pro Player Pathway),35147,2027-04-10,7250,7209,Real Salt Lake,San Jose Earthquakes,,
U19,West (Pro Player Pathway),35151,2027-04-10,7231,7257,Seattle Sounders FC,Portland Timbers,,
U19,West (Pro Player Pathway),35617,2027-04-17,7214,7250,LA Galaxy,Real Salt Lake,,
U19,West (Pro Player Pathway),35620,2027-04-17,7265,7209,Los Angeles Football Club,San Jose Earthquakes,,
U19,West (Pro Player Pathway),35622,2027-04-17,7376,7257,Vancouver Whitecaps FC,Portland Timbers,,
U19,West (Pro Player Pathway),36015,2027-04-24,7214,7265,LA Galaxy,Los Angeles Football Club,,
U19,West (Pro Player Pathway),36609,2027-05-08,7257,7250,Portland Timbers,Real Salt Lake,,
U19,West (Pro Player Pathway),36612,2027-05-08,7209,7214,San Jose Earthquakes,LA Galaxy,,
U19,West (Pro Player Pathway),36614,2027-05-08,7231,7376,Seattle Sounders FC,Vancouver Whitecaps FC,,
U19,West (Pro Player Pathway),36802,2027-05-15,7250,7265,Real Salt Lake,Los Angeles Football Club,,
U19,West (Pro Player Pathway),36805,2027-05-15,7376,7214,Vancouver Whitecaps FC,LA Galaxy,,
